fishid,id,light_type,reading,rep,agecap,radcap,rad1,rad2,rad3,rad4,rad5,rad6,rad7,rad8,rad9,rad10,rad11,rad12,rad13,rad14,rad15,rad16,rad17,rad18,rad19,rad20,waterbody
NAR071718001,R-NAR071718001,R,CJF_1,1,12,1.15961758907294,0.24195177956201974,0.4177150985933383,0.5306504575921946,0.6345792689013963,0.7154203243131682,0.786969138698638,0.8441510515396842,0.9016186577173779,0.9486512495221806,1.0055474690265795,1.0675183490491005,1.1241288752168521,NA,NA,NA,NA,NA,NA,NA,NA,NAR
NAR071718001,R-NAR071718001,R,CJF_2,2,10,1.10323153299209,0.20251959962114857,0.3838981620804729,0.5585577382045501,0.6444210870442474,0.7181456634058507,0.7950067475618168,0.8816311891843424,0.9634854447602181,1.0323283423885412,1.0684295377865145,NA,NA,NA,NA,NA,NA,NA,NA,NA,NA,NAR
NAR071718001,R-NAR071718001,R,CJF_3,3,10,1.2377420099495875,0.3010360282905021,0.4935173350411014,0.7390809460162568,0.8138105815744303,0.8836691152733595,0.94387632093146,0.9897428480448096,1.057165830814116,1.093244716370146,1.1727545781099031,NA,NA,NA,NA,NA,NA,NA,NA,NA,NA,NAR
NAR071718002,R-NAR071718002,R,CJF_1,1,10,1.2415364260048607,0.3587685879178015,0.5549544278483567,0.6793226713682743,0.7750186296042891,0.8612179963905052,0.9305701894714402,0.9807010609846434,1.0764426469542845,1.1362069931181673,1.2079789617951782,NA,NA,NA,NA,NA,NA,NA,NA,NA,NA,NAR
NAR071718002,R-NAR071718002,R,CJF_2,2,9,1.1260867972522326,0.28237557873858815,0.4892181821848637,0.6534550143899259,0.7341918640659684,0.801351041866447,0.872493723285279,0.9506286357694559,1.0235596738699015,1.0855149772866481,NA,NA,NA,NA,NA,NA,NA,NA,NA,NA,NA,NAR
NAR071718002,R-NAR071718002,R,CJF_3,3,9,1.073933619096176,0.24110816936976087,0.4627411006511537,0.5780285204587572,0.6748986039364706,0.7243824098677606,0.764390787802975,0.8454654454318805,0.9228511532551805,1.0065477213651677,NA,NA,NA,NA,NA,NA,NA,NA,NA,NA,NA,NAR
NAR071718004,R-NAR071718004,R,CJF_1,1,19,1.853760001382838,0.4818916039031361,0.6453876315103478,0.7489542822825004,0.8480997057981883,0.9470406774387915,1.0177771468205812,1.0898233748915724,1.1594545374592466,1.2176237281355888,1.2808690254129966,1.339038216089339,1.3943419137928483,1.459347397228973,1.4950430715921683,1.578100844084975,1.6367204622308333,1.6873984808027935,1.7563747640258667,1.7995616104934444,NA,NAR
NAR071718004,R-NAR071718004,R,CJF_2,2,17,1.8623923954964692,0.4676797208711464,0.6092567899430869,0.7429639808359771,0.8464809594534541,0.937508206088757,1.037184265822374,1.1239139837647485,1.2010816689906756,1.3280202417339764,1.37916095867855,1.4432480174143663,1.491917644902278,1.5932858591732926,1.6750733982023442,1.7169744075406683,1.7576398721506612,1.808323979286168,NA,NA,NA,NAR
NAR071718004,R-NAR071718004,R,CJF_3,3,19,1.852478141780964,0.43757084311762784,0.6270712819966773,0.7427920333859112,0.8257280416315329,0.9182934304095707,0.9949675382257849,1.0622207645645139,1.1162125695461398,1.1996216375683697,1.2630343240274817,1.3298144905896019,1.384070856292907,1.4272226004672217,1.4961595668574539,1.5513620521139755,1.6321412605314853,1.6943432667157021,1.7553345926250226,1.809326397606649,NA,NAR
NAR071718005,R-NAR071718005,R,CJF_1,1,8,1.2526074513232235,0.4648194881503006,0.621475350377615,0.7974447137409156,0.8666651311877765,0.9604619051290414,1.073457423379517,1.1438910714555477,1.2302280424336067,NA,NA,NA,NA,NA,NA,NA,NA,NA,NA,NA,NA,NAR
NAR071718005,R-NAR071718005,R,CJF_2,2,8,1.1871873054237758,0.37299102946836676,0.5732593522556719,0.6991464179058695,0.786552046778,0.8749526446461455,0.9805547163757102,1.0764131625717992,1.1530801969144369,NA,NA,NA,NA,NA,NA,NA,NA,NA,NA,NA,NA,NAR
NAR071718005,R-NAR071718005,R,CJF_3,3,8,1.2387265513610612,0.4146922726849507,0.6031176209276805,0.7534558099987245,0.8456580365043919,0.9238428024634593,1.0338934745382058,1.1136531949318644,1.1952334527323056,NA,NA,NA,NA,NA,NA,NA,NA,NA,NA,NA,NA,NAR
NAR071718006,R-NAR071718006,R,CJF_1,1,8,1.184597333532801,0.4426557659048236,0.5807684766276657,0.7145340846178533,0.7842528732863729,0.8785220537926101,0.9881097728351429,1.0759619782144039,1.1443559002687265,NA,NA,NA,NA,NA,NA,NA,NA,NA,NA,NA,NA,NAR
NAR071718006,R-NAR071718006,R,CJF_2,2,8,1.2183544926831809,0.438721512675888,0.6113895205470147,0.7321516487093375,0.8447667524664672,0.9395106417509359,1.0225156286827717,1.1141933619072255,1.172143378471519,NA,NA,NA,NA,NA,NA,NA,NA,NA,NA,NA,NA,NAR
NAR071718006,R-NAR071718006,R,CJF_3,3,8,1.1990175997604766,0.41985417418533855,0.5722584851534005,0.7120866636230604,0.8103478180320132,0.9011347875208375,0.9975720798115796,1.0701325940000845,1.1518002528978528,NA,NA,NA,NA,NA,NA,NA,NA,NA,NA,NA,NA,NAR
NAR071718007,R-NAR071718007,R,CJF_1,1,4,1.0291051572569039,0.3852111332270732,0.6757623485379856,0.8266619217200301,0.9625626265461468,NA,NA,NA,NA,NA,NA,NA,NA,NA,NA,NA,NA,NA,NA,NA,NA,NAR
NAR071718007,R-NAR071718007,R,CJF_2,2,4,1.0274518141090914,0.3688221563887112,0.6726091393688736,0.8375559372056869,0.9612299090325394,NA,NA,NA,NA,NA,NA,NA,NA,NA,NA,NA,NA,NA,NA,NA,NA,NAR
NAR071718007,R-NAR071718007,R,CJF_3,3,4,1.0008737056031354,0.3587176313590925,0.6393286485715376,0.805567517071152,0.9227670914564882,NA,NA,NA,NA,NA,NA,NA,NA,NA,NA,NA,NA,NA,NA,NA,NA,NAR
NAR071718008,R-NAR071718008,R,CJF_1,1,4,1.0587664631976939,0.4165409542387601,0.710627015428316,0.8899482761199614,1.0159851594869134,NA,NA,NA,NA,NA,NA,NA,NA,NA,NA,NA,NA,NA,NA,NA,NA,NAR
NAR071718008,R-NAR071718008,R,CJF_2,2,4,1.0467595851439684,0.4037442900585052,0.6898919529022947,0.856505358900764,0.9946775124442833,NA,NA,NA,NA,NA,NA,NA,NA,NA,NA,NA,NA,NA,NA,NA,NA,NAR
NAR071718008,R-NAR071718008,R,CJF_3,3,4,1.0385678310667017,0.37073099133188037,0.6693780466209815,0.8430237565433117,0.971219523029881,NA,NA,NA,NA,NA,NA,NA,NA,NA,NA,NA,NA,NA,NA,NA,NA,NAR
NAR071718009,R-NAR071718009,R,CJF_1,1,4,0.8878391082088162,0.3793708802577018,0.5939202985726395,0.7161880830348519,0.8315113990457237,NA,NA,NA,NA,NA,NA,NA,NA,NA,NA,NA,NA,NA,NA,NA,NA,NAR
NAR071718009,R-NAR071718009,R,CJF_2,2,3,0.8910515795490848,0.3597894450487419,0.7425843258858291,0.8382496537299693,NA,NA,NA,NA,NA,NA,NA,NA,NA,NA,NA,NA,NA,NA,NA,NA,NA,NAR
NAR071718009,R-NAR071718009,R,CJF_3,3,4,0.9533513310639153,0.4833783373554159,0.6571383696187464,0.7932877482455515,0.8899488604267323,NA,NA,NA,NA,NA,NA,NA,NA,NA,NA,NA,NA,NA,NA,NA,NA,NAR
NAR071718010,R-NAR071718010,R,CJF_1,1,12,1.6102521599242936,0.4392170760479353,0.6982088971139644,0.8184550997517628,0.9226721527615387,1.0315140597189225,1.1089014437470488,1.2024896068056146,1.2811121239149446,1.3370700986382344,1.400123193471539,1.4887708242052902,1.5501290586053933,NA,NA,NA,NA,NA,NA,NA,NA,NAR
NAR071718010,R-NAR071718010,R,CJF_2,2,12,1.6148967962955485,0.48431481478226934,0.7052468074154123,0.8066144582139089,0.8986517212351531,1.0216146422071544,1.1208503286195668,1.2056577585486965,1.2781688963806257,1.3379824769988962,1.4092270000795537,1.4787722335915345,1.566978242658019,NA,NA,NA,NA,NA,NA,NA,NA,NAR
NAR071718010,R-NAR071718010,R,CJF_3,3,12,1.6230817047945518,0.5313481770959894,0.7258772867329817,0.8379578269156045,0.9424881814771994,1.052241583704765,1.1428351360018323,1.2281969654776572,1.2903394663345384,1.3693146791668636,1.4192527184926045,1.516224212277901,1.5818487449120973,NA,NA,NA,NA,NA,NA,NA,NA,NAR
NAR071718011,R-NAR071718011,R,CJF_1,1,9,1.4982555057723639,0.455724708078009,0.6647320704533164,0.8302885845210999,0.961725401572721,1.071259076713938,1.1754013338585754,1.2558453059371937,1.340957847926359,1.4357689537796352,NA,NA,NA,NA,NA,NA,NA,NA,NA,NA,NA,NAR
NAR071718011,R-NAR071718011,R,CJF_2,2,9,1.5130200027293486,0.4635373489827552,0.6914617303537122,0.8511376097434062,0.9884301116270044,1.0751611396416205,1.2138548825301019,1.28939422179167,1.3750268803433088,1.4642575188257847,NA,NA,NA,NA,NA,NA,NA,NA,NA,NA,NA,NAR
NAR071718011,R-NAR071718011,R,CJF_3,3,9,1.5433946047961231,0.5173635940565685,0.7323045006755652,0.8800547070143441,1.0133112843971548,1.1154600298659516,1.2340496425985392,1.3192817770618601,1.4016151857339874,1.4984422233620824,NA,NA,NA,NA,NA,NA,NA,NA,NA,NA,NA,NAR
NAR071718012,R-NAR071718012,R,CJF_1,1,7,1.3814973044173546,0.5443833151821879,0.714560204955938,0.8668880834330864,0.9360115068110015,1.143381776944746,1.2430368351234111,1.3216188204949098,NA,NA,NA,NA,NA,NA,NA,NA,NA,NA,NA,NA,NA,NAR
NAR071718012,R-NAR071718012,R,CJF_2,2,8,1.3596605613099013,0.5448333711220165,0.7298661615300269,0.85616596482701,0.9590894115251173,1.0530316492031,1.1516775684792753,1.2369226999213065,1.321741677187078,NA,NA,NA,NA,NA,NA,NA,NA,NA,NA,NA,NA,NAR
NAR071718012,R-NAR071718012,R,CJF_3,3,9,1.291344454908086,0.48716576903913544,0.5581948894412673,0.66837806810522,0.8040338771545081,0.9021362358807213,0.9865571667304514,1.080292127783761,1.1586002443073997,1.2519007792173809,NA,NA,NA,NA,NA,NA,NA,NA,NA,NA,NA,NAR
NAR071718013,R-NAR071718013,R,CJF_1,1,7,1.3719510125537062,0.4365093080367782,0.7931008623724825,0.9226635829206912,1.035735468270821,1.1339678776249549,1.2396794084632812,1.3051676813660371,NA,NA,NA,NA,NA,NA,NA,NA,NA,NA,NA,NA,NA,NAR
NAR071718013,R-NAR071718013,R,CJF_2,2,7,1.2747714236415857,0.37021051663818,0.743141445331214,0.8285464479115985,0.9411555710405178,1.0421898530659686,1.147971766317072,1.2083045864824482,NA,NA,NA,NA,NA,NA,NA,NA,NA,NA,NA,NA,NA,NAR
NAR071718013,R-NAR071718013,R,CJF_3,3,7,1.2854078610471835,0.3591979930705026,0.7104726638859085,0.8232373800867002,0.938891924834882,1.044879767699442,1.1521632921602825,1.2078231931238306,NA,NA,NA,NA,NA,NA,NA,NA,NA,NA,NA,NA,NA,NAR
NAR071718014,R-NAR071718014,R,CJF_1,1,9,1.4150538045754122,0.34302285856782583,0.5579624150353419,0.7914037280091311,0.968229633524667,1.0353846813559413,1.1207735494228135,1.2152346715623725,1.2841250419646562,1.373916068932536,NA,NA,NA,NA,NA,NA,NA,NA,NA,NA,NA,NAR
NAR071718014,R-NAR071718014,R,CJF_2,2,10,1.412460194949433,0.3375407091044298,0.5459185422614491,0.7633320835244394,0.8743229335979223,0.9459578292215645,1.0279834698091939,1.1023284391488708,1.2012716784143938,1.2802854163000337,1.3654235692516383,NA,NA,NA,NA,NA,NA,NA,NA,NA,NA,NAR
NAR071718014,R-NAR071718014,R,CJF_3,3,10,1.4052249487433286,0.3774608094275121,0.5502710397332892,0.7564170606346747,0.8777219336753421,0.970177341459351,1.0474789845013468,1.1066110608738409,1.1960257483621708,1.2945625967375354,1.376425320223049,NA,NA,NA,NA,NA,NA,NA,NA,NA,NA,NAR
NAR071718015,R-NAR071718015,R,CJF_1,1,12,1.633281395175233,0.45703902894196546,0.7058916138349913,0.8308145229075986,0.9396392550240902,1.0200749265884532,1.1686415828171133,1.2481392343455051,1.3153183956697758,1.396705890574165,1.4771415621385282,1.5424446833908554,1.5973191578150598,NA,NA,NA,NA,NA,NA,NA,NA,NAR
NAR071718015,R-NAR071718015,R,CJF_2,2,11,1.5714610587224838,0.43303221715076007,0.6483067350174356,0.8067302671485893,0.9262104691457127,1.0025928458652513,1.1077469233811805,1.1750560204659704,1.2776074647304894,1.3511007261869876,1.4321629837297156,1.5030536119348032,NA,NA,NA,NA,NA,NA,NA,NA,NA,NAR
NAR071718015,R-NAR071718015,R,CJF_3,3,10,1.4675148875812882,0.33035881664617345,0.5604322919364675,0.6897825675907676,0.8616657907563472,0.9800544358227409,1.08284615980357,1.1815008350947294,1.2535365751845453,1.3491262425148944,1.4135824512019872,NA,NA,NA,NA,NA,NA,NA,NA,NA,NA,NAR
NAR071718016,R-NAR071718016,R,CJF_1,1,12,1.4404367570601646,0.26656794211640616,0.5401120191294504,0.6835596097223451,0.8003504061035991,0.9164946227304728,0.9869479655850838,1.0720001579873513,1.1373716910746163,1.1691102950536032,1.2585977174688359,1.3195340205431356,1.406803827951886,NA,NA,NA,NA,NA,NA,NA,NA,NAR
NAR071718016,R-NAR071718016,R,CJF_2,2,12,1.4754198430452927,0.27402112762244574,0.5631209012212388,0.705749474966855,0.8135651721886799,0.943095492237071,1.0114982699165371,1.0797273475927907,1.161054678966269,1.207569133815956,1.279348979145874,1.3771516318670283,1.4336791312173858,NA,NA,NA,NA,NA,NA,NA,NA,NAR
NAR071718016,R-NAR071718016,R,CJF_3,3,11,1.457837256485655,0.2789287678159332,0.5289154258752813,0.6718982640391741,0.7937703766675106,0.9171053746784898,0.9968947954363943,1.0817285888507229,1.176386302341509,1.263742282084051,1.3322448973828562,1.4122991433771532,NA,NA,NA,NA,NA,NA,NA,NA,NA,NAR
NAR071718017,R-NAR071718017,R,CJF_1,1,4,1.048263379925214,0.5623721379574812,0.740809699720336,0.8984153670771644,0.9973118403584967,NA,NA,NA,NA,NA,NA,NA,NA,NA,NA,NA,NA,NA,NA,NA,NA,NAR
NAR071718017,R-NAR071718017,R,CJF_2,2,3,0.9979957529455794,0.4877770399926491,0.7864601478482403,0.9543003600517269,NA,NA,NA,NA,NA,NA,NA,NA,NA,NA,NA,NA,NA,NA,NA,NA,NA,NAR
NAR071718017,R-NAR071718017,R,CJF_3,3,4,0.9913369672129057,0.5001308278271452,0.7531702715318516,0.9109575917448366,0.9675213372719935,NA,NA,NA,NA,NA,NA,NA,NA,NA,NA,NA,NA,NA,NA,NA,NA,NAR
NAR071718018,R-NAR071718018,R,CJF_1,1,6,1.1238715888983346,0.4290091755187357,0.6413462422901381,0.8008149945669952,0.9244236729506523,0.9818429816194328,1.0467366381444803,NA,NA,NA,NA,NA,NA,NA,NA,NA,NA,NA,NA,NA,NA,NAR
NAR071718018,R-NAR071718018,R,CJF_2,2,5,1.1823303705992663,0.4658729781879091,0.6903116375047361,0.8533025658896141,0.9953781155024629,1.1361368824321545,NA,NA,NA,NA,NA,NA,NA,NA,NA,NA,NA,NA,NA,NA,NA,NAR
NAR071718018,R-NAR071718018,R,CJF_3,3,6,1.1287847631554586,0.4412120234952045,0.6587004858192276,0.8011775545914799,0.9578723137035567,1.0083623518285734,1.0949791133516553,NA,NA,NA,NA,NA,NA,NA,NA,NA,NA,NA,NA,NA,NA,NAR
NAR071718019,R-NAR071718019,R,CJF_1,1,8,1.1499318084843932,0.29412550282520833,0.5875942867536093,0.6940550427029538,0.7857080935553654,0.8810630706820104,0.9555199279568707,1.006570983346023,1.0838938728838086,NA,NA,NA,NA,NA,NA,NA,NA,NA,NA,NA,NA,NAR
NAR071718019,R-NAR071718019,R,CJF_2,2,8,1.1517107781094904,0.30827021023415024,0.5795540282741589,0.6939587740809803,0.7736855343039362,0.8505718047117197,0.9293073947292102,1.0147151345825114,1.0999898536345885,NA,NA,NA,NA,NA,NA,NA,NA,NA,NA,NA,NA,NAR
NAR071718019,R-NAR071718019,R,CJF_3,3,8,1.1523316209179002,0.29696395080582627,0.56894345255064,0.6713118423286588,0.7700540944242242,0.8716852896831137,0.9498064249192503,1.0130843296226044,1.0883165216954167,NA,NA,NA,NA,NA,NA,NA,NA,NA,NA,NA,NA,NAR
NAR071718020,R-NAR071718020,R,CJF_1,1,5,1.274028424851074,0.48329059645843647,0.7311134110972166,0.906339285452459,1.0628573054105785,1.2141685241846425,NA,NA,NA,NA,NA,NA,NA,NA,NA,NA,NA,NA,NA,NA,NA,NAR
NAR071718020,R-NAR071718020,R,CJF_2,2,5,1.2803530043960447,0.5580828527022175,0.7542027405688938,0.9362336016330326,1.087755373230003,1.2310198327639332,NA,NA,NA,NA,NA,NA,NA,NA,NA,NA,NA,NA,NA,NA,NA,NAR
NAR071718020,R-NAR071718020,R,CJF_3,3,5,1.3125069378339065,0.5365891280037645,0.7759160474203961,0.9269205664843704,1.0826719150891608,1.2574246811351841,NA,NA,NA,NA,NA,NA,NA,NA,NA,NA,NA,NA,NA,NA,NA,NAR
NAR071718021,R-NAR071718021,R,CJF_1,1,11,1.5534201925085562,0.3621518245292418,0.5985417497379112,0.7637835452782751,0.9106689118556358,1.035519776702726,1.1221167695857808,1.2041246552280849,1.2924031896036365,1.3685959437494337,1.4210726546724621,1.5013989988222687,NA,NA,NA,NA,NA,NA,NA,NA,NA,NAR
NAR071718021,R-NAR071718021,R,CJF_2,2,11,1.5461817291804727,0.3337846751015442,0.5935888997103729,0.7820790480658473,0.914894799799004,1.0434637249837386,1.1294284201106024,1.2090713060012146,1.2819658345636324,1.3482088669706227,1.4325931097884235,1.5009111248832412,NA,NA,NA,NA,NA,NA,NA,NA,NA,NAR
NAR071718021,R-NAR071718021,R,CJF_3,3,11,1.5884084938988663,0.35951212712339475,0.6197117683444846,0.8018503570029322,0.9551899490245527,1.0801247314346833,1.162950834190827,1.2485594500506338,1.325229246061444,1.3925660351979219,1.455729054678903,1.5298134310987173,NA,NA,NA,NA,NA,NA,NA,NA,NA,NAR
NAR071718022,R-NAR071718022,R,CJF_1,1,8,1.3310647107325733,0.44026303518650167,0.6655323553662866,0.801515995888003,0.9042650562216353,0.9962434120148164,1.0888593229084969,1.1930259491762434,1.2816740737338126,NA,NA,NA,NA,NA,NA,NA,NA,NA,NA,NA,NA,NAR
NAR071718022,R-NAR071718022,R,CJF_2,2,8,1.3690445309569468,0.4720739734581601,0.6949388057461128,0.850349071293762,0.9477834454741996,1.0507290480016138,1.1371409654880993,1.2443859635098624,1.3240748197967447,NA,NA,NA,NA,NA,NA,NA,NA,NA,NA,NA,NA,NAR
NAR071718022,R-NAR071718022,R,CJF_3,3,8,1.3267108093696374,0.44989425657346116,0.6860052451707017,0.8124103498520308,0.9078753264169902,0.9889807501265533,1.0911254149976801,1.2048153827964025,1.2846323270465103,NA,NA,NA,NA,NA,NA,NA,NA,NA,NA,NA,NA,NAR
NAR071718025,R-NAR071718025,R,CJF_1,1,11,1.5152069241163428,0.6691287840667014,0.7882994269986521,0.8692663016730212,0.9493115219448649,1.024699536350666,1.1084803080860286,1.1615284144908464,1.2201553811642327,1.3150938734367321,1.3820891305129712,1.4677376779800932,NA,NA,NA,NA,NA,NA,NA,NA,NA,NAR
NAR071718025,R-NAR071718025,R,CJF_2,2,12,1.4876817723756455,0.5353743425802561,0.6724925100780531,0.7748481930368424,0.8488774978810009,0.9518739752894629,1.0183929247536452,1.0879178938316614,1.1480007368714673,1.2100153505695075,1.317949618250038,1.3891896307333251,1.4492724737731313,NA,NA,NA,NA,NA,NA,NA,NA,NAR
NAR071718025,R-NAR071718025,R,CJF_3,3,12,1.4344434365404077,0.3420873012727255,0.5948534542542703,0.7082872283459403,0.8021756084772962,0.8875486022123341,0.9635680024951625,1.045345287283309,1.1001428794940376,1.1678897741038687,1.2672931580172224,1.3248482521189504,1.3879183500026762,NA,NA,NA,NA,NA,NA,NA,NA,NAR
NAR071718026,R-NAR071718026,R,CJF_1,1,6,1.1587122052261807,0.501182982822615,0.6701153363392367,0.7900611925943457,0.9161944305066085,1.0003739552999669,1.1013349653408873,NA,NA,NA,NA,NA,NA,NA,NA,NA,NA,NA,NA,NA,NA,NAR
NAR071718026,R-NAR071718026,R,CJF_2,2,6,1.1339157701157132,0.4697763488134134,0.662503187610318,0.7670103415010021,0.8820578292941366,0.9829802426495319,1.074258507236298,NA,NA,NA,NA,NA,NA,NA,NA,NA,NA,NA,NA,NA,NA,NAR
NAR071718026,R-NAR071718026,R,CJF_3,3,6,1.164491875562798,0.47098091074868925,0.6697132364674659,0.7836889961822578,0.9025582545387152,0.9978909660644745,1.1059172936926052,NA,NA,NA,NA,NA,NA,NA,NA,NA,NA,NA,NA,NA,NA,NAR
NAR071718027,R-NAR071718027,R,CJF_1,1,10,1.3839356534959524,0.3589316598736004,0.5744450130753248,0.7083535517282633,0.8265833897182089,0.9394160814519218,0.995190165072014,1.0468516269294024,1.1181748870714274,1.2173851890234995,1.2888379733065847,NA,NA,NA,NA,NA,NA,NA,NA,NA,NA,NAR
NAR071718027,R-NAR071718027,R,CJF_2,2,11,1.3979898216640323,0.35282654734468316,0.571534662807357,0.7231482639995914,0.8264551588566759,0.9263001680896356,0.9942712907340718,1.0466862020058787,1.115303643962847,1.1859751883881433,1.2953292461194796,1.3626540494513848,NA,NA,NA,NA,NA,NA,NA,NA,NA,NAR
NAR071718027,R-NAR071718027,R,CJF_3,3,11,1.3644957704225087,0.3211801987616935,0.5518874564060745,0.6705166774569804,0.7927455966511334,0.8909650171958399,0.9677954128740706,1.0336037368961926,1.0892611783176365,1.1716566274763442,1.2574357041686113,1.3308824723132822,NA,NA,NA,NA,NA,NA,NA,NA,NA,NAR
NAR071918003,R-NAR071918003,R,CJF_1,1,3,0.8931705857641097,0.36001330435884854,0.639056203627449,0.8024308175712278,NA,NA,NA,NA,NA,NA,NA,NA,NA,NA,NA,NA,NA,NA,NA,NA,NA,NAR
NAR071918003,R-NAR071918003,R,CJF_2,2,3,0.8896370694675267,0.35170982637361875,0.6559714350562911,0.820986591404431,NA,NA,NA,NA,NA,NA,NA,NA,NA,NA,NA,NA,NA,NA,NA,NA,NA,NAR
NAR071918003,R-NAR071918003,R,CJF_3,3,4,0.9083859578151511,0.3495155891145276,0.5419501275606937,0.6452894898974564,0.8200472844547206,NA,NA,NA,NA,NA,NA,NA,NA,NA,NA,NA,NA,NA,NA,NA,NA,NAR
NAR071918004,R-NAR071918004,R,CJF_1,1,14,2.0480767443917163,0.6337600609628049,0.8353189173186321,0.9982482329138164,1.1239055767107464,1.2438884389441407,1.338192498220334,1.424085404943914,1.5195243605328133,1.6008776820055644,1.6697256109742382,1.7383508672932295,1.8165221724775413,1.915143144354881,1.9976313621403392,NA,NA,NA,NA,NA,NA,NAR
NAR071918004,R-NAR071918004,R,CJF_2,2,14,1.9529563912464565,0.6407687282090221,0.7694575136078987,0.9249774711916031,1.046163612487557,1.1407706843194334,1.2308024135544962,1.339270937943013,1.424087694373561,1.5086523480833585,1.581643220534922,1.6546340929864847,1.7394508494170327,1.8199443659715182,1.9111199308557842,NA,NA,NA,NA,NA,NA,NAR
NAR071918004,R-NAR071918004,R,CJF_3,3,14,1.9893528921130275,0.5636022226078535,0.7966988817359401,0.9568489892913954,1.0979752417731587,1.1951530058475046,1.2902940550061084,1.3831672489716325,1.477405510811033,1.5501209221063261,1.6237391207208214,1.6964545320161142,1.7872910110658962,1.873151272964991,1.9540135439232529,NA,NA,NA,NA,NA,NA,NAR
NAR071918005,R-NAR071918005,R,CJF_1,1,3,0.9693344580331558,0.5151108881802717,0.7237879791693699,0.9275639713596642,NA,NA,NA,NA,NA,NA,NA,NA,NA,NA,NA,NA,NA,NA,NA,NA,NA,NAR
NAR071918005,R-NAR071918005,R,CJF_2,2,2,0.9284706516643462,0.5908933372972817,0.8657285062619381,NA,NA,NA,NA,NA,NA,NA,NA,NA,NA,NA,NA,NA,NA,NA,NA,NA,NA,NAR
NAR071918005,R-NAR071918005,R,CJF_3,3,3,0.9868061320583015,0.41821708946819874,0.6777774995788377,0.9327014147850659,NA,NA,NA,NA,NA,NA,NA,NA,NA,NA,NA,NA,NA,NA,NA,NA,NA,NAR
NAR071918006,R-NAR071918006,R,CJF_1,1,4,1.1417132810656485,0.42943205468742746,0.7172324055841053,0.9067979524902932,1.0767757262595987,NA,NA,NA,NA,NA,NA,NA,NA,NA,NA,NA,NA,NA,NA,NA,NA,NAR
NAR071918006,R-NAR071918006,R,CJF_2,2,4,1.0760357907458735,0.319955705688094,0.6402283624424745,0.8295686200660635,1.0092820751581866,NA,NA,NA,NA,NA,NA,NA,NA,NA,NA,NA,NA,NA,NA,NA,NA,NAR
NAR071918006,R-NAR071918006,R,CJF_3,3,4,1.1708299981293964,0.46055543927293646,0.7595636746553187,0.9591008946429216,1.1234736647140096,NA,NA,NA,NA,NA,NA,NA,NA,NA,NA,NA,NA,NA,NA,NA,NA,NAR
NAR071918007,R-NAR071918007,R,CJF_1,1,8,1.2333929350136719,0.5057505557514294,0.6914859845217275,0.8107969417518254,0.9014358747317754,0.984370040662546,1.0628466437829192,1.127730161913284,1.1941546334534852,NA,NA,NA,NA,NA,NA,NA,NA,NA,NA,NA,NA,NAR
NAR071918007,R-NAR071918007,R,CJF_2,2,8,1.1245915359161585,0.40143446108767217,0.5788598231020161,0.6949399948449926,0.791530177948642,0.8630907808828742,0.9362451337241456,1.0125869863794943,1.0873350891278042,NA,NA,NA,NA,NA,NA,NA,NA,NA,NA,NA,NA,NAR
NAR071918007,R-NAR071918007,R,CJF_3,3,8,1.191853256568849,0.48787143514738474,0.6605151815157224,0.7719308646501918,0.8633330897777126,0.932390588325048,1.0087057325057434,1.0851352346224596,1.1543070911058164,NA,NA,NA,NA,NA,NA,NA,NA,NA,NA,NA,NA,NAR
NAR071918008,R-NAR071918008,R,CJF_1,1,13,1.6748079023330795,0.5035099994082485,0.665435873309663,0.7861090674378763,0.9091342917730106,1.052213206968366,1.148097932771814,1.2459836398153017,1.3061139953452645,1.3862980417354485,1.4397540726622382,1.4924158545031536,1.5541347082048655,1.6288204450953363,NA,NA,NA,NA,NA,NA,NA,NAR
NAR071918008,R-NAR071918008,R,CJF_2,2,14,1.6062013315992651,0.40796075603683,0.5906408945419581,0.7121676222076151,0.8253845121564747,0.8999693077607916,0.9946672232045669,1.077900967570606,1.1564201905491427,1.210857909006189,1.2960928243671492,1.3536848761851341,1.3903837141503788,1.4700900568027437,1.5588523738773774,NA,NA,NA,NA,NA,NA,NAR
NAR071918008,R-NAR071918008,R,CJF_3,3,14,1.6760318503129037,0.4740406801466734,0.6428024356544331,0.7738554538171801,0.882770124037208,0.9722785217987212,1.06298464182195,1.1374471105213364,1.2166065535778856,1.291069022277273,1.3560436275726375,1.410669278163038,1.4613651310075204,1.5318978019609892,1.624568820857177,NA,NA,NA,NA,NA,NA,NAR
NAR071918009,R-NAR071918009,R,CJF_1,1,2,0.80140040352169994,0.48129543339329056,0.7142468597109557,NA,NA,NA,NA,NA,NA,NA,NA,NA,NA,NA,NA,NA,NA,NA,NA,NA,NA,NAR
NAR071918009,R-NAR071918009,R,CJF_2,2,2,0.8341644394237931,0.4884250490621048,0.7468734742062415,NA,NA,NA,NA,NA,NA,NA,NA,NA,NA,NA,NA,NA,NA,NA,NA,NA,NA,NAR
NAR071918009,R-NAR071918009,R,CJF_3,3,2,0.8502346389042396,0.48534719626482037,0.7337189831705132,NA,NA,NA,NA,NA,NA,NA,NA,NA,NA,NA,NA,NA,NA,NA,NA,NA,NA,NAR
NAR071918010,R-NAR071918010,R,CJF_1,1,8,1.3408992490461749,0.46183247057019966,0.6688351319540605,0.7784881850704766,0.9129000352019149,1.0059427078069814,1.102523046619183,1.1971042581347362,1.304758183954504,NA,NA,NA,NA,NA,NA,NA,NA,NA,NA,NA,NA,NAR
NAR071918010,R-NAR071918010,R,CJF_2,2,8,1.285220442497906,0.44788249758671134,0.6369327893615111,0.7381309652359064,0.8609586543576905,0.9582590540366936,1.0518309099259509,1.1548510495938071,1.2247175798337442,NA,NA,NA,NA,NA,NA,NA,NA,NA,NA,NA,NA,NAR
NAR071918010,R-NAR071918010,R,CJF_3,3,8,1.279088705153597,0.42032322267289984,0.6205095442651993,0.719686933884648,0.8587654824806972,0.9594866605425217,1.0545168251450026,1.1439609951753809,1.2347525672490018,NA,NA,NA,NA,NA,NA,NA,NA,NA,NA,NA,NA,NAR
NAR071918011,R-NAR071918011,R,CJF_1,1,20,1.737410106488369,0.2998209980311056,0.4455231548535622,0.5756842016777435,0.6637521109398281,0.7632600714203048,0.8316858119042296,0.9139264121439077,0.9864532114077166,1.0417126504307275,1.0889845387203927,1.1476964782284496,1.1859031238370843,1.2282108282256037,1.2748341582204314,1.343259898704357,1.4181615065055264,1.4865872469894512,1.5485371201561307,1.6281883450320236,1.7007151442958333,NAR
NAR071918011,R-NAR071918011,R,CJF_2,2,19,1.834393617436595,0.386417114058278,0.5665150173162833,0.6873174220887922,0.7774757037160015,0.8590070141335588,0.9311336394353269,1.0018265708417164,1.0685340066378999,1.1322523207264283,1.1851322558037887,1.234026695270944,1.276286911333551,1.3442093810286984,1.4467614694793527,1.5164580269831898,1.5631410586488286,1.6246479649358407,1.7019751197467794,1.775098118951098,NA,NAR
NAR071918011,R-NAR071918011,R,CJF_3,3,19,1.7329680764702529,0.30775945875705496,0.4493343968195106,0.5593451277460354,0.6463899041509602,0.7499379652854682,0.8285298335382949,0.898870059426329,0.9600641566631848,1.0309522585880664,1.0824523511368966,1.13862614090497,1.1818745910890092,1.2439631746122526,1.323997405188312,1.391106296180338,1.4767087102620293,1.5411341423948932,1.6161480655021718,1.6985191446878534,NA,NAR
NAR071918012,R-NAR071918012,R,CJF_1,1,2,0.9722829329326983,0.5559955889817672,0.9151334408199003,NA,NA,NA,NA,NA,NA,NA,NA,NA,NA,NA,NA,NA,NA,NA,NA,NA,NA,NAR
NAR071918012,R-NAR071918012,R,CJF_2,2,2,1.0258485182621981,0.5905564310427003,0.940777762207335,NA,NA,NA,NA,NA,NA,NA,NA,NA,NA,NA,NA,NA,NA,NA,NA,NA,NA,NAR
NAR071918012,R-NAR071918012,R,CJF_3,3,2,1.020859322373316,0.5693977020331906,0.9171915531734727,NA,NA,NA,NA,NA,NA,NA,NA,NA,NA,NA,NA,NA,NA,NA,NA,NA,NA,NAR
NAR071918013,R-NAR071918013,R,CJF_1,1,6,1.2334139995836524,0.26987830512023303,0.5849877813267101,0.7614231783692953,0.9261423377117086,1.0317504122197674,1.1521362579364145,NA,NA,NA,NA,NA,NA,NA,NA,NA,NA,NA,NA,NA,NA,NAR
NAR071918013,R-NAR071918013,R,CJF_2,2,6,1.2233843910943598,0.27008058855413464,0.565317518480138,0.7707337263575912,0.8952785883999724,1.0395774700947602,1.1422855740334867,NA,NA,NA,NA,NA,NA,NA,NA,NA,NA,NA,NA,NA,NA,NAR
NAR071918013,R-NAR071918013,R,CJF_3,3,6,1.2171393973730993,0.24437584250688507,0.5722846009445661,0.7692622918382017,0.8924873639725619,1.0231177646677367,1.1463428368020967,NA,NA,NA,NA,NA,NA,NA,NA,NA,NA,NA,NA,NA,NA,NAR
NAR071918014,R-NAR071918014,R,CJF_1,1,8,1.2364125132052095,0.41881752440617187,0.633232796459776,0.7448033679859044,0.8358954828571079,0.93134352292202,1.037242979329586,1.1252803383206988,1.1958799759257432,NA,NA,NA,NA,NA,NA,NA,NA,NA,NA,NA,NA,NAR
NAR071918014,R-NAR071918014,R,CJF_2,2,8,1.2955291294388331,0.4621506989599044,0.6758374760057835,0.8003913571522346,0.8964796820252922,0.9744965730863144,1.0808375708255535,1.1795792992122875,1.248489748569704,NA,NA,NA,NA,NA,NA,NA,NA,NA,NA,NA,NA,NAR
NAR071918014,R-NAR071918014,R,CJF_3,3,8,1.2181028103237808,0.3929696357871756,0.5902618977241143,0.7191478232178068,0.8214635643614412,0.9184948072432069,1.0208105483868415,1.0913454534389078,1.166137495708612,NA,NA,NA,NA,NA,NA,NA,NA,NA,NA,NA,NA,NAR
NAR071918015,R-NAR071918015,R,CJF_1,1,2,0.6647773747794754,0.39284186318897907,0.5701558984925126,NA,NA,NA,NA,NA,NA,NA,NA,NA,NA,NA,NA,NA,NA,NA,NA,NA,NA,NAR
NAR071918015,R-NAR071918015,R,CJF_2,2,2,0.6977556871390339,0.4296116326246954,0.6043130849022936,NA,NA,NA,NA,NA,NA,NA,NA,NA,NA,NA,NA,NA,NA,NA,NA,NA,NA,NAR
NAR071918015,R-NAR071918015,R,CJF_3,3,2,0.6766746810103368,0.4121087757945488,0.598178854556389,NA,NA,NA,NA,NA,NA,NA,NA,NA,NA,NA,NA,NA,NA,NA,NA,NA,NA,NAR
NAR071918016,R-NAR071918016,R,CJF_1,1,7,1.2779524679682535,0.4945411063789885,0.6926792091934316,0.8242917059890844,0.9288202259238358,1.0344482889558932,1.1206947095536288,1.213035163263703,NA,NA,NA,NA,NA,NA,NA,NA,NA,NA,NA,NA,NA,NAR
NAR071918016,R-NAR071918016,R,CJF_2,2,7,1.2806719999686451,0.49709909247624934,0.688489151487717,0.8316066980164618,0.937078484718951,1.0364664736197131,1.1253868578364457,1.2323199134997027,NA,NA,NA,NA,NA,NA,NA,NA,NA,NA,NA,NA,NA,NAR
NAR071918016,R-NAR071918016,R,CJF_3,3,7,1.224439573882298,0.4599961842428643,0.6362601791768419,0.7780313620924564,0.8804640363759335,0.9800458932055474,1.0765871091036385,1.1686622753432752,NA,NA,NA,NA,NA,NA,NA,NA,NA,NA,NA,NA,NA,NAR
NAR071918017,R-NAR071918017,R,CJF_1,1,2,0.7043355659645126,0.4761137907713463,0.6534859280162146,NA,NA,NA,NA,NA,NA,NA,NA,NA,NA,NA,NA,NA,NA,NA,NA,NA,NA,NAR
NAR071918017,R-NAR071918017,R,CJF_2,2,2,0.7083243819816369,0.46280890628657806,0.6417339647359761,NA,NA,NA,NA,NA,NA,NA,NA,NA,NA,NA,NA,NA,NA,NA,NA,NA,NA,NAR
NAR071918017,R-NAR071918017,R,CJF_3,3,2,0.7253648345058927,0.4758729151461094,0.6685695783077049,NA,NA,NA,NA,NA,NA,NA,NA,NA,NA,NA,NA,NA,NA,NA,NA,NA,NA,NAR
NAR071918018,R-NAR071918018,R,CJF_1,1,10,1.394696542224623,0.337454455398911,0.5607617129432548,0.7337502375746795,0.8400999924413626,0.9539749135390261,1.0250562679547506,1.0937801916665317,1.177917023278301,1.2671312917359836,1.3481855417677557,NA,NA,NA,NA,NA,NA,NA,NA,NA,NA,NAR
NAR071918018,R-NAR071918018,R,CJF_2,2,10,1.4434421544983136,0.35321298075993107,0.591470064374763,0.7763507557203777,0.8864930290368124,0.9829351705232764,1.0578943176459548,1.1304466528543011,1.2158162035186253,1.2954892139802925,1.3862348152640998,NA,NA,NA,NA,NA,NA,NA,NA,NA,NA,NAR
NAR071918018,R-NAR071918018,R,CJF_3,3,10,1.428771619069103,0.34501521645954347,0.5861652328486611,0.7625443499815079,0.8801520834733652,0.9841472159635493,1.047499444078349,1.1349796670740369,1.2146519060536947,1.2825200124324263,1.3700002354281144,NA,NA,NA,NA,NA,NA,NA,NA,NA,NA,NAR
NAR071918020,R-NAR071918020,R,CJF_1,1,5,1.12191206959278,0.38980335475117783,0.6108892909938597,0.7465256073261631,0.8455350614598558,0.9668518236754681,NA,NA,NA,NA,NA,NA,NA,NA,NA,NA,NA,NA,NA,NA,NA,NAR
NAR071918020,R-NAR071918020,R,CJF_2,2,6,1.1278888027401528,0.4059747460442564,0.6129267811728781,0.7649384179032047,0.8589164645308082,0.982608482531427,1.0866073823369775,NA,NA,NA,NA,NA,NA,NA,NA,NA,NA,NA,NA,NA,NA,NAR
NAR071918020,R-NAR071918020,R,CJF_3,3,6,1.125023868090395,0.38127361553614064,0.6445624926173801,0.7703639124451471,0.8681729862781481,0.9907164238378254,1.0820875024018337,NA,NA,NA,NA,NA,NA,NA,NA,NA,NA,NA,NA,NA,NA,NAR
NAR071918021,R-NAR071918021,R,CJF_1,1,10,1.651448934159163,0.39735014973823385,0.6934198169859882,0.8738922522699877,1.032739619780572,1.1531181890574498,1.2663247523646444,1.3866760591754312,1.4540509810165998,1.5142538968880837,1.5768202189500387,NA,NA,NA,NA,NA,NA,NA,NA,NA,NA,NAR
NAR071918021,R-NAR071918021,R,CJF_2,2,10,1.5788239763304823,0.3538177761529744,0.6626258846226206,0.8176490643224673,0.9743460154835152,1.102909078064841,1.198546083058987,1.3169056821603737,1.40233922367458,1.478188427173871,1.5406929994258296,NA,NA,NA,NA,NA,NA,NA,NA,NA,NA,NAR
NAR071918021,R-NAR071918021,R,CJF_3,3,10,1.6891129481310556,0.40425320772388823,0.7315185843222338,0.9287732611917383,1.0683699459294766,1.1910806486184577,1.2993334393061027,1.4100143000411678,1.4942231937185793,1.5784636611911869,1.6362005878109436,NA,NA,NA,NA,NA,NA,NA,NA,NA,NA,NAR
NAR071918022,R-NAR071918022,R,CJF_1,1,12,1.5260643600285952,0.4929874532785618,0.6360696074091554,0.7801068533886164,0.9101023239290746,1.0278321725824,1.1349385227545954,1.2041085816127655,1.2534894331109214,1.3040097102617016,1.3609141472327388,1.42648159532928,1.4892674943671937,NA,NA,NA,NA,NA,NA,NA,NA,NAR
NAR071918022,R-NAR071918022,R,CJF_2,2,13,1.5490497214798038,0.5027304444482136,0.6768107423824188,0.8052226090364318,0.9468216264429055,1.0863128776487323,1.1651110573955465,1.2153192550464784,1.2814708375894095,1.325950247382134,1.3659438479992758,1.414638790193294,1.4567401570110832,1.503057056230166,NA,NA,NA,NA,NA,NA,NA,NAR
NAR071918022,R-NAR071918022,R,CJF_3,3,12,1.5870569526850944,0.5394603220902731,0.7141805191865263,0.8347604319843697,0.9820148795676718,1.1282469773692136,1.2032921583063712,1.2706874738427727,1.3294772369414494,1.3924542087318534,1.4442208488477886,1.4989878755642136,1.5607780252633812,NA,NA,NA,NA,NA,NA,NA,NA,NAR
NAR071918023,R-NAR071918023,R,CJF_1,1,14,1.4742913135349132,0.4970502720833563,0.6329553537146717,0.7399216785517881,0.8028367057538156,0.8806070088192169,0.951078306441689,1.0137360686662005,1.0743896040389291,1.132524382604843,1.1808413989210131,1.2296729451922155,1.2903264805649441,1.3703582754596444,1.433016037684156,NA,NA,NA,NA,NA,NA,NAR
NAR071918023,R-NAR071918023,R,CJF_2,2,12,1.556036488798198,0.5432766732726385,0.6852916913183758,0.7990623485682163,0.8750629969028982,0.9545246071231652,1.032271742268449,1.1113047337199697,1.175572616620424,1.2198679422736245,1.3193341214767629,1.3771086993747932,1.4726532861879826,NA,NA,NA,NA,NA,NA,NA,NA,NAR
NAR071918023,R-NAR071918023,R,CJF_3,3,12,1.500189270667425,0.5224490931873282,0.652155101345026,0.7566449199824916,0.8474824485201431,0.9176545509041668,0.9857975088736091,1.048404754401563,1.1140260934189818,1.1698071938970285,1.2452687714538195,1.3474832084079826,1.4297709310146802,NA,NA,NA,NA,NA,NA,NA,NA,NAR
NAR071918024,R-NAR071918024,R,CJF_1,1,14,1.6802608987707746,0.44496110184954674,0.6185662018971574,0.7389996657082325,0.8517929280619426,0.9479492652585273,1.0374175702591262,1.1259337059983459,1.1955042250766623,1.268811689550825,1.3427615493213503,1.4155929291648233,1.4682884807706686,1.526553584645447,1.6032882205504382,NA,NA,NA,NA,NA,NA,NAR
NAR071918024,R-NAR071918024,R,CJF_2,2,14,1.6233610167188803,0.42948709397138884,0.5782620123940158,0.7089090843032342,0.8398297074456147,0.9184367915776749,0.9857139716388555,1.0852619855648216,1.1489054286460205,1.2249729807307441,1.2914295070924409,1.3581595846873,1.4234443351674657,1.5159208554177424,1.5772983176847657,NA,NA,NA,NA,NA,NA,NAR
NAR071918024,R-NAR071918024,R,CJF_3,3,13,1.6650848376870289,0.4322158829713899,0.6204466725972905,0.7413874014803863,0.8585110110431358,0.9704519698516552,1.0513392236658872,1.1364337486387175,1.2083212323783739,1.2681299308685245,1.3762115708256084,1.4574889764780927,1.5218950979650945,1.593197353947372,NA,NA,NA,NA,NA,NA,NA,NAR
NAR071918026,R-NAR071918026,R,CJF_1,1,4,1.1955761771442082,0.5503461746975569,0.7254786058078758,0.9964526911335446,1.1090903534413334,NA,NA,NA,NA,NA,NA,NA,NA,NA,NA,NA,NA,NA,NA,NA,NA,NAR
NAR071918026,R-NAR071918026,R,CJF_2,2,4,1.1163684414112514,0.47078595781820487,0.6666598348372975,0.9137721944426404,1.049320082005893,NA,NA,NA,NA,NA,NA,NA,NA,NA,NA,NA,NA,NA,NA,NA,NA,NAR
NAR071918026,R-NAR071918026,R,CJF_3,3,4,1.1770648139739064,0.530020521339874,0.7300125650020917,0.9994990653624438,1.1039713268839682,NA,NA,NA,NA,NA,NA,NA,NA,NA,NA,NA,NA,NA,NA,NA,NA,NAR
NAR071918027,R-NAR071918027,R,CJF_1,1,8,1.1159568811098162,0.41596076030112694,0.5342020426038057,0.6562542794502962,0.7579869737586546,0.8554871235835108,0.9215214755607913,0.981207010812817,1.0547199677167254,NA,NA,NA,NA,NA,NA,NA,NA,NA,NA,NA,NA,NAR
NAR071918027,R-NAR071918027,R,CJF_2,2,8,1.1335118593488327,0.41135560592810755,0.5441141807980914,0.6592937504579615,0.7703941451591085,0.8785426044500356,0.9582817391586733,1.0422400318037792,1.0925875025103966,NA,NA,NA,NA,NA,NA,NA,NA,NA,NA,NA,NA,NAR
NAR071918027,R-NAR071918027,R,CJF_3,3,8,1.0849509752257747,0.3954655344266041,0.5158080240220431,0.6047390795358111,0.718949285592112,0.8023270889126389,0.8901395919455672,0.9693327010156857,1.019640996638759,NA,NA,NA,NA,NA,NA,NA,NA,NA,NA,NA,NA,NAR
NAR071918030,R-NAR071918030,R,CJF_1,1,8,1.165870882380983,0.4305269934267201,0.5908193300889242,0.7227754691696611,0.7972467642423213,0.8902026332800524,0.9839709511629292,1.060549705769937,1.1373315725882307,NA,NA,NA,NA,NA,NA,NA,NA,NA,NA,NA,NA,NAR
NAR071918030,R-NAR071918030,R,CJF_2,2,8,1.197980964601726,0.4593266379967309,0.6229759118846345,0.7480176130834464,0.8371172457433309,0.9190861860341939,1.0102741094565966,1.087417103161323,1.157140797803206,NA,NA,NA,NA,NA,NA,NA,NA,NA,NA,NA,NA,NAR
NAR071918030,R-NAR071918030,R,CJF_3,3,8,1.2311981208599687,0.4774024997139534,0.6518770788095489,0.7802772811332985,0.8603599314833087,0.952455545827987,1.051758938569466,1.1148108825308873,1.197136708082791,NA,NA,NA,NA,NA,NA,NA,NA,NA,NA,NA,NA,NAR
NAR071918031,R-NAR071918031,R,CJF_1,1,5,1.0281158079208788,0.4406532592593903,0.6887654791843929,0.8210919964777271,0.8934548741959175,0.967763098940464,NA,NA,NA,NA,NA,NA,NA,NA,NA,NA,NA,NA,NA,NA,NA,NAR
NAR071918031,R-NAR071918031,R,CJF_2,2,5,0.9506699856186581,0.37207598814433684,0.6269514324993359,0.7425472891666722,0.8274033182620648,0.8978397971854066,NA,NA,NA,NA,NA,NA,NA,NA,NA,NA,NA,NA,NA,NA,NA,NAR
NAR071918031,R-NAR071918031,R,CJF_3,3,5,1.064300839757595,0.46851830071286066,0.7230223703229783,0.8474727263487902,0.9190334143132093,1.0067851562698524,NA,NA,NA,NA,NA,NA,NA,NA,NA,NA,NA,NA,NA,NA,NA,NAR
NAR071918032,R-NAR071918032,R,CJF_1,1,19,1.8878069371989254,0.3325248458796417,0.5090147826248913,0.6416606886679216,0.7243097134894327,0.81652076009872,0.9161070562131461,0.9874147532928559,1.0704712444429796,1.1531202692644902,1.2305808168635002,1.2875454812615452,1.4080351269055489,1.4454682813994284,1.5102156616312257,1.5671803260292707,1.625516830052728,1.7011980716977138,1.7712833697915842,1.8260612619069916,NA,NAR
NAR071918032,R-NAR071918032,R,CJF_2,2,19,1.965600985393438,0.3807055869418952,0.5699210638993173,0.7145601068190146,0.7957464482227041,0.892855220815757,0.9654064544399722,1.0588715653280807,1.1245988998711405,1.2048796369256707,1.2765146440465733,1.344516611616685,1.4373025192429238,1.5182624595593233,1.6083209319839302,1.650396331907313,1.6999748341737198,1.7684296039184115,1.8325615086962892,1.8989680465012182,NA,NAR
NAR071918032,R-NAR071918032,R,CJF_3,3,19,1.9371548353328971,0.3417448149931348,0.5293199410172691,0.6494833910169376,0.7689258541822871,0.8744293612372228,0.9551791914579058,1.0316031415681484,1.1199232722059709,1.204998982537095,1.2821439194816557,1.3560444361195183,1.4532566559229951,1.5028841536161515,1.5745015657264065,1.6316993638367023,1.691420595419377,1.7632783364744056,1.8366981952227217,1.8804376951121478,NA,NAR
NAR071918033,R-NAR071918033,R,CJF_1,1,17,1.9756847879964223,0.4582083259177063,0.5993493050460135,0.7444635655539507,0.8820787048161565,0.9587011616139306,1.0388494582778058,1.11357731954994,1.1937256162138155,1.3409185625757432,1.4608252416506156,1.528501423190548,1.6032292844626825,1.6934028297398083,1.7373185838587872,1.7908121450774874,1.8551465770796698,1.912613419678,NA,NA,NA,NAR
NAR071918033,R-NAR071918033,R,CJF_2,2,16,1.954197585041111,0.4593849521112243,0.6150256524404318,0.7590696348522687,0.8676328660894951,0.952578465949298,1.030544313415288,1.121912269186318,1.2089542540365614,1.3333069731720388,1.4482925603204913,1.534910349628055,1.6362028338686965,1.6894362569920898,1.7764782418423328,1.8492697273021774,1.895099202489078,NA,NA,NA,NA,NAR
NAR071918033,R-NAR071918033,R,CJF_3,3,19,1.98935485089903,0.4756908005836213,0.6250145088006547,0.7531093380044278,0.8982178037226305,0.9784713218870158,1.0566019521500756,1.1480082651223777,1.2383684007959275,1.3701706505010658,1.4812518431904103,1.5498142112455922,1.6242374210072863,1.6784473957506523,1.7299961272914048,1.8054655143518523,1.841077319980749,1.8830577893136244,1.9091013327346444,1.9425902504622155,NA,NAR
NAR071918034,R-NAR071918034,R,CJF_1,1,10,1.5444178803215562,0.5551541748801878,0.7510108327455856,0.8738347579913428,1.0015099642499228,1.0849679332156301,1.161475744617293,1.2668407928814622,1.3686890208278706,1.4351329330436773,1.4906650471459917,NA,NA,NA,NA,NA,NA,NA,NA,NA,NA,NAR
NAR071918034,R-NAR071918034,R,CJF_2,2,12,1.5846133045294777,0.6021111860129547,0.7905973901380315,0.904544781435871,0.9974098810819706,1.0799487898673377,1.1829074708839091,1.262457765346138,1.3092392294045778,1.3512065122680426,1.4218262728111009,1.4782360992594918,1.538297059451558,NA,NA,NA,NA,NA,NA,NA,NA,NAR
NAR071918034,R-NAR071918034,R,CJF_3,3,12,1.6529920634532405,0.6398842402808192,0.8321875535852652,0.9604825140176418,1.041023495158367,1.1014479143051494,1.2102575552850117,1.309652613336823,1.3476639329022169,1.4071041216543798,1.4522583976153631,1.4977407503745535,1.5734104016521497,NA,NA,NA,NA,NA,NA,NA,NA,NAR
NAR071918035,R-NAR071918035,R,CJF_1,1,2,0.7652162786780177,0.4253810642386253,0.6795403386547765,NA,NA,NA,NA,NA,NA,NA,NA,NA,NA,NA,NA,NA,NA,NA,NA,NA,NA,NAR
NAR071918035,R-NAR071918035,R,CJF_2,2,2,0.7719692351731604,0.4363506768457405,0.6759668827932697,NA,NA,NA,NA,NA,NA,NA,NA,NA,NA,NA,NA,NA,NA,NA,NA,NA,NA,NAR
NAR071918035,R-NAR071918035,R,CJF_3,3,2,0.8382612964663767,0.48685961176834697,0.748407398377642,NA,NA,NA,NA,NA,NA,NA,NA,NA,NA,NA,NA,NA,NA,NA,NA,NA,NA,NAR
NAR071918036,R-NAR071918036,R,CJF_1,1,7,1.147887707292063,0.42262459004962283,0.6356982256609156,0.7325270715416268,0.8316279207292954,0.9191501614289163,1.0172296851756333,1.0898799886392991,NA,NA,NA,NA,NA,NA,NA,NA,NA,NA,NA,NA,NA,NAR
NAR071918036,R-NAR071918036,R,CJF_2,2,7,1.256346757916552,0.49690695211492064,0.748673323386784,0.8265098920041767,0.9342583982350556,1.016382042056048,1.131596334088836,1.2318058629090283,NA,NA,NA,NA,NA,NA,NA,NA,NA,NA,NA,NA,NA,NAR
NAR071918036,R-NAR071918036,R,CJF_3,3,8,1.3109800695248996,0.5221593077822165,0.6880664992425176,0.8133157844262356,0.871745712831714,0.9883429559762682,1.0597509474404931,1.1717595558990619,1.261464796824989,NA,NA,NA,NA,NA,NA,NA,NA,NA,NA,NA,NA,NAR
