fishid,waterbody,reading,reader,rep,light_type,id,agecap,radcap,rad1,rad2,rad3,rad4,rad5,rad6,rad7,rad8,rad9,rad10,rad11,rad12,rad13,rad14,rad15,rad16,rad17,rad18
T052413WAL001,T05,CJF_1,CJF,1,H,HST052413WAL001,3,0.881357723172934,0.5343768635351047,0.7291731356124833,0.8667957067557321,NA,NA,NA,NA,NA,NA,NA,NA,NA,NA,NA,NA,NA,NA,NA
T052413WAL002,T05,CJF_1,CJF,1,H,HST052413WAL002,14,1.7313221558688872,0.48703888736980755,0.6418902795713974,0.7493722129432454,0.8369059225632995,0.9571308716475115,1.1080461797560879,1.2498210761720143,1.334752621992251,1.3661099411632125,1.4314267433049548,1.5075513575058404,1.5728681596475818,1.6274428265167533,1.7065030845907563,NA,NA,NA,NA
T052413WAL003,T05,CJF_1,CJF,1,H,HST052413WAL003,5,0.9940210081252188,0.4243169491992298,0.5980734301651414,0.7161988752405171,0.8696403264913447,0.9825349799539977,NA,NA,NA,NA,NA,NA,NA,NA,NA,NA,NA,NA,NA
T052413WAL004,T05,CJF_1,CJF,1,H,HST052413WAL004,7,1.3432549209425115,0.5366281956690361,0.7445110591666687,0.8965566371959864,1.0392890411860212,1.175701305770183,1.256359802420792,1.3308651947350552,NA,NA,NA,NA,NA,NA,NA,NA,NA,NA,NA
T052413WAL005,T05,CJF_1,CJF,1,H,HST052413WAL005,8,1.246299671968258,0.42865974762170755,0.6515138833989564,0.8187564289528074,0.9236883566457209,1.0019309938331926,1.0945166592592084,1.1727592964466793,1.2281346434292113,NA,NA,NA,NA,NA,NA,NA,NA,NA,NA
T052413WAL006,T05,CJF_1,CJF,1,H,HST052413WAL006,3,0.9046177398203594,0.5504808328481852,0.7425467451483345,0.8913904706961373,NA,NA,NA,NA,NA,NA,NA,NA,NA,NA,NA,NA,NA,NA,NA
T052413WAL007,T05,CJF_1,CJF,1,H,HST052413WAL007,3,0.951862344016212,0.49622624358394724,0.8173228674377013,0.9369825730110641,NA,NA,NA,NA,NA,NA,NA,NA,NA,NA,NA,NA,NA,NA,NA
T052413WAL008,T05,CJF_1,CJF,1,H,HST052413WAL008,7,1.0326934202301172,0.40258850372402866,0.5674838704456552,0.6583210666862802,0.7667841330475239,0.860875718748519,0.9405958237892665,1.0106660157499774,NA,NA,NA,NA,NA,NA,NA,NA,NA,NA,NA
T052413WAL009,T05,CJF_1,CJF,1,H,HST052413WAL009,4,0.9147352709331149,0.5544723940509774,0.6993752919170455,0.8166026298308974,0.905187922527298,NA,NA,NA,NA,NA,NA,NA,NA,NA,NA,NA,NA,NA,NA
T052413WAL010,T05,CJF_1,CJF,1,H,HST052413WAL010,7,1.1994821623430534,0.5742555393018002,0.7512109955963031,0.8687361244427878,0.9353710276078456,1.0286652825761282,1.1340480217975024,1.1873667254039522,NA,NA,NA,NA,NA,NA,NA,NA,NA,NA,NA
T052413WAL011,T05,CJF_1,CJF,1,H,HST052413WAL011,7,1.121298198613855,0.4016886685347738,0.5924645269330915,0.7086794078785128,0.7952072149014757,0.8750616071312811,0.9606694141434119,1.0840177098874069,NA,NA,NA,NA,NA,NA,NA,NA,NA,NA,NA
T052413WAL012,T05,CJF_1,CJF,1,H,HST052413WAL012,11,1.5518523937423083,0.4784726179769071,0.6923849295749361,0.8911940536900063,1.0001052803631272,1.1034942267583636,1.1927062595114437,1.2757101472977723,1.346297745150595,1.4078418153082326,1.4677737469361996,1.5349885825507004,NA,NA,NA,NA,NA,NA,NA
T052413WAL013,T05,CJF_1,CJF,1,H,HST052413WAL013,6,1.2839820653899998,0.6221741849218335,0.787621591919634,0.9395355477830976,1.0762562828125184,1.1934975997518047,1.2717618280338552,NA,NA,NA,NA,NA,NA,NA,NA,NA,NA,NA,NA
T052413WAL014,T05,CJF_1,CJF,1,H,HST052413WAL014,1,0.8062464715937855,0.789431457630551,NA,NA,NA,NA,NA,NA,NA,NA,NA,NA,NA,NA,NA,NA,NA,NA,NA
T052413WAL015,T05,CJF_1,CJF,1,H,HST052413WAL015,7,0.9900572757730219,0.39504774482518923,0.5484951686515246,0.6477715353739725,0.741486167321456,0.8380189046244338,0.9345144039593992,0.9872764083855395,NA,NA,NA,NA,NA,NA,NA,NA,NA,NA,NA
T052413WAL016,T05,CJF_1,CJF,1,H,HST052413WAL016,18,1.6036576309117432,0.37944658672343773,0.5156391919564599,0.6129901585553096,0.6713760515132777,0.7433812049945484,0.7861316944934793,0.8701102705824479,0.9634289513098288,1.0684741846314874,1.1404793381127578,1.2124844915940276,1.2825969371462738,1.3447682459622907,1.4090791327207528,1.4480442063616354,1.5044139563838688,1.5590144334837874,1.5862529545303918
T052413WAL017,T05,CJF_1,CJF,1,H,HST052413WAL017,7,1.1129268953073812,0.44759314554712964,0.5888172438762932,0.7261586891631938,0.8389921214680005,0.9468917603139962,1.0199707062079841,1.0964872120919433,NA,NA,NA,NA,NA,NA,NA,NA,NA,NA,NA
T052413WAL018,T05,CJF_1,CJF,1,H,HST052413WAL018,7,1.209082813717111,0.4830513428710079,0.6862192379804152,0.7994388378518513,0.9225829946626208,1.0000970924493375,1.088448297418262,1.1846136913818615,NA,NA,NA,NA,NA,NA,NA,NA,NA,NA,NA
T052413WAL019,T05,CJF_1,CJF,1,H,HST052413WAL019,3,0.9594783754430943,0.5498420413928392,0.7901081094395968,0.9318997135261176,NA,NA,NA,NA,NA,NA,NA,NA,NA,NA,NA,NA,NA,NA,NA
T052413WAL020,T05,CJF_1,CJF,1,H,HST052413WAL020,7,1.183260202573163,0.3910875907219278,0.5961494997336101,0.7265044498095288,0.8307016427166001,0.93775199566947,1.0115003210919102,1.1713682456333072,NA,NA,NA,NA,NA,NA,NA,NA,NA,NA,NA
T052413WAL021,T05,CJF_1,CJF,1,H,HST052413WAL021,4,0.9958407157535812,0.4624505604933942,0.6926303123844222,0.8712071455084969,0.9788443838657785,NA,NA,NA,NA,NA,NA,NA,NA,NA,NA,NA,NA,NA,NA
T052413WAL022,T05,CJF_1,CJF,1,H,HST052413WAL022,6,0.9524999918163511,0.42988613998229075,0.5813721519129944,0.6817480720329434,0.7769031499512177,0.8690477592380417,0.9474011863042313,NA,NA,NA,NA,NA,NA,NA,NA,NA,NA,NA,NA
T052413WAL023,T05,CJF_1,CJF,1,H,HST052413WAL023,10,1.6253872022060247,0.7223425245107588,0.8759444296343357,0.9811428991747836,1.0902533746212344,1.2106741778640566,1.294569459882306,1.3820929545254665,1.45816422473171,1.5456877193748704,1.619448245026747,NA,NA,NA,NA,NA,NA,NA,NA
T052413WAL024,T05,CJF_1,CJF,1,H,HST052413WAL024,8,1.3552823617026322,0.4453352670467192,0.6667028124005744,0.8383097423551293,0.9743221695868819,1.0974236199156229,1.1755164606679116,1.2497539893077052,1.3411162490261377,NA,NA,NA,NA,NA,NA,NA,NA,NA,NA
T052413WAL025,T05,CJF_1,CJF,1,H,HST052413WAL025,6,0.9591850546706744,0.42673513304476474,0.6069104627247166,0.692139093708782,0.7905988150249201,0.8855455137208055,0.9502879871077923,NA,NA,NA,NA,NA,NA,NA,NA,NA,NA,NA,NA
T052413WAL026,T05,CJF_1,CJF,1,H,HST052413WAL026,5,1.1833248511265724,0.48874580712003013,0.7099281991906373,0.9123580476138005,1.0493207719841742,1.170934341170453,NA,NA,NA,NA,NA,NA,NA,NA,NA,NA,NA,NA,NA
T052413WAL027,T05,CJF_1,CJF,1,H,HST052413WAL027,8,1.2738099998927617,0.5226640691909025,0.6974360110175628,0.8108345969953807,0.9148521239870929,1.0052274682050362,1.082819441059991,1.1646725377026053,1.2644289409066563,NA,NA,NA,NA,NA,NA,NA,NA,NA,NA
T052413WAL028,T05,CJF_1,CJF,1,H,HST052413WAL028,5,0.9441286547499971,0.39809403171363184,0.5530952613880652,0.7225542507021672,0.8361992646385572,0.9367315334620281,NA,NA,NA,NA,NA,NA,NA,NA,NA,NA,NA,NA,NA
T052413WAL029,T05,CJF_1,CJF,1,H,HST052413WAL029,3,0.8322627669709141,0.4806259562083492,0.6717497554280004,0.8229730048521803,NA,NA,NA,NA,NA,NA,NA,NA,NA,NA,NA,NA,NA,NA,NA
T052413WAL030,T05,CJF_1,CJF,1,H,HST052413WAL030,4,1.053742059856799,0.6389574424662612,0.8109353311163519,0.9317985581046527,1.0487582929267696,NA,NA,NA,NA,NA,NA,NA,NA,NA,NA,NA,NA,NA,NA
T052413WAL031,T05,CJF_1,CJF,1,H,HST052413WAL031,8,1.340613677921519,0.5402804417269665,0.7660941370586732,0.9022023056314361,1.0103285590231892,1.0989816100867413,1.181026651963628,1.2604693397107762,1.327748484779985,NA,NA,NA,NA,NA,NA,NA,NA,NA,NA
T052413WAL032,T05,CJF_1,CJF,1,H,HST052413WAL032,3,0.8857826968347944,0.528481153483368,0.7181969679216188,0.8723530239918774,NA,NA,NA,NA,NA,NA,NA,NA,NA,NA,NA,NA,NA,NA,NA
T052413WAL033,T05,CJF_1,CJF,1,H,HST052413WAL033,8,1.246797855850068,0.5042504847417552,0.6651529918068138,0.8228951646912961,0.9374272585431652,1.0178578200857857,1.113717596712923,1.1787603271508444,1.2406427234081887,NA,NA,NA,NA,NA,NA,NA,NA,NA,NA
T052413WAL034,T05,CJF_1,CJF,1,H,HST052413WAL034,6,1.0780753309193694,0.4734954804021376,0.6262263581185848,0.7571252936941448,0.8689932482240263,0.9690083374846973,1.0594152189527613,NA,NA,NA,NA,NA,NA,NA,NA,NA,NA,NA,NA
T052413WAL035,T05,CJF_1,CJF,1,H,HST052413WAL035,3,0.99168740744984,0.6314140201167374,0.8213626703134763,0.9727190495916122,NA,NA,NA,NA,NA,NA,NA,NA,NA,NA,NA,NA,NA,NA,NA
T052413WAL036,T05,CJF_1,CJF,1,H,HST052413WAL036,5,0.9942524672420957,0.38335733639063735,0.6042451461738094,0.7520325681971206,0.8847288630868109,0.984788768412456,NA,NA,NA,NA,NA,NA,NA,NA,NA,NA,NA,NA,NA
T052413WAL037,T05,CJF_1,CJF,1,H,HST052413WAL037,11,1.4869165278910332,0.5203585487916164,0.7513110107887494,0.9024912849486466,0.9682307994023321,1.0918570814664685,1.181210338965409,1.2492172821666845,1.3217035803475847,1.3644239602006911,1.4335368665179835,1.4779300666740052,NA,NA,NA,NA,NA,NA,NA
T052413WAL038,T05,CJF_1,CJF,1,H,HST052413WAL038,4,0.9497958932698845,0.45227179416876045,0.6324931040537574,0.802922879700817,0.9400043590319465,NA,NA,NA,NA,NA,NA,NA,NA,NA,NA,NA,NA,NA,NA
T052413WAL039,T05,CJF_1,CJF,1,H,HST052413WAL039,7,1.2183478713820461,0.49263677999180344,0.6640275070170971,0.7984130434436691,0.9147973188473622,1.022890271764437,1.1226919021948958,1.2006523709502215,NA,NA,NA,NA,NA,NA,NA,NA,NA,NA,NA
T052413WAL040,T05,CJF_1,CJF,1,H,HST052413WAL040,6,1.2775558140312842,0.527263873595283,0.7005931990899399,0.8727198195233277,1.0254539921171668,1.139388352345989,1.2642216415558554,NA,NA,NA,NA,NA,NA,NA,NA,NA,NA,NA,NA
T052413WAL041,T05,CJF_1,CJF,1,H,HST052413WAL041,8,1.301875586220817,0.5006328783442959,0.7088041798025281,0.836093910839905,0.9571329216019033,1.0505159325735152,1.1467409588135284,1.2274336326548612,1.3018755862208164,NA,NA,NA,NA,NA,NA,NA,NA,NA,NA
T052413WAL042,T05,CJF_1,CJF,1,H,HST052413WAL042,3,0.8377388624069398,0.48902057252206027,0.6789194279077848,0.8252655711118673,NA,NA,NA,NA,NA,NA,NA,NA,NA,NA,NA,NA,NA,NA,NA
T052413WAL043,T05,CJF_1,CJF,1,H,HST052413WAL043,4,1.1584763988837756,0.6851269949675773,0.8720074751122391,1.0353063956919897,1.1370203146758486,NA,NA,NA,NA,NA,NA,NA,NA,NA,NA,NA,NA,NA,NA
T052413WAL044,T05,CJF_1,CJF,1,H,HST052413WAL044,5,1.1394806930836108,0.5095270273119589,0.7195697800081166,0.8846298832692203,1.0255799144385374,1.1301902451533536,NA,NA,NA,NA,NA,NA,NA,NA,NA,NA,NA,NA,NA
T052413WAL045,T05,CJF_1,CJF,1,H,HST052413WAL045,3,0.9169993930542508,0.5542120655095452,0.7669476525579131,0.9017267747181539,NA,NA,NA,NA,NA,NA,NA,NA,NA,NA,NA,NA,NA,NA,NA
T052413WAL046,T05,CJF_1,CJF,1,H,HST052413WAL046,7,1.241995504189959,0.5012621002974832,0.6692864017228576,0.8188092007839536,0.9369506030737713,1.039653103669095,1.136230402924851,1.2232422051345357,NA,NA,NA,NA,NA,NA,NA,NA,NA,NA,NA
T052413WAL047,T05,CJF_1,CJF,1,H,HST052413WAL047,8,1.197995761911803,0.4462801225444748,0.5975435533636333,0.7287561307717707,0.829558662659266,0.9133382622961059,1.019713788630436,1.1038569701653427,1.1913320217707672,NA,NA,NA,NA,NA,NA,NA,NA,NA,NA
T052413WAL048,T05,CJF_1,CJF,1,H,HST052413WAL048,9,1.290298723237373,0.6378234525345537,0.7467944493334879,0.8411136279641572,0.9503011600769564,1.0424034873613786,1.0836832707883997,1.1515910194741776,1.2001967119853334,1.2658876093248645,NA,NA,NA,NA,NA,NA,NA,NA,NA
T052413WAL049,T05,CJF_1,CJF,1,H,HST052413WAL049,12,1.4348294914496404,0.46736034421483974,0.6174514775209504,0.7599656140423832,0.8811471747664723,0.9576802453379611,1.0294331482381558,1.0955923929115852,1.190076286165815,1.2542521922813303,1.317436429117891,1.3634833338271817,1.427659239942698,NA,NA,NA,NA,NA,NA
T052413WAL050,T05,CJF_1,CJF,1,H,HST052413WAL050,10,1.5145428773252152,0.6090339591619128,0.8191600119783977,0.9121407982811353,1.0283523742324425,1.140771560225538,1.230417197233207,1.3191099344422847,1.3921566619192165,1.4609345495386412,1.498401208457622,NA,NA,NA,NA,NA,NA,NA,NA
T052413WAL051,T05,CJF_1,CJF,1,H,HST052413WAL051,9,1.431736991750147,0.48955012572613776,0.713906846681526,0.8601157770053542,0.9985576548325787,1.1078531997281413,1.18399956902736,1.271756744932692,1.3282866222964342,1.420126185144034,NA,NA,NA,NA,NA,NA,NA,NA,NA
T052413WAL052,T05,CJF_1,CJF,1,H,HST052413WAL052,4,1.0991952480228042,0.6442802011912874,0.8318078102457681,0.949730826709307,1.08650751877581,NA,NA,NA,NA,NA,NA,NA,NA,NA,NA,NA,NA,NA,NA
T052413WAL053,T05,CJF_1,CJF,1,H,HST052413WAL053,7,1.4835791027459866,0.7548892892927458,0.9651979061906989,1.0876894460956759,1.2039061339140071,1.305001151372216,1.3961338569539934,1.4714012297736816,NA,NA,NA,NA,NA,NA,NA,NA,NA,NA,NA
T052413WAL054,T05,CJF_1,CJF,1,H,HST052413WAL054,4,0.8095161806656997,0.5108176968906553,0.5108176968906553,0.7792134359348981,0.7792134359348981,NA,NA,NA,NA,NA,NA,NA,NA,NA,NA,NA,NA,NA,NA
T052413WAL055,T05,CJF_1,CJF,1,H,HST052413WAL055,6,1.1030798410852152,0.4790723991629902,0.604510195109572,0.7546064557499166,0.8854828213638213,0.9943275565222208,1.0920178005597603,NA,NA,NA,NA,NA,NA,NA,NA,NA,NA,NA,NA
T052413WAL056,T05,CJF_1,CJF,1,H,HST052413WAL056,5,0.9591704928988272,0.3481978078219067,0.5477818625656661,0.742266681508203,0.8474051867500508,0.9591704928988269,NA,NA,NA,NA,NA,NA,NA,NA,NA,NA,NA,NA,NA
T052413WAL057,T05,CJF_1,CJF,1,H,HST052413WAL057,4,1.099875600082745,0.5329533079381403,0.7886942012325735,0.9614299969077141,1.0824092955390419,NA,NA,NA,NA,NA,NA,NA,NA,NA,NA,NA,NA,NA,NA
T053013WAL001,T05,CJF_1,CJF,1,H,HST053013WAL001,0,0.5543060303409456,NA,NA,NA,NA,NA,NA,NA,NA,NA,NA,NA,NA,NA,NA,NA,NA,NA,NA
T053013WAL002,T05,CJF_1,CJF,1,H,HST053013WAL002,1,0.8449914682881107,0.5591039704939365,NA,NA,NA,NA,NA,NA,NA,NA,NA,NA,NA,NA,NA,NA,NA,NA,NA
T053013WAL003,T05,CJF_1,CJF,1,H,HST053013WAL003,1,0.7834484562634748,0.5688293934005078,NA,NA,NA,NA,NA,NA,NA,NA,NA,NA,NA,NA,NA,NA,NA,NA,NA
T053013WAL004,T05,CJF_1,CJF,1,H,HST053013WAL004,5,0.9736053832725574,0.44630031968891387,0.5892966470482088,0.7250607934530657,0.8584687439627774,0.9614972172588265,NA,NA,NA,NA,NA,NA,NA,NA,NA,NA,NA,NA,NA
T053013WAL005,T05,CJF_1,CJF,1,H,HST053013WAL005,3,0.9088140345339875,0.49646752163767455,0.710467669869887,0.8798309028707398,NA,NA,NA,NA,NA,NA,NA,NA,NA,NA,NA,NA,NA,NA,NA
T053013WAL006,T05,CJF_1,CJF,1,H,HST053013WAL006,1,0.669605559165264,0.426990017578825,NA,NA,NA,NA,NA,NA,NA,NA,NA,NA,NA,NA,NA,NA,NA,NA,NA
T053013WAL007,T05,CJF_1,CJF,1,H,HST053013WAL007,5,0.9458535642962509,0.42681994766090336,0.5850660132911444,0.700406816987888,0.845277900514382,0.9324785821925032,NA,NA,NA,NA,NA,NA,NA,NA,NA,NA,NA,NA,NA
T053013WAL008,T05,CJF_1,CJF,1,H,HST053013WAL008,3,0.7736820833274658,0.4852780750925862,0.6422110429413787,0.7681716522119412,NA,NA,NA,NA,NA,NA,NA,NA,NA,NA,NA,NA,NA,NA,NA
T053013WAL010,T05,CJF_1,CJF,1,H,HST053013WAL010,4,0.9594935485224433,0.4053919386739821,0.6586758669778884,0.8141822165435646,0.9499867978743135,NA,NA,NA,NA,NA,NA,NA,NA,NA,NA,NA,NA,NA,NA
T053013WAL011,T05,CJF_1,CJF,1,H,HST053013WAL011,5,1.1299004317322552,0.4705835106754783,0.6718686762111131,0.8685711362047347,1.011505343783638,1.1236245541550862,NA,NA,NA,NA,NA,NA,NA,NA,NA,NA,NA,NA,NA
T053013WAL012,T05,CJF_1,CJF,1,H,HST053013WAL012,5,1.067213967031516,0.4232455566134842,0.6377178513471689,0.8089877588017924,0.9241405161728964,1.0579070692023436,NA,NA,NA,NA,NA,NA,NA,NA,NA,NA,NA,NA,NA
T053013WAL013,T05,CJF_1,CJF,1,H,HST053013WAL013,11,1.53865466576402,0.464427089268957,0.6765212424362919,0.828364083623817,0.938558343383481,1.0430887590519522,1.143981653535642,1.2418412261889389,1.3081591818295337,1.3779132588701128,1.4347284494499382,1.5164144140272906,NA,NA,NA,NA,NA,NA,NA
T053013WAL014,T05,CJF_1,CJF,1,H,HST053013WAL014,11,1.4851360600951424,0.5006043163392885,0.6922710357603219,0.8498150190232201,0.9805694490021304,1.0756044746023887,1.163306317328501,1.2208477186502023,1.275609638484783,1.3516021486291119,1.4119230314379339,1.4795770971209015,NA,NA,NA,NA,NA,NA,NA
T053013WAL015,T05,CJF_1,CJF,1,H,HST053013WAL015,9,1.2731464924350793,0.42879985408509624,0.6213215685531113,0.742896769998258,0.8748499936788391,0.9725483747052343,1.0364301329477206,1.1350049537146711,1.1873865216180604,1.2612080822257037,NA,NA,NA,NA,NA,NA,NA,NA,NA
T053013WAL016,T05,CJF_1,CJF,1,H,HST053013WAL016,11,1.3577820589361462,0.4898192230676784,0.6453483850523489,0.7573080910877956,0.8605592119926512,0.9626474195270096,1.045418773712029,1.1158507547706873,1.179021159837809,1.2143081743092776,1.2837192898817185,1.341953945698296,NA,NA,NA,NA,NA,NA,NA
T053013WAL017,T05,CJF_1,CJF,1,H,HST053013WAL017,12,1.4063754227653313,0.4692184092667396,0.651749083214668,0.809136210886197,0.8904527972110882,0.9685064585294082,1.0380511498629055,1.1072758899376811,1.1637688812448954,1.2042671987779803,1.2578172163373469,1.299275387646598,1.377329048964918,NA,NA,NA,NA,NA,NA
T053113WAL001,T05,CJF_1,CJF,1,H,HST053113WAL001,0,0.44253022478780774,NA,NA,NA,NA,NA,NA,NA,NA,NA,NA,NA,NA,NA,NA,NA,NA,NA,NA
T053113WAL002,T05,CJF_1,CJF,1,H,HST053113WAL002,0,0.4620042913239622,NA,NA,NA,NA,NA,NA,NA,NA,NA,NA,NA,NA,NA,NA,NA,NA,NA,NA
T053113WAL003,T05,CJF_1,CJF,1,H,HST053113WAL003,0,0.4892030340861525,NA,NA,NA,NA,NA,NA,NA,NA,NA,NA,NA,NA,NA,NA,NA,NA,NA,NA
T053113WAL004,T05,CJF_1,CJF,1,H,HST053113WAL004,0,0.4341046977018483,NA,NA,NA,NA,NA,NA,NA,NA,NA,NA,NA,NA,NA,NA,NA,NA,NA,NA
T053113WAL007,T05,CJF_1,CJF,1,H,HST053113WAL007,0,0.7252415313753574,NA,NA,NA,NA,NA,NA,NA,NA,NA,NA,NA,NA,NA,NA,NA,NA,NA,NA
T053113WAL008,T05,CJF_1,CJF,1,H,HST053113WAL008,1,0.7340836627928157,0.4959772815938826,NA,NA,NA,NA,NA,NA,NA,NA,NA,NA,NA,NA,NA,NA,NA,NA,NA
T053113WAL014,T05,CJF_1,CJF,1,H,HST053113WAL014,11,1.6357487067564573,0.48842024217917346,0.6595527809385083,0.818067720940348,0.9923439167467163,1.0937573830696312,1.1857398782514459,1.255501921257225,1.3283216801713178,1.3663893292906006,1.4552711379947412,1.5787331742162527,NA,NA,NA,NA,NA,NA,NA
T053113WAL015,T05,CJF_1,CJF,1,H,HST053113WAL015,7,1.2409057394775629,0.48393452405122567,0.6731773279078097,0.8259028454508275,0.9340415905117325,1.0658186361751185,1.1476292519106952,1.219957267597931,NA,NA,NA,NA,NA,NA,NA,NA,NA,NA,NA
T053113WAL016,T05,CJF_1,CJF,1,H,HST053113WAL016,12,1.7617380632232544,0.5640104211667648,0.77313437660756,0.9621629311158195,1.0726380297139566,1.196285677667181,1.2775317487765243,1.3483935425196962,1.416467064273951,1.4797328526398716,1.5721320117048883,1.6971259672577237,1.7429889698903287,NA,NA,NA,NA,NA,NA
T100313WAL002,T10,CJF_1,CJF,1,H,HST100313WAL002,7,1.2976221610139338,0.602755106067251,0.7812758702924327,0.8869006875922258,0.9756650620934684,1.071496114061191,1.1345982956545082,1.2210071110002574,NA,NA,NA,NA,NA,NA,NA,NA,NA,NA,NA
T100313WAL003,T10,CJF_1,CJF,1,H,HST100313WAL003,11,1.5852604450574344,0.475594431459526,0.6534195890269437,0.8166353437359517,0.9415148594747712,1.0231227368292752,1.1198627712720937,1.209216614574225,1.258991915062384,1.3244221268687633,1.3921401509787361,1.4828992775476173,NA,NA,NA,NA,NA,NA,NA
T100313WAL004,T10,CJF_1,CJF,1,H,HST100313WAL004,7,1.1951004596839188,0.46758605038921197,0.6442867348302054,0.7612108724908527,0.8650397182327108,0.9468424144938129,1.0390009465202819,1.1173516975262625,NA,NA,NA,NA,NA,NA,NA,NA,NA,NA,NA
T100313WAL006,T10,CJF_1,CJF,1,H,HST100313WAL006,7,1.230085690835242,0.4531225229912578,0.6216893097249901,0.7334073039374644,0.8574284313496552,0.9748030944544784,1.0677694502428703,1.1552770962219194,NA,NA,NA,NA,NA,NA,NA,NA,NA,NA,NA
T110613WAL001,T11,CJF_1,CJF,1,H,HST110613WAL001,8,1.3585286671597967,0.3115408705856937,0.5232020758728895,0.6831657777513312,0.8054798697479912,0.9164802227324643,1.0352834640598039,1.1376997416971868,1.2397254258324575,NA,NA,NA,NA,NA,NA,NA,NA,NA,NA
T110613WAL002,T11,CJF_1,CJF,1,H,HST110613WAL002,7,1.218151297870081,0.5452494524367265,0.6832538455375123,0.7925101077783012,0.8724412717959728,0.9697367078022665,1.0528855240806099,1.106709242135836,NA,NA,NA,NA,NA,NA,NA,NA,NA,NA,NA
T110613WAL003,T11,CJF_1,CJF,1,H,HST110613WAL003,4,1.067303824593972,0.539901786803925,0.6771294850742009,0.8145112067058364,0.9455275363095137,NA,NA,NA,NA,NA,NA,NA,NA,NA,NA,NA,NA,NA,NA
T110613WAL004,T11,CJF_1,CJF,1,H,HST110613WAL004,12,1.4156468522383834,0.4757887832726886,0.7136831749090325,0.8269779770438842,0.901372406225428,0.9644620480403311,1.0198210009582613,1.0864847412428325,1.1356926993921037,1.1741783621323716,1.2392624082886285,1.281322169498564,1.3489831119538125,NA,NA,NA,NA,NA,NA
T110613WAL005,T11,CJF_1,CJF,1,H,HST110613WAL005,15,1.5242241378901475,0.48550186953903957,0.5817624569348031,0.670468018089817,0.7888351831409776,0.9018864134982122,1.000665342974226,1.0658655301670048,1.1372219472936955,1.187870583071827,1.259227000198518,1.2776956900002532,1.3137927743637374,1.3689195932355165,1.425445208414134,1.4797317320459278,NA,NA,NA
T110613WAL006,T11,CJF_1,CJF,1,H,HST110613WAL006,14,1.637483601964709,0.3845769862523583,0.5486829141975906,0.6752171474172048,0.7774393913115994,0.8699927838401423,0.9675204629622025,1.0633849877041102,1.1459898070456203,1.211464345131004,1.2750111835619926,1.3407654434685583,1.414805122182005,1.498793374082485,1.574216485354902,NA,NA,NA,NA
T110613WAL007,T11,CJF_1,CJF,1,H,HST110613WAL007,9,1.3168741458951496,0.5363302777453879,0.7288813993788885,0.7958268669286479,0.8999527811256318,0.975149090383244,1.062738881856598,1.1148190586090527,1.168953335961488,1.2470391617822456,NA,NA,NA,NA,NA,NA,NA,NA,NA
T110613WAL008,T11,CJF_1,CJF,1,H,HST110613WAL008,10,1.4923887133212463,0.4360023379761407,0.628753185453587,0.7632184073433811,0.8868634189241067,0.9923287052768306,1.1055853024415556,1.172817913386452,1.2498611014747283,1.3471032811223842,1.4349666795197287,NA,NA,NA,NA,NA,NA,NA,NA
T110613WAL009,T11,CJF_1,CJF,1,H,HST110613WAL009,4,1.0817920453474061,0.47037784169854113,0.7168681449730754,0.8646176003246845,0.9825122990513052,NA,NA,NA,NA,NA,NA,NA,NA,NA,NA,NA,NA,NA,NA
T110613WAL010,T11,CJF_1,CJF,1,H,HST110613WAL010,10,1.4179542430671774,0.4134538120089807,0.6855342586863702,0.8165994341563083,0.9267156490249431,1.007876811991391,1.0830014013397322,1.1428555095807351,1.224016672547183,1.2769389718597262,1.337151174224871,NA,NA,NA,NA,NA,NA,NA,NA
T110613WAL011,T11,CJF_1,CJF,1,H,HST110613WAL011,4,1.066410057261751,0.45396976350557455,0.6559796609106,0.8175969461583625,0.9481916293122773,NA,NA,NA,NA,NA,NA,NA,NA,NA,NA,NA,NA,NA,NA
T110613WAL012,T11,CJF_1,CJF,1,H,HST110613WAL012,1,0.7341895449905567,0.5178468919195639,NA,NA,NA,NA,NA,NA,NA,NA,NA,NA,NA,NA,NA,NA,NA,NA,NA
T110613WAL014,T11,CJF_1,CJF,1,H,HST110613WAL014,4,1.0572318389489541,0.545478641369638,0.6990419060027859,0.8286977584896335,0.9518082565471335,NA,NA,NA,NA,NA,NA,NA,NA,NA,NA,NA,NA,NA,NA
T110613WAL015,T11,CJF_1,CJF,1,H,HST110613WAL015,9,1.3462083826316977,0.515990024454043,0.6864195252820181,0.781658544283094,0.86922405568214,0.9715908938633125,1.0344063461180655,1.0998454035688434,1.177462182605724,1.2427039320704585,NA,NA,NA,NA,NA,NA,NA,NA,NA
T110613WAL016,T11,CJF_1,CJF,1,H,HST110613WAL016,4,1.0184739669336935,0.4624253396609053,0.6458778492856674,0.7795969699961551,0.8919449151304135,NA,NA,NA,NA,NA,NA,NA,NA,NA,NA,NA,NA,NA,NA
T110613WAL017,T11,CJF_1,CJF,1,H,HST110613WAL017,15,1.7657866564130882,0.48156489160844457,0.6728754902413587,0.7623924841446473,0.8489134061145415,0.9381380769250665,1.0090939930424656,1.0897689326919542,1.1697130646095346,1.2470996092328663,1.3057789145239274,1.361169824788831,1.4045764473201598,1.463255752611221,1.574329896233792,1.6518626024035057,NA,NA,NA
T110613WAL018,T11,CJF_1,CJF,1,H,HST110613WAL018,4,1.1678890409955605,0.5017357478284741,0.7325028758730623,0.8923210732025739,1.0290148521139229,NA,NA,NA,NA,NA,NA,NA,NA,NA,NA,NA,NA,NA,NA
T110613WAL019,T11,CJF_1,CJF,1,H,HST110613WAL019,1,0.7604984634667522,0.5316923118584339,NA,NA,NA,NA,NA,NA,NA,NA,NA,NA,NA,NA,NA,NA,NA,NA,NA
T110613WAL020,T11,CJF_1,CJF,1,H,HST110613WAL020,6,1.1223619155281996,0.40397144954321906,0.6597585160702609,0.745433543341083,0.8484904316494324,0.948171206156059,1.0133882863312553,NA,NA,NA,NA,NA,NA,NA,NA,NA,NA,NA,NA
T110613WAL022,T11,CJF_1,CJF,1,H,HST110613WAL022,3,0.9894460039551749,0.47229690183543127,0.6528767318446861,0.8427637602178109,NA,NA,NA,NA,NA,NA,NA,NA,NA,NA,NA,NA,NA,NA,NA
T110613WAL023,T11,CJF_1,CJF,1,H,HST110613WAL023,9,1.3590770347929684,0.5606203060103272,0.6903988840657662,0.8029472120978278,0.8837641499628661,0.9779286302658491,1.0414533643537025,1.1138971113181213,1.1835497946490006,1.2721321476849046,NA,NA,NA,NA,NA,NA,NA,NA,NA
T110613WAL024,T11,CJF_1,CJF,1,H,HST110613WAL024,14,1.6664578161832362,0.4635493390715625,0.5867311994151175,0.70737013154066,0.800392258852829,0.9121527996168228,1.0380115761677815,1.1301860607406133,1.2091099522658182,1.2480140886693614,1.3048089957853914,1.3587929987046268,1.4394121757085072,1.5086100331328263,1.5689294991955978,NA,NA,NA,NA
T110613WAL025,T11,CJF_1,CJF,1,H,HST110613WAL025,7,1.3393734794431063,0.4979045752777327,0.662049812048741,0.7949678320353517,0.9216404086650822,1.0546555009507144,1.132044036818559,1.2279262220094884,NA,NA,NA,NA,NA,NA,NA,NA,NA,NA,NA
T110613WAL026,T11,CJF_1,CJF,1,H,HST110613WAL026,4,1.0997556204327137,0.4597061007260715,0.6349965573453767,0.8335021030257646,0.9827363965413803,NA,NA,NA,NA,NA,NA,NA,NA,NA,NA,NA,NA,NA,NA
T110613WAL027,T11,CJF_1,CJF,1,H,HST110613WAL027,1,0.7255958929964788,0.5386201292016484,NA,NA,NA,NA,NA,NA,NA,NA,NA,NA,NA,NA,NA,NA,NA,NA,NA
T110613WAL028,T11,CJF_1,CJF,1,H,HST110613WAL028,1,0.6827690964783197,0.469621526639503,NA,NA,NA,NA,NA,NA,NA,NA,NA,NA,NA,NA,NA,NA,NA,NA,NA
T110613WAL029,T11,CJF_1,CJF,1,H,HST110613WAL029,1,0.7203601731532956,0.45610334656706203,NA,NA,NA,NA,NA,NA,NA,NA,NA,NA,NA,NA,NA,NA,NA,NA,NA
T110613WAL030,T11,CJF_1,CJF,1,H,HST110613WAL030,1,0.7567497641409059,0.4942793594118693,NA,NA,NA,NA,NA,NA,NA,NA,NA,NA,NA,NA,NA,NA,NA,NA,NA
T110613WAL031,T11,CJF_1,CJF,1,H,HST110613WAL031,1,0.7464546662770039,0.547736350947453,NA,NA,NA,NA,NA,NA,NA,NA,NA,NA,NA,NA,NA,NA,NA,NA,NA
T110613WAL032,T11,CJF_1,CJF,1,H,HST110613WAL032,1,0.6483405443355063,0.44116436577462403,NA,NA,NA,NA,NA,NA,NA,NA,NA,NA,NA,NA,NA,NA,NA,NA,NA
T110613WAL033,T11,CJF_1,CJF,1,H,HST110613WAL033,3,0.9108012619117156,0.482266500778727,0.6890133422975654,0.8055477063903826,NA,NA,NA,NA,NA,NA,NA,NA,NA,NA,NA,NA,NA,NA,NA
T110613WAL034,T11,CJF_1,CJF,1,H,HST110613WAL034,1,0.7470071272112045,0.522119235726209,NA,NA,NA,NA,NA,NA,NA,NA,NA,NA,NA,NA,NA,NA,NA,NA,NA
T110613WAL035,T11,CJF_1,CJF,1,H,HST110613WAL035,1,0.6996637405357135,0.4732402632838473,NA,NA,NA,NA,NA,NA,NA,NA,NA,NA,NA,NA,NA,NA,NA,NA,NA
T110613WAL036,T11,CJF_1,CJF,1,H,HST110613WAL036,1,0.7828935096793246,0.5544857311964813,NA,NA,NA,NA,NA,NA,NA,NA,NA,NA,NA,NA,NA,NA,NA,NA,NA
T110613WAL037,T11,CJF_1,CJF,1,H,HST110613WAL037,1,0.6641536307834088,0.4934940380142217,NA,NA,NA,NA,NA,NA,NA,NA,NA,NA,NA,NA,NA,NA,NA,NA,NA
