fishid,waterbody,reading,reader,rep,light_type,id,agecap,radcap,rad1,rad2,rad3,rad4,rad5,rad6,rad7
JUM101521J001,JUM,CJF_1,CJF,1,R,R-JUM101521J001,4,0.9848016850998714,0.4418594242865489,0.6281821086120252,0.7771722123686003,0.8756145507740285,NA,NA,NA
JUM101521J001,JUM,CJF_2,CJF,2,R,R-JUM101521J001,4,0.8773128921423158,0.3891135388042791,0.5481221310422484,0.6722213494499113,0.7544186269564453,NA,NA,NA
JUM101521J001,JUM,CJF_3,CJF,3,R,R-JUM101521J001,4,0.9825601811972648,0.4392586961955217,0.6648720490049664,0.7760628952722713,0.8842959760293037,NA,NA,NA
JUM101521J002,JUM,CJF_1,CJF,1,R,R-JUM101521J002,4,0.894799739578876,0.39229176699943524,0.5597944245259158,0.6924977841961597,0.8094008271718391,NA,NA,NA
JUM101521J002,JUM,CJF_2,CJF,2,R,R-JUM101521J002,4,0.8637361644503082,0.4106257880851143,0.5620595350141364,0.667471239570856,0.7874414283615593,NA,NA,NA
JUM101521J002,JUM,CJF_3,CJF,3,R,R-JUM101521J002,4,0.9660283849862396,0.4524968229995742,0.6290232974324902,0.7445150328783157,0.850272319534541,NA,NA,NA
JUM101521J003,JUM,CJF_1,CJF,1,R,R-JUM101521J003,2,0.8974459721024729,0.4962662268415635,0.7384933901795987,NA,NA,NA,NA,NA
JUM101521J003,JUM,CJF_2,CJF,2,R,R-JUM101521J003,2,0.874140659806681,0.5143578077478733,0.7227589952206899,NA,NA,NA,NA,NA
JUM101521J003,JUM,CJF_3,CJF,3,R,R-JUM101521J003,2,0.8967343972209392,0.5177643755820184,0.7382769875094729,NA,NA,NA,NA,NA
JUM101521J004,JUM,CJF_1,CJF,1,R,R-JUM101521J004,4,0.9680583377052451,0.42737996495334485,0.5840053883849222,0.6865489581275596,0.817538489123478,NA,NA,NA
JUM101521J004,JUM,CJF_2,CJF,2,R,R-JUM101521J004,4,0.9863051144787552,0.47375091271400144,0.6259953578557333,0.7420078804685623,0.8584177476208188,NA,NA,NA
JUM101521J004,JUM,CJF_3,CJF,3,R,R-JUM101521J004,4,0.8991507041708744,0.38361942976633345,0.5405867723644818,0.6852733528816697,0.7951587255970063,NA,NA,NA
JUM101521J005,JUM,CJF_1,CJF,1,R,R-JUM101521J005,3,1.0654369390718967,0.5173468659310775,0.7092727207336793,0.8735110842692955,NA,NA,NA,NA
JUM101521J005,JUM,CJF_2,CJF,2,R,R-JUM101521J005,3,1.0341286363438071,0.5210417138745892,0.7244223983636422,0.881507370995959,NA,NA,NA,NA
JUM101521J005,JUM,CJF_3,CJF,3,R,R-JUM101521J005,3,1.0259605917963375,0.4828888322125152,0.7152588798294612,0.8845211715945622,NA,NA,NA,NA
JUM101521J006,JUM,CJF_1,CJF,1,R,R-JUM101521J006,0,0.4227791197330807,NA,NA,NA,NA,NA,NA,NA
JUM101521J006,JUM,CJF_2,CJF,2,R,R-JUM101521J006,0,0.4488771875766455,NA,NA,NA,NA,NA,NA,NA
JUM101521J006,JUM,CJF_3,CJF,3,R,R-JUM101521J006,0,0.46196896100189633,NA,NA,NA,NA,NA,NA,NA
JUM101521J007,JUM,CJF_1,CJF,1,R,R-JUM101521J007,0,0.4740797371091962,NA,NA,NA,NA,NA,NA,NA
JUM101521J007,JUM,CJF_2,CJF,2,R,R-JUM101521J007,0,0.5172039527150347,NA,NA,NA,NA,NA,NA,NA
JUM101521J007,JUM,CJF_3,CJF,3,R,R-JUM101521J007,0,0.5218466420831408,NA,NA,NA,NA,NA,NA,NA
JUM101521J008,JUM,CJF_1,CJF,1,R,R-JUM101521J008,0,0.39089936951592164,NA,NA,NA,NA,NA,NA,NA
JUM101521J008,JUM,CJF_2,CJF,2,R,R-JUM101521J008,0,0.40974874042543596,NA,NA,NA,NA,NA,NA,NA
JUM101521J008,JUM,CJF_3,CJF,3,R,R-JUM101521J008,0,0.4486905454377977,NA,NA,NA,NA,NA,NA,NA
JUM101521J009,JUM,CJF_1,CJF,1,R,R-JUM101521J009,0,0.4078465191063356,NA,NA,NA,NA,NA,NA,NA
JUM101521J009,JUM,CJF_2,CJF,2,R,R-JUM101521J009,0,0.3377528653445077,NA,NA,NA,NA,NA,NA,NA
JUM101521J009,JUM,CJF_3,CJF,3,R,R-JUM101521J009,0,0.41580684571717363,NA,NA,NA,NA,NA,NA,NA
JUM101521J010,JUM,CJF_1,CJF,1,R,R-JUM101521J010,0,0.40076204330772763,NA,NA,NA,NA,NA,NA,NA
JUM101521J010,JUM,CJF_2,CJF,2,R,R-JUM101521J010,0,0.4585476798043404,NA,NA,NA,NA,NA,NA,NA
JUM101521J010,JUM,CJF_3,CJF,3,R,R-JUM101521J010,0,0.4431445592306781,NA,NA,NA,NA,NA,NA,NA
JUM101521J0100,JUM,CJF_1,CJF,1,R,R-JUM101521J0100,0,0.37302154291639444,NA,NA,NA,NA,NA,NA,NA
JUM101521J0100,JUM,CJF_2,CJF,2,R,R-JUM101521J0100,0,0.3856231890216358,NA,NA,NA,NA,NA,NA,NA
JUM101521J0100,JUM,CJF_3,CJF,3,R,R-JUM101521J0100,0,0.4203939519824718,NA,NA,NA,NA,NA,NA,NA
JUM101521J011,JUM,CJF_1,CJF,1,R,R-JUM101521J011,0,0.42966238116778366,NA,NA,NA,NA,NA,NA,NA
JUM101521J011,JUM,CJF_2,CJF,2,R,R-JUM101521J011,0,0.41837349526782636,NA,NA,NA,NA,NA,NA,NA
JUM101521J011,JUM,CJF_3,CJF,3,R,R-JUM101521J011,0,0.45945790746032,NA,NA,NA,NA,NA,NA,NA
JUM101521J012,JUM,CJF_1,CJF,1,R,R-JUM101521J012,0,0.4690486581542613,NA,NA,NA,NA,NA,NA,NA
JUM101521J012,JUM,CJF_2,CJF,2,R,R-JUM101521J012,0,0.5023711546362805,NA,NA,NA,NA,NA,NA,NA
JUM101521J012,JUM,CJF_3,CJF,3,R,R-JUM101521J012,0,0.4117355139531958,NA,NA,NA,NA,NA,NA,NA
JUM101521J013,JUM,CJF_1,CJF,1,R,R-JUM101521J013,0,0.6158500653518525,NA,NA,NA,NA,NA,NA,NA
JUM101521J013,JUM,CJF_2,CJF,2,R,R-JUM101521J013,0,0.5920017780586521,NA,NA,NA,NA,NA,NA,NA
JUM101521J013,JUM,CJF_3,CJF,3,R,R-JUM101521J013,0,0.5417832224087749,NA,NA,NA,NA,NA,NA,NA
JUM101521J014,JUM,CJF_1,CJF,1,R,R-JUM101521J014,0,0.43866920395695835,NA,NA,NA,NA,NA,NA,NA
JUM101521J014,JUM,CJF_2,CJF,2,R,R-JUM101521J014,0,0.45930790573775027,NA,NA,NA,NA,NA,NA,NA
JUM101521J014,JUM,CJF_3,CJF,3,R,R-JUM101521J014,0,0.4965923339037024,NA,NA,NA,NA,NA,NA,NA
JUM101521J015,JUM,CJF_1,CJF,1,R,R-JUM101521J015,5,1.0638613731238178,0.4469140224414404,0.6106529444124168,0.7449025140543026,0.8655884118107346,0.986274309567166,NA,NA
JUM101521J015,JUM,CJF_2,CJF,2,R,R-JUM101521J015,5,1.1302011272565025,0.4964299390710215,0.6729860498507942,0.8091955569800817,0.9476685480797139,1.0369194662191987,NA,NA
JUM101521J015,JUM,CJF_3,CJF,3,R,R-JUM101521J015,5,1.0713227301534232,0.47085936960589214,0.6350066791230702,0.8001619275439966,0.8866907307579462,0.9821298308826165,NA,NA
JUM101521J016,JUM,CJF_1,CJF,1,R,R-JUM101521J016,5,0.9553932257863962,0.4336245231500014,0.5858740419539317,0.6978296840328564,0.7859738635192494,0.8571755771187516,NA,NA
JUM101521J017,JUM,CJF_1,CJF,1,R,R-JUM101521J017,6,1.086315021297034,0.43106511920436497,0.5855266510862328,0.7201267194780336,0.8388792428360224,0.910089131092576,1.025035864785514,NA
JUM101521J017,JUM,CJF_2,CJF,2,R,R-JUM101521J017,6,1.1411848873428945,0.4292369719790744,0.6379601873231474,0.7806786801722716,0.9097892701881334,0.9747124992513805,1.0601228345276656,NA
JUM101521J017,JUM,CJF_3,CJF,3,R,R-JUM101521J017,6,1.1248800254035476,0.4684184925244239,0.6156062669114503,0.7320165706934691,0.8512041518718371,0.9256141658408676,1.0336357826225466,NA
JUM101521J018,JUM,CJF_1,CJF,1,R,R-JUM101521J018,3,0.9030748139234164,0.44068171322624883,0.6242978844999101,0.7761519061872617,NA,NA,NA,NA
JUM101521J018,JUM,CJF_2,CJF,2,R,R-JUM101521J018,3,0.9099853109495254,0.4693296915164232,0.6211819837380095,0.7892582539529237,NA,NA,NA,NA
JUM101521J018,JUM,CJF_3,CJF,3,R,R-JUM101521J018,3,0.9483040441487006,0.4938195903593781,0.682946393062362,0.830985751008491,NA,NA,NA,NA
JUM101521J019,JUM,CJF_1,CJF,1,R,R-JUM101521J019,4,0.9935521874171344,0.4813144836423582,0.6871369720456361,0.7680435572229776,0.894040469455827,NA,NA,NA
JUM101521J019,JUM,CJF_2,CJF,2,R,R-JUM101521J019,4,0.9669455897781035,0.47428289190964373,0.6207057523346151,0.7407393480855973,0.8630323719112595,NA,NA,NA
JUM101521J019,JUM,CJF_3,CJF,3,R,R-JUM101521J019,4,1.0288816340940816,0.47717445976699147,0.6440357640771832,0.7892744087626474,0.9083184293573022,NA,NA,NA
JUM101521J020,JUM,CJF_1,CJF,1,R,R-JUM101521J020,6,1.0791724133621516,0.4941876006934064,0.639740404899438,0.7475193918687937,0.8348512634703549,0.9034691625858673,0.9980785325892729,NA
JUM101521J020,JUM,CJF_2,CJF,2,R,R-JUM101521J020,6,1.0779533711274247,0.4696855144849063,0.644544613181422,0.7482030869461441,0.8443835831202966,0.9156241675074339,0.994302770029797,NA
JUM101521J020,JUM,CJF_3,CJF,3,R,R-JUM101521J020,6,0.9266120741592656,0.35222279516189453,0.5144402033504163,0.6291906014064227,0.7305176513626673,0.795310486379544,0.8618192391423887,NA
JUM101521J021,JUM,CJF_1,CJF,1,R,R-JUM101521J021,2,0.9986812801901761,0.618023531392742,0.8367352835941149,NA,NA,NA,NA,NA
JUM101521J021,JUM,CJF_2,CJF,2,R,R-JUM101521J021,2,0.9030660780215998,0.5107734703728962,0.7096669075646217,NA,NA,NA,NA,NA
JUM101521J021,JUM,CJF_3,CJF,3,R,R-JUM101521J021,2,0.9090969510771671,0.5474009070200139,0.7404073634703233,NA,NA,NA,NA,NA
JUM101521J022,JUM,CJF_1,CJF,1,R,R-JUM101521J022,6,1.297743490796221,0.5650312681990108,0.7495062013370254,0.8888378985196708,1.0245747482411431,1.1221021053834535,1.2081253743592517,NA
JUM101521J022,JUM,CJF_2,CJF,2,R,R-JUM101521J022,6,1.2972545847406112,0.549640762626667,0.7374908212763588,0.9069621836152273,1.0390709854630418,1.1239709090388594,1.2186912495175584,NA
JUM101521J022,JUM,CJF_3,CJF,3,R,R-JUM101521J022,6,1.216371267741917,0.506014357415586,0.6927105098597863,0.8532240114339303,0.9721859991872301,1.066102814748187,1.148637103051017,NA
JUM101521J023,JUM,CJF_1,CJF,1,R,R-JUM101521J023,4,1.0920517047366927,0.5240731577044034,0.689148383974617,0.8315614573956327,0.9620092834048071,NA,NA,NA
JUM101521J023,JUM,CJF_2,CJF,2,R,R-JUM101521J023,4,1.1072704444005832,0.5479824400918079,0.7066614966060881,0.87650503121913,1.0014084812007136,NA,NA,NA
JUM101521J023,JUM,CJF_3,CJF,3,R,R-JUM101521J023,4,0.6738938692025186,0.313335577368444,0.4175013498079688,0.5133257818149058,0.6189313638305397,NA,NA,NA
JUM101521J024,JUM,CJF_1,CJF,1,R,R-JUM101521J024,2,0.694435849059,0.4086631642138167,0.5797669318709857,NA,NA,NA,NA,NA
JUM101521J024,JUM,CJF_2,CJF,2,R,R-JUM101521J024,2,0.6804613653164805,0.3672449939107139,0.5532173782823266,NA,NA,NA,NA,NA
JUM101521J024,JUM,CJF_3,CJF,3,R,R-JUM101521J024,2,0.6617601769509315,0.4035100044606442,0.5559009756325594,NA,NA,NA,NA,NA
JUM101521J025,JUM,CJF_1,CJF,1,R,R-JUM101521J025,2,0.8435894166209466,0.5117634811326455,0.7252268075987224,NA,NA,NA,NA,NA
JUM101521J025,JUM,CJF_2,CJF,2,R,R-JUM101521J025,2,0.6175623969428118,0.335911813344964,0.49295905061389433,NA,NA,NA,NA,NA
JUM101521J025,JUM,CJF_3,CJF,3,R,R-JUM101521J025,2,0.8185264269636112,0.5244900210816341,0.6787962739163917,NA,NA,NA,NA,NA
JUM101521J027,JUM,CJF_1,CJF,1,R,R-JUM101521J027,0,0.6540750756391714,NA,NA,NA,NA,NA,NA,NA
JUM101521J027,JUM,CJF_2,CJF,2,R,R-JUM101521J027,0,0.5112585061967709,NA,NA,NA,NA,NA,NA,NA
JUM101521J027,JUM,CJF_3,CJF,3,R,R-JUM101521J027,0,0.5343023850506755,NA,NA,NA,NA,NA,NA,NA
JUM101521J028,JUM,CJF_1,CJF,1,R,R-JUM101521J028,0,0.500524957626234,NA,NA,NA,NA,NA,NA,NA
JUM101521J028,JUM,CJF_2,CJF,2,R,R-JUM101521J028,0,0.526054270970413,NA,NA,NA,NA,NA,NA,NA
JUM101521J028,JUM,CJF_3,CJF,3,R,R-JUM101521J028,0,0.5241196537980713,NA,NA,NA,NA,NA,NA,NA
JUM101521J029,JUM,CJF_1,CJF,1,R,R-JUM101521J029,0,0.5004070748465003,NA,NA,NA,NA,NA,NA,NA
JUM101521J029,JUM,CJF_2,CJF,2,R,R-JUM101521J029,0,0.5045697115802552,NA,NA,NA,NA,NA,NA,NA
JUM101521J029,JUM,CJF_3,CJF,3,R,R-JUM101521J029,0,0.558154757814223,NA,NA,NA,NA,NA,NA,NA
JUM101521J030,JUM,CJF_1,CJF,1,R,R-JUM101521J030,0,0.5635799969237535,NA,NA,NA,NA,NA,NA,NA
JUM101521J030,JUM,CJF_2,CJF,2,R,R-JUM101521J030,0,0.5237032784411636,NA,NA,NA,NA,NA,NA,NA
JUM101521J030,JUM,CJF_3,CJF,3,R,R-JUM101521J030,0,0.5566994676071834,NA,NA,NA,NA,NA,NA,NA
JUM101521J031,JUM,CJF_1,CJF,1,R,R-JUM101521J031,0,0.35861998006159745,NA,NA,NA,NA,NA,NA,NA
JUM101521J031,JUM,CJF_2,CJF,2,R,R-JUM101521J031,0,0.40794714665801046,NA,NA,NA,NA,NA,NA,NA
JUM101521J031,JUM,CJF_3,CJF,3,R,R-JUM101521J031,0,0.3621107779618947,NA,NA,NA,NA,NA,NA,NA
JUM101521J032,JUM,CJF_1,CJF,1,R,R-JUM101521J032,0,0.5036362506717441,NA,NA,NA,NA,NA,NA,NA
JUM101521J032,JUM,CJF_2,CJF,2,R,R-JUM101521J032,0,0.4940983851935453,NA,NA,NA,NA,NA,NA,NA
JUM101521J032,JUM,CJF_3,CJF,3,R,R-JUM101521J032,0,0.4842041698211317,NA,NA,NA,NA,NA,NA,NA
JUM101521J033,JUM,CJF_1,CJF,1,R,R-JUM101521J033,0,0.35405250251956666,NA,NA,NA,NA,NA,NA,NA
JUM101521J033,JUM,CJF_2,CJF,2,R,R-JUM101521J033,0,0.2860739144993515,NA,NA,NA,NA,NA,NA,NA
JUM101521J033,JUM,CJF_3,CJF,3,R,R-JUM101521J033,0,0.30942045043607735,NA,NA,NA,NA,NA,NA,NA
JUM101521J034,JUM,CJF_1,CJF,1,R,R-JUM101521J034,0,0.39949714919104773,NA,NA,NA,NA,NA,NA,NA
JUM101521J034,JUM,CJF_2,CJF,2,R,R-JUM101521J034,0,0.4332721214644204,NA,NA,NA,NA,NA,NA,NA
JUM101521J034,JUM,CJF_3,CJF,3,R,R-JUM101521J034,0,0.4300427885850446,NA,NA,NA,NA,NA,NA,NA
JUM101521J035,JUM,CJF_1,CJF,1,R,R-JUM101521J035,0,0.5129802958981682,NA,NA,NA,NA,NA,NA,NA
JUM101521J035,JUM,CJF_2,CJF,2,R,R-JUM101521J035,0,0.5546038904896003,NA,NA,NA,NA,NA,NA,NA
JUM101521J035,JUM,CJF_3,CJF,3,R,R-JUM101521J035,0,0.5288071936095491,NA,NA,NA,NA,NA,NA,NA
JUM101521J036,JUM,CJF_1,CJF,1,R,R-JUM101521J036,0,0.3887653945442203,NA,NA,NA,NA,NA,NA,NA
JUM101521J036,JUM,CJF_2,CJF,2,R,R-JUM101521J036,0,0.4157572746704978,NA,NA,NA,NA,NA,NA,NA
JUM101521J036,JUM,CJF_3,CJF,3,R,R-JUM101521J036,0,0.41743261825337924,NA,NA,NA,NA,NA,NA,NA
JUM101521J037,JUM,CJF_1,CJF,1,R,R-JUM101521J037,0,0.6014530651191053,NA,NA,NA,NA,NA,NA,NA
JUM101521J037,JUM,CJF_2,CJF,2,R,R-JUM101521J037,0,0.6104012273428481,NA,NA,NA,NA,NA,NA,NA
JUM101521J037,JUM,CJF_3,CJF,3,R,R-JUM101521J037,0,0.5998380503178887,NA,NA,NA,NA,NA,NA,NA
JUM101521J038,JUM,CJF_1,CJF,1,R,R-JUM101521J038,0,0.5336502718700553,NA,NA,NA,NA,NA,NA,NA
JUM101521J038,JUM,CJF_2,CJF,2,R,R-JUM101521J038,0,0.5575982262188507,NA,NA,NA,NA,NA,NA,NA
JUM101521J038,JUM,CJF_3,CJF,3,R,R-JUM101521J038,0,0.5527532408757839,NA,NA,NA,NA,NA,NA,NA
JUM101521J039,JUM,CJF_1,CJF,1,R,R-JUM101521J039,5,1.0840016185910555,0.5042794761086189,0.6482254111246757,0.7832235017950254,0.8772786975874869,0.9775564503842986,NA,NA
JUM101521J039,JUM,CJF_2,CJF,2,R,R-JUM101521J039,5,1.1218025269502991,0.47800697089305205,0.678795760738909,0.8159412839739739,0.9245874234508796,1.029444359324892,NA,NA
JUM101521J039,JUM,CJF_3,CJF,3,R,R-JUM101521J039,5,1.142053157035912,0.5237664041486667,0.6563051252099807,0.8298575897516325,0.9150224970775469,1.0222345764847223,NA,NA
JUM101521J040,JUM,CJF_1,CJF,1,R,R-JUM101521J040,2,0.5863167677650086,0.25926747443605075,0.4665680659105952,NA,NA,NA,NA,NA
JUM101521J040,JUM,CJF_2,CJF,2,R,R-JUM101521J040,2,0.5079520635806208,0.25813857494582126,0.3940452869526514,NA,NA,NA,NA,NA
JUM101521J040,JUM,CJF_3,CJF,3,R,R-JUM101521J040,2,0.5446644012796078,0.28652457832049494,0.44679825715143806,NA,NA,NA,NA,NA
JUM101521J041,JUM,CJF_1,CJF,1,R,R-JUM101521J041,2,0.7917521328632741,0.5058533079590556,0.6559231839893709,NA,NA,NA,NA,NA
JUM101521J041,JUM,CJF_2,CJF,2,R,R-JUM101521J041,2,0.807115057808985,0.4646892614723067,0.6776797468220874,NA,NA,NA,NA,NA
JUM101521J041,JUM,CJF_3,CJF,3,R,R-JUM101521J041,2,0.7427232168492509,0.4517898275764889,0.63480470484031,NA,NA,NA,NA,NA
JUM101521J042,JUM,CJF_1,CJF,1,R,R-JUM101521J042,2,0.9618538385396046,0.6507477484204696,0.8314387181445771,NA,NA,NA,NA,NA
JUM101521J042,JUM,CJF_2,CJF,2,R,R-JUM101521J042,3,0.9192563633935531,0.4179125509196498,0.6637276826716183,0.8089429434857303,NA,NA,NA,NA
JUM101521J042,JUM,CJF_3,CJF,3,R,R-JUM101521J042,3,0.9075090264360027,0.42304418279722483,0.6308360077272892,0.8162413531665531,NA,NA,NA,NA
JUM101521J043,JUM,CJF_1,CJF,1,R,R-JUM101521J043,4,1.0887517470287251,0.555918477577882,0.7278211614826828,0.870639628323746,0.9642296466232301,NA,NA,NA
JUM101521J043,JUM,CJF_2,CJF,2,R,R-JUM101521J043,4,1.0916192826964408,0.5225580963651892,0.7205370595186096,0.8560675718346206,0.991079698120862,NA,NA,NA
JUM101521J043,JUM,CJF_3,CJF,3,R,R-JUM101521J043,4,0.6940166227326401,0.3695920322246375,0.45919968072874595,0.5486097133586396,0.6475290984642005,NA,NA,NA
JUM101521J044,JUM,CJF_1,CJF,1,R,R-JUM101521J044,6,1.0441832865700542,0.44299432292528,0.5798778366888289,0.6961221910467029,0.805365696027511,0.8846447107500193,0.9745655864753069,NA
JUM101521J044,JUM,CJF_2,CJF,2,R,R-JUM101521J044,6,1.0849214710591295,0.45733847007945294,0.6084596545624489,0.7286621171869767,0.8388054167749361,0.9493218337338616,1.0220890476862854,NA
JUM101521J044,JUM,CJF_3,CJF,3,R,R-JUM101521J044,6,1.0487629494162987,0.4405778224424362,0.5947969331652763,0.7369776795184727,0.8313149006076235,0.9226425306043626,1.0146450753205745,NA
JUM101521J045,JUM,CJF_1,CJF,1,R,R-JUM101521J045,2,0.9433098681425298,0.509555336702532,0.7046852857433263,NA,NA,NA,NA,NA
JUM101521J045,JUM,CJF_2,CJF,2,R,R-JUM101521J045,2,0.8613924387883463,0.504469046704473,0.7056038603094602,NA,NA,NA,NA,NA
JUM101521J045,JUM,CJF_3,CJF,3,R,R-JUM101521J045,2,0.8854800119883677,0.49786828851169057,0.7153560478234307,NA,NA,NA,NA,NA
JUM101521J046,JUM,CJF_1,CJF,1,R,R-JUM101521J046,2,0.5597595173484902,0.2307288939590558,0.4079641923754263,NA,NA,NA,NA,NA
JUM101521J046,JUM,CJF_2,CJF,2,R,R-JUM101521J046,2,0.7145659899882099,0.4059183286889921,0.5925078971763448,NA,NA,NA,NA,NA
JUM101521J046,JUM,CJF_3,CJF,3,R,R-JUM101521J046,2,0.6864809716246342,0.3765184077957414,0.5622256754991964,NA,NA,NA,NA,NA
JUM101521J047,JUM,CJF_1,CJF,1,R,R-JUM101521J047,3,0.9667442929290055,0.539222168754695,0.6904131630889756,0.8473566593600379,NA,NA,NA,NA
JUM101521J047,JUM,CJF_2,CJF,2,R,R-JUM101521J047,3,0.9775807805116907,0.5546914503661372,0.723334655600095,0.8457786602911066,NA,NA,NA,NA
JUM101521J047,JUM,CJF_3,CJF,3,R,R-JUM101521J047,3,0.9553907659977618,0.5027832960484448,0.7362901492486231,0.8544787289419306,NA,NA,NA,NA
JUM101521J048,JUM,CJF_1,CJF,1,R,R-JUM101521J048,5,0.9182782956068061,0.4432220221028783,0.592956385205947,0.6925135182204761,0.7842284116579172,0.8387920546276908,NA,NA
JUM101521J048,JUM,CJF_2,CJF,2,R,R-JUM101521J048,6,0.8593376941142578,0.30802516911498595,0.43345982732887456,0.5387940579754592,0.6427327744377034,0.705325109556765,0.7806858996754045,NA
JUM101521J048,JUM,CJF_3,CJF,3,R,R-JUM101521J048,5,0.8911056866896463,0.365553955029108,0.4932162075606983,0.5855089018006303,0.6952343986062264,0.7870231396858275,NA,NA
JUM101521J051,JUM,CJF_1,CJF,1,R,R-JUM101521J051,6,1.3876003450356496,0.5796332844536061,0.7774910317966188,0.9283366791442154,1.087970947859085,1.1680415599208316,1.2718819224498386,NA
JUM101521J051,JUM,CJF_2,CJF,2,R,R-JUM101521J051,6,1.35983170886073,0.529295940084355,0.7273772551533647,0.8974734302976317,1.0686622732398032,1.1438356469380706,1.2462521474649013,NA
JUM101521J051,JUM,CJF_3,CJF,3,R,R-JUM101521J051,6,1.3156029558363522,0.5182443447920313,0.7267014591122669,0.8703409061830445,1.0058263760309276,1.132765019454951,1.2177765304943509,NA
JUM101521J052,JUM,CJF_1,CJF,1,R,R-JUM101521J052,2,0.8682946677551587,0.5138578711660825,0.7110776568019083,NA,NA,NA,NA,NA
JUM101521J052,JUM,CJF_2,CJF,2,R,R-JUM101521J052,2,0.887826712416875,0.5375461079252583,0.7419614721088205,NA,NA,NA,NA,NA
JUM101521J052,JUM,CJF_3,CJF,3,R,R-JUM101521J052,2,0.8720299323002081,0.502440822495206,0.6833514615549818,NA,NA,NA,NA,NA
JUM101521J053,JUM,CJF_2,CJF,2,R,R-JUM101521J053,2,0.8117223242925817,0.4434418436335114,0.6455389981040012,NA,NA,NA,NA,NA
JUM101521J053,JUM,CJF_3,CJF,3,R,R-JUM101521J053,2,0.550372425156658,0.32842917792096066,0.4364655842620164,NA,NA,NA,NA,NA
JUM101521J054,JUM,CJF_1,CJF,1,R,R-JUM101521J054,4,1.1209311985200474,0.4007020664970945,0.6181083058481864,0.7966213928679616,0.9806142419227765,NA,NA,NA
JUM101521J054,JUM,CJF_2,CJF,2,R,R-JUM101521J054,4,0.6484691307198072,0.3028607241746574,0.4204556351237306,0.5155886206131732,0.5875342911267484,NA,NA,NA
JUM101521J054,JUM,CJF_3,CJF,3,R,R-JUM101521J054,4,0.6692851117796234,0.2681038189373365,0.4438652393752732,0.5195206465157961,0.581082245515406,NA,NA,NA
JUM101521J056,JUM,CJF_1,CJF,1,R,R-JUM101521J056,0,0.4861800865336343,NA,NA,NA,NA,NA,NA,NA
JUM101521J056,JUM,CJF_2,CJF,2,R,R-JUM101521J056,0,0.5330056645683587,NA,NA,NA,NA,NA,NA,NA
JUM101521J056,JUM,CJF_3,CJF,3,R,R-JUM101521J056,0,0.5000297775375611,NA,NA,NA,NA,NA,NA,NA
JUM101521J057,JUM,CJF_1,CJF,1,R,R-JUM101521J057,0,0.5266742383377288,NA,NA,NA,NA,NA,NA,NA
JUM101521J057,JUM,CJF_2,CJF,2,R,R-JUM101521J057,0,0.5543646616401191,NA,NA,NA,NA,NA,NA,NA
JUM101521J057,JUM,CJF_3,CJF,3,R,R-JUM101521J057,0,0.4996704077133127,NA,NA,NA,NA,NA,NA,NA
JUM101521J058,JUM,CJF_1,CJF,1,R,R-JUM101521J058,0,0.5040160831652866,NA,NA,NA,NA,NA,NA,NA
JUM101521J058,JUM,CJF_2,CJF,2,R,R-JUM101521J058,0,0.5421243581460164,NA,NA,NA,NA,NA,NA,NA
JUM101521J058,JUM,CJF_3,CJF,3,R,R-JUM101521J058,0,0.5363154397968103,NA,NA,NA,NA,NA,NA,NA
JUM101521J059,JUM,CJF_1,CJF,1,R,R-JUM101521J059,0,0.5481988908004992,NA,NA,NA,NA,NA,NA,NA
JUM101521J059,JUM,CJF_2,CJF,2,R,R-JUM101521J059,0,0.5444046544125555,NA,NA,NA,NA,NA,NA,NA
JUM101521J059,JUM,CJF_3,CJF,3,R,R-JUM101521J059,0,0.5238651086798718,NA,NA,NA,NA,NA,NA,NA
JUM101521J060,JUM,CJF_1,CJF,1,R,R-JUM101521J060,0,0.4400616146837323,NA,NA,NA,NA,NA,NA,NA
JUM101521J060,JUM,CJF_2,CJF,2,R,R-JUM101521J060,0,0.44706758574431943,NA,NA,NA,NA,NA,NA,NA
JUM101521J060,JUM,CJF_3,CJF,3,R,R-JUM101521J060,0,0.44009261043327974,NA,NA,NA,NA,NA,NA,NA
JUM101521J061,JUM,CJF_1,CJF,1,R,R-JUM101521J061,0,0.5106210574249832,NA,NA,NA,NA,NA,NA,NA
JUM101521J061,JUM,CJF_2,CJF,2,R,R-JUM101521J061,0,0.5558876470022762,NA,NA,NA,NA,NA,NA,NA
JUM101521J061,JUM,CJF_3,CJF,3,R,R-JUM101521J061,0,0.5069794187645786,NA,NA,NA,NA,NA,NA,NA
JUM101521J062,JUM,CJF_1,CJF,1,R,R-JUM101521J062,0,0.4985679533039748,NA,NA,NA,NA,NA,NA,NA
JUM101521J062,JUM,CJF_2,CJF,2,R,R-JUM101521J062,0,0.44389872543201137,NA,NA,NA,NA,NA,NA,NA
JUM101521J062,JUM,CJF_3,CJF,3,R,R-JUM101521J062,0,0.5079365893263358,NA,NA,NA,NA,NA,NA,NA
JUM101521J063,JUM,CJF_1,CJF,1,R,R-JUM101521J063,0,0.5884170779544213,NA,NA,NA,NA,NA,NA,NA
JUM101521J063,JUM,CJF_2,CJF,2,R,R-JUM101521J063,0,0.6050551447126531,NA,NA,NA,NA,NA,NA,NA
JUM101521J063,JUM,CJF_3,CJF,3,R,R-JUM101521J063,0,0.6076278072387953,NA,NA,NA,NA,NA,NA,NA
JUM101521J064,JUM,CJF_1,CJF,1,R,R-JUM101521J064,0,0.5554924464411429,NA,NA,NA,NA,NA,NA,NA
JUM101521J064,JUM,CJF_2,CJF,2,R,R-JUM101521J064,0,0.5585786944837711,NA,NA,NA,NA,NA,NA,NA
JUM101521J064,JUM,CJF_3,CJF,3,R,R-JUM101521J064,0,0.5980518033081468,NA,NA,NA,NA,NA,NA,NA
JUM101521J066,JUM,CJF_1,CJF,1,R,R-JUM101521J066,0,0.3807418842870556,NA,NA,NA,NA,NA,NA,NA
JUM101521J066,JUM,CJF_2,CJF,2,R,R-JUM101521J066,0,0.39497311888977804,NA,NA,NA,NA,NA,NA,NA
JUM101521J066,JUM,CJF_3,CJF,3,R,R-JUM101521J066,0,0.41867942272140224,NA,NA,NA,NA,NA,NA,NA
JUM101521J067,JUM,CJF_1,CJF,1,R,R-JUM101521J067,0,0.4299106646136439,NA,NA,NA,NA,NA,NA,NA
JUM101521J067,JUM,CJF_2,CJF,2,R,R-JUM101521J067,0,0.41575008272187014,NA,NA,NA,NA,NA,NA,NA
JUM101521J067,JUM,CJF_3,CJF,3,R,R-JUM101521J067,0,0.41587404151792406,NA,NA,NA,NA,NA,NA,NA
JUM101521J068,JUM,CJF_1,CJF,1,R,R-JUM101521J068,0,0.4456112171785083,NA,NA,NA,NA,NA,NA,NA
JUM101521J068,JUM,CJF_2,CJF,2,R,R-JUM101521J068,0,0.3789656331657818,NA,NA,NA,NA,NA,NA,NA
JUM101521J068,JUM,CJF_3,CJF,3,R,R-JUM101521J068,0,0.40114052568842834,NA,NA,NA,NA,NA,NA,NA
JUM101521J069,JUM,CJF_1,CJF,1,R,R-JUM101521J069,0,0.47055437531294564,NA,NA,NA,NA,NA,NA,NA
JUM101521J069,JUM,CJF_2,CJF,2,R,R-JUM101521J069,0,0.5329930380098993,NA,NA,NA,NA,NA,NA,NA
JUM101521J069,JUM,CJF_3,CJF,3,R,R-JUM101521J069,0,0.43929056574618547,NA,NA,NA,NA,NA,NA,NA
JUM101521J070,JUM,CJF_1,CJF,1,R,R-JUM101521J070,6,1.190659198851423,0.4163065514340406,0.6640269906237852,0.8027958411017987,0.9054804892693451,1.008864119217223,1.1074026676603743,NA
JUM101521J070,JUM,CJF_2,CJF,2,R,R-JUM101521J070,6,1.0924159045772188,0.3623393971149947,0.5505872313292425,0.7086078634318096,0.851453790029273,0.956312029151605,1.0388053989504464,NA
JUM101521J070,JUM,CJF_3,CJF,3,R,R-JUM101521J070,6,1.140682378006357,0.4463507454313679,0.6063894333215241,0.7717751203306444,0.8829234115232192,1.0157155007339522,1.0827950489297347,NA
JUM101521J071,JUM,CJF_1,CJF,1,R,R-JUM101521J071,2,0.7864032125507292,0.42907684345979397,0.6325061311229676,NA,NA,NA,NA,NA
JUM101521J071,JUM,CJF_2,CJF,2,R,R-JUM101521J071,2,0.7671226743377039,0.43490537148060776,0.6138411332358601,NA,NA,NA,NA,NA
JUM101521J071,JUM,CJF_3,CJF,3,R,R-JUM101521J071,2,0.7482500857630594,0.43633830347960273,0.6381073429743311,NA,NA,NA,NA,NA
JUM101521J072,JUM,CJF_1,CJF,1,R,R-JUM101521J072,2,0.8024626069108154,0.48445081018717434,0.67160494236656,NA,NA,NA,NA,NA
JUM101521J072,JUM,CJF_2,CJF,2,R,R-JUM101521J072,2,0.8003985182068576,0.4702259778169382,0.6493989824125479,NA,NA,NA,NA,NA
JUM101521J072,JUM,CJF_3,CJF,3,R,R-JUM101521J072,2,0.7972992327111162,0.4751030278759665,0.6893403348683054,NA,NA,NA,NA,NA
JUM101521J073,JUM,CJF_1,CJF,1,R,R-JUM101521J073,3,0.8731427467977642,0.38265117618765643,0.5675238414152992,0.7482998172366695,NA,NA,NA,NA
JUM101521J073,JUM,CJF_2,CJF,2,R,R-JUM101521J073,3,0.8626569297347235,0.372540549631354,0.5722775502528562,0.7333622192648489,NA,NA,NA,NA
JUM101521J073,JUM,CJF_3,CJF,3,R,R-JUM101521J073,3,0.9068741552747049,0.4285448773581722,0.6110915118629202,0.7898357314777535,NA,NA,NA,NA
JUM101521J074,JUM,CJF_2,CJF,2,R,R-JUM101521J074,2,0.6999199261287146,0.384701469576424,0.5887392430201307,NA,NA,NA,NA,NA
JUM101521J074,JUM,CJF_3,CJF,3,R,R-JUM101521J074,2,0.7026177511962731,0.41648042842247335,0.6008758657358931,NA,NA,NA,NA,NA
JUM101521J075,JUM,CJF_1,CJF,1,R,R-JUM101521J075,2,0.8560602497950804,0.4422265783687305,0.679128816555275,NA,NA,NA,NA,NA
JUM101521J075,JUM,CJF_2,CJF,2,R,R-JUM101521J075,2,0.8150422515288872,0.40972810698598866,0.6402760747118916,NA,NA,NA,NA,NA
JUM101521J075,JUM,CJF_3,CJF,3,R,R-JUM101521J075,2,0.7702542599296034,0.4107781610920344,0.6179287225287386,NA,NA,NA,NA,NA
JUM101521J076,JUM,CJF_1,CJF,1,R,R-JUM101521J076,3,0.8801503228466351,0.40990054174204027,0.5515551732362998,0.7146410527688143,NA,NA,NA,NA
JUM101521J076,JUM,CJF_2,CJF,2,R,R-JUM101521J076,3,0.8843443144684537,0.49129087495130375,0.7075615697201043,0.8034905048499239,NA,NA,NA,NA
JUM101521J076,JUM,CJF_3,CJF,3,R,R-JUM101521J076,3,0.6341772043201082,0.38447441321631753,0.4823027407877435,0.5702122414851309,NA,NA,NA,NA
JUM101521J077,JUM,CJF_1,CJF,1,R,R-JUM101521J077,2,0.846837699509171,0.4755241202967684,0.6742609626971078,NA,NA,NA,NA,NA
JUM101521J077,JUM,CJF_2,CJF,2,R,R-JUM101521J077,2,0.8010528118104863,0.4249951092986784,0.6504587974303027,NA,NA,NA,NA,NA
JUM101521J077,JUM,CJF_3,CJF,3,R,R-JUM101521J077,2,0.7546996961963179,0.4138314143250246,0.6144209412991006,NA,NA,NA,NA,NA
JUM101521J078,JUM,CJF_1,CJF,1,R,R-JUM101521J078,2,0.9534947003477345,0.5572435582762144,0.808719461053182,NA,NA,NA,NA,NA
JUM101521J078,JUM,CJF_2,CJF,2,R,R-JUM101521J078,2,0.9406374012141665,0.5477715234956638,0.7564387158266576,NA,NA,NA,NA,NA
JUM101521J078,JUM,CJF_3,CJF,3,R,R-JUM101521J078,2,0.922460805602489,0.5181966819574443,0.7655975078916799,NA,NA,NA,NA,NA
JUM101521J079,JUM,CJF_1,CJF,1,R,R-JUM101521J079,3,0.9232870939846589,0.4426693417484797,0.6418322008959694,0.8264292100775996,NA,NA,NA,NA
JUM101521J079,JUM,CJF_2,CJF,2,R,R-JUM101521J079,3,0.9567960153787569,0.48748543213784923,0.6942508231977994,0.8557205372760673,NA,NA,NA,NA
JUM101521J079,JUM,CJF_3,CJF,3,R,R-JUM101521J079,3,0.9287106710855431,0.4636634308781424,0.6443403382573526,0.79503714377841594,NA,NA,NA,NA
JUM101521J080,JUM,CJF_1,CJF,1,R,R-JUM101521J080,2,0.7937262762600025,0.448792444400998,0.6261145676033599,NA,NA,NA,NA,NA
JUM101521J080,JUM,CJF_2,CJF,2,R,R-JUM101521J080,2,0.7615962054186438,0.38901902856108067,0.613330629398818,NA,NA,NA,NA,NA
JUM101521J080,JUM,CJF_3,CJF,3,R,R-JUM101521J080,2,0.7444947249122517,0.4043745656597452,0.5872778344469813,NA,NA,NA,NA,NA
JUM101521J082,JUM,CJF_1,CJF,1,R,R-JUM101521J082,6,1.0028678604706218,0.5616805658321652,0.6722200792486333,0.7522317919385846,0.836097508673428,0.9064693725736841,0.9492063581198238,NA
JUM101521J082,JUM,CJF_2,CJF,2,R,R-JUM101521J082,6,1.2051738062599766,0.4254019456088878,0.6805798939509227,0.7838511542266741,0.8871619263919881,1.0025920436153728,1.1383000930479976,NA
JUM101521J082,JUM,CJF_3,CJF,3,R,R-JUM101521J082,6,1.1034029159210845,0.3790982202125012,0.597533711922303,0.7226747202528204,0.846385624836805,0.9456003949114522,1.0352196830697884,NA
JUM101521J083,JUM,CJF_1,CJF,1,R,R-JUM101521J083,7,1.3520831591263545,0.47003253400393774,0.6693929170913316,0.8160230292454067,0.9591427432745075,1.0779006100848374,1.1336451007723278,1.2268006744368802
JUM101521J083,JUM,CJF_2,CJF,2,R,R-JUM101521J083,7,1.2840751182900048,0.4016957076517577,0.589305536969727,0.753612104674705,0.8603666086231602,0.9864012788966026,1.0727218756463153,1.1896933331941422
JUM101521J083,JUM,CJF_3,CJF,3,R,R-JUM101521J083,7,1.3776317843764914,0.47827040452892416,0.6624490398720791,0.8208992786115531,0.984558260062697,1.0813171529017487,1.182206453364081,1.2681663517129331
JUM101521J084,JUM,CJF_1,CJF,1,R,R-JUM101521J084,2,0.8014834652473604,0.45559964761193616,0.6203177747146653,NA,NA,NA,NA,NA
JUM101521J084,JUM,CJF_2,CJF,2,R,R-JUM101521J084,2,0.6469609045969371,0.3565730118156384,0.55320012453027,NA,NA,NA,NA,NA
JUM101521J084,JUM,CJF_3,CJF,3,R,R-JUM101521J084,2,0.7135035204445274,0.4000077141053422,0.6027063599155185,NA,NA,NA,NA,NA
JUM101521J085,JUM,CJF_1,CJF,1,R,R-JUM101521J085,2,0.8573400736517862,0.5037643646658312,0.6993710525427606,NA,NA,NA,NA,NA
JUM101521J085,JUM,CJF_2,CJF,2,R,R-JUM101521J085,2,0.8372569786884833,0.47840300301785466,0.6876607144975899,NA,NA,NA,NA,NA
JUM101521J085,JUM,CJF_3,CJF,3,R,R-JUM101521J085,2,0.8961969570210465,0.5168514867434161,0.7086607336441391,NA,NA,NA,NA,NA
JUM101521J086,JUM,CJF_1,CJF,1,R,R-JUM101521J086,0,0.47225822295787806,NA,NA,NA,NA,NA,NA,NA
JUM101521J086,JUM,CJF_2,CJF,2,R,R-JUM101521J086,0,0.43396063337064256,NA,NA,NA,NA,NA,NA,NA
JUM101521J086,JUM,CJF_3,CJF,3,R,R-JUM101521J086,0,0.43053168536385683,NA,NA,NA,NA,NA,NA,NA
JUM101521J087,JUM,CJF_1,CJF,1,R,R-JUM101521J087,0,0.4784901831223607,NA,NA,NA,NA,NA,NA,NA
JUM101521J087,JUM,CJF_2,CJF,2,R,R-JUM101521J087,0,0.5064341951980104,NA,NA,NA,NA,NA,NA,NA
JUM101521J087,JUM,CJF_3,CJF,3,R,R-JUM101521J087,0,0.5074082908627962,NA,NA,NA,NA,NA,NA,NA
JUM101521J088,JUM,CJF_1,CJF,1,R,R-JUM101521J088,0,0.581958312401677,NA,NA,NA,NA,NA,NA,NA
JUM101521J088,JUM,CJF_2,CJF,2,R,R-JUM101521J088,0,0.4962962808072812,NA,NA,NA,NA,NA,NA,NA
JUM101521J088,JUM,CJF_3,CJF,3,R,R-JUM101521J088,0,0.5467884471875496,NA,NA,NA,NA,NA,NA,NA
JUM101521J089,JUM,CJF_1,CJF,1,R,R-JUM101521J089,0,0.5484664547517476,NA,NA,NA,NA,NA,NA,NA
JUM101521J089,JUM,CJF_2,CJF,2,R,R-JUM101521J089,0,0.5318372657860037,NA,NA,NA,NA,NA,NA,NA
JUM101521J089,JUM,CJF_3,CJF,3,R,R-JUM101521J089,0,0.5160916017293955,NA,NA,NA,NA,NA,NA,NA
JUM101521J090,JUM,CJF_1,CJF,1,R,R-JUM101521J090,2,0.8514232584272667,0.5212321283692976,0.6941113233829845,NA,NA,NA,NA,NA
JUM101521J090,JUM,CJF_2,CJF,2,R,R-JUM101521J090,2,0.8411442252547208,0.52603807394016,0.7144831584625737,NA,NA,NA,NA,NA
JUM101521J090,JUM,CJF_3,CJF,3,R,R-JUM101521J090,2,0.8018720883831176,0.46905937197327696,0.658383929105458,NA,NA,NA,NA,NA
JUM101521J091,JUM,CJF_1,CJF,1,R,R-JUM101521J091,0,0.509208924814607,NA,NA,NA,NA,NA,NA,NA
JUM101521J091,JUM,CJF_2,CJF,2,R,R-JUM101521J091,0,0.431670950420761,NA,NA,NA,NA,NA,NA,NA
JUM101521J091,JUM,CJF_3,CJF,3,R,R-JUM101521J091,0,0.4703285610509992,NA,NA,NA,NA,NA,NA,NA
JUM101521J092,JUM,CJF_1,CJF,1,R,R-JUM101521J092,0,0.5241824125244289,NA,NA,NA,NA,NA,NA,NA
JUM101521J092,JUM,CJF_2,CJF,2,R,R-JUM101521J092,0,0.5005632902407218,NA,NA,NA,NA,NA,NA,NA
JUM101521J092,JUM,CJF_3,CJF,3,R,R-JUM101521J092,0,0.5233826242146993,NA,NA,NA,NA,NA,NA,NA
JUM101521J093,JUM,CJF_1,CJF,1,R,R-JUM101521J093,0,0.4283962582557273,NA,NA,NA,NA,NA,NA,NA
JUM101521J093,JUM,CJF_2,CJF,2,R,R-JUM101521J093,0,0.4171029860894007,NA,NA,NA,NA,NA,NA,NA
JUM101521J093,JUM,CJF_3,CJF,3,R,R-JUM101521J093,0,0.4224126409046609,NA,NA,NA,NA,NA,NA,NA
JUM101521J094,JUM,CJF_1,CJF,1,R,R-JUM101521J094,0,0.484897715372015,NA,NA,NA,NA,NA,NA,NA
JUM101521J094,JUM,CJF_2,CJF,2,R,R-JUM101521J094,0,0.4148353541990804,NA,NA,NA,NA,NA,NA,NA
JUM101521J094,JUM,CJF_3,CJF,3,R,R-JUM101521J094,0,0.42710792263632785,NA,NA,NA,NA,NA,NA,NA
JUM101521J095,JUM,CJF_1,CJF,1,R,R-JUM101521J095,0,0.5379529808659761,NA,NA,NA,NA,NA,NA,NA
JUM101521J095,JUM,CJF_2,CJF,2,R,R-JUM101521J095,0,0.4961403066500011,NA,NA,NA,NA,NA,NA,NA
JUM101521J095,JUM,CJF_3,CJF,3,R,R-JUM101521J095,0,0.4935360075228115,NA,NA,NA,NA,NA,NA,NA
JUM101521J096,JUM,CJF_1,CJF,1,R,R-JUM101521J096,0,0.5722052087647866,NA,NA,NA,NA,NA,NA,NA
JUM101521J096,JUM,CJF_2,CJF,2,R,R-JUM101521J096,0,0.458036427547661,NA,NA,NA,NA,NA,NA,NA
JUM101521J096,JUM,CJF_3,CJF,3,R,R-JUM101521J096,0,0.475204049172634,NA,NA,NA,NA,NA,NA,NA
JUM101521J097,JUM,CJF_1,CJF,1,R,R-JUM101521J097,0,0.5609071667509797,NA,NA,NA,NA,NA,NA,NA
JUM101521J097,JUM,CJF_2,CJF,2,R,R-JUM101521J097,0,0.5576336505190708,NA,NA,NA,NA,NA,NA,NA
JUM101521J097,JUM,CJF_3,CJF,3,R,R-JUM101521J097,0,0.5540709073011774,NA,NA,NA,NA,NA,NA,NA
JUM101521J098,JUM,CJF_1,CJF,1,R,R-JUM101521J098,0,0.48958196319161623,NA,NA,NA,NA,NA,NA,NA
JUM101521J098,JUM,CJF_2,CJF,2,R,R-JUM101521J098,0,0.4269405632350912,NA,NA,NA,NA,NA,NA,NA
JUM101521J098,JUM,CJF_3,CJF,3,R,R-JUM101521J098,0,0.4751844518447046,NA,NA,NA,NA,NA,NA,NA
JUM101521J099,JUM,CJF_1,CJF,1,R,R-JUM101521J099,0,0.5540668324908308,NA,NA,NA,NA,NA,NA,NA
JUM101521J099,JUM,CJF_2,CJF,2,R,R-JUM101521J099,0,0.4763613917007257,NA,NA,NA,NA,NA,NA,NA
JUM101521J099,JUM,CJF_3,CJF,3,R,R-JUM101521J099,0,0.5064932090497136,NA,NA,NA,NA,NA,NA,NA
JUM101521J103,JUM,CJF_1,CJF,1,R,R-JUM101521J103,0,0.4459212627987237,NA,NA,NA,NA,NA,NA,NA
JUM101521J103,JUM,CJF_2,CJF,2,R,R-JUM101521J103,0,0.48489200717660236,NA,NA,NA,NA,NA,NA,NA
JUM101521J103,JUM,CJF_3,CJF,3,R,R-JUM101521J103,0,0.4875413640646695,NA,NA,NA,NA,NA,NA,NA
JUM101521J104,JUM,CJF_1,CJF,1,R,R-JUM101521J104,0,0.5433479956118538,NA,NA,NA,NA,NA,NA,NA
JUM101521J104,JUM,CJF_2,CJF,2,R,R-JUM101521J104,0,0.5125820242951507,NA,NA,NA,NA,NA,NA,NA
JUM101521J104,JUM,CJF_3,CJF,3,R,R-JUM101521J104,0,0.5281628407623887,NA,NA,NA,NA,NA,NA,NA
JUM101521J105,JUM,CJF_1,CJF,1,R,R-JUM101521J105,7,1.4862389434898617,0.5914750484771968,0.8429286110093115,0.9776014730451763,1.0934338572110438,1.2088677389560711,1.2913068145677427,1.4130208556027697
JUM101521J105,JUM,CJF_2,CJF,2,R,R-JUM101521J105,7,1.511406938673927,0.6548837508762715,0.8751897168112125,0.9971716554164302,1.1273586820726211,1.236144150364929,1.3380493393868313,1.430339219788004
JUM101521J105,JUM,CJF_3,CJF,3,R,R-JUM101521J105,7,1.5050406411263932,0.6503926217854019,0.8611590148716124,1.0023609486425573,1.1154458851506068,1.241038689839507,1.3450254927961327,1.4357846555393616
JUM101521J106,JUM,CJF_1,CJF,1,R,R-JUM101521J106,5,1.260646484481472,0.5533962816560546,0.7341960181796473,0.8821579391258734,0.9824753435976609,1.1055738206009966,NA,NA
JUM101521J106,JUM,CJF_2,CJF,2,R,R-JUM101521J106,5,1.2055429584823687,0.5162626399807339,0.684278677793984,0.8422914341919324,1.0039811193661021,1.079751291456007,NA,NA
JUM101521J106,JUM,CJF_3,CJF,3,R,R-JUM101521J106,5,1.2347353811772606,0.589575209884786,0.7397348811776784,0.8835895718115567,1.0087226312223008,1.1191564481319902,NA,NA
JUM101521J107,JUM,CJF_1,CJF,1,R,R-JUM101521J107,7,1.3994374614798193,0.5923848810256892,0.8112549262859761,0.945448471087976,1.0605215983728788,1.1459684435610713,1.2525844138638347,1.3147084957030846
JUM101521J107,JUM,CJF_2,CJF,2,R,R-JUM101521J107,7,1.3518531298214844,0.5498004685389806,0.7733443425987274,0.9291784041384583,0.9988875096268589,1.1172507461829664,1.2227280939971459,1.2939678683381635
JUM101521J107,JUM,CJF_3,CJF,3,R,R-JUM101521J107,7,0.8847241508232982,0.3241469834114961,0.4688981194585937,0.5259324560945039,0.5952218787290992,0.6833070185129423,0.75840039155279515,0.811104139274042
JUM101521J108,JUM,CJF_1,CJF,1,R,R-JUM101521J108,0,0.6423574198063658,NA,NA,NA,NA,NA,NA,NA
JUM101521J108,JUM,CJF_2,CJF,2,R,R-JUM101521J108,0,0.586701014391569,NA,NA,NA,NA,NA,NA,NA
JUM101521J108,JUM,CJF_3,CJF,3,R,R-JUM101521J108,0,0.6023697995059428,NA,NA,NA,NA,NA,NA,NA
JUM101521J109,JUM,CJF_1,CJF,1,R,R-JUM101521J109,0,0.5070492423454799,NA,NA,NA,NA,NA,NA,NA
JUM101521J109,JUM,CJF_2,CJF,2,R,R-JUM101521J109,0,0.546599729465025,NA,NA,NA,NA,NA,NA,NA
JUM101521J109,JUM,CJF_3,CJF,3,R,R-JUM101521J109,0,0.4907117244293435,NA,NA,NA,NA,NA,NA,NA
JUM101521J110,JUM,CJF_1,CJF,1,R,R-JUM101521J110,0,0.4065550202710731,NA,NA,NA,NA,NA,NA,NA
JUM101521J110,JUM,CJF_2,CJF,2,R,R-JUM101521J110,0,0.4479029779459526,NA,NA,NA,NA,NA,NA,NA
JUM101521J110,JUM,CJF_3,CJF,3,R,R-JUM101521J110,0,0.4518053432986757,NA,NA,NA,NA,NA,NA,NA
JUM101521J111,JUM,CJF_1,CJF,1,R,R-JUM101521J111,0,0.6108565800817034,NA,NA,NA,NA,NA,NA,NA
JUM101521J111,JUM,CJF_2,CJF,2,R,R-JUM101521J111,0,0.5985687876365505,NA,NA,NA,NA,NA,NA,NA
JUM101521J111,JUM,CJF_3,CJF,3,R,R-JUM101521J111,0,0.5692155939469139,NA,NA,NA,NA,NA,NA,NA
JUM101521J112,JUM,CJF_1,CJF,1,R,R-JUM101521J112,0,0.5253535493102287,NA,NA,NA,NA,NA,NA,NA
JUM101521J112,JUM,CJF_2,CJF,2,R,R-JUM101521J112,0,0.5449204970731859,NA,NA,NA,NA,NA,NA,NA
JUM101521J112,JUM,CJF_3,CJF,3,R,R-JUM101521J112,0,0.5766958038188728,NA,NA,NA,NA,NA,NA,NA
JUM101521J114,JUM,CJF_1,CJF,1,R,R-JUM101521J114,0,0.5486591201730557,NA,NA,NA,NA,NA,NA,NA
JUM101521J114,JUM,CJF_2,CJF,2,R,R-JUM101521J114,0,0.5515352925196509,NA,NA,NA,NA,NA,NA,NA
JUM101521J114,JUM,CJF_3,CJF,3,R,R-JUM101521J114,0,0.5619694337250364,NA,NA,NA,NA,NA,NA,NA
JUM101521J115,JUM,CJF_1,CJF,1,R,R-JUM101521J115,0,0.585818497836551,NA,NA,NA,NA,NA,NA,NA
JUM101521J115,JUM,CJF_2,CJF,2,R,R-JUM101521J115,0,0.5310318694526571,NA,NA,NA,NA,NA,NA,NA
JUM101521J115,JUM,CJF_3,CJF,3,R,R-JUM101521J115,0,0.5691631972185206,NA,NA,NA,NA,NA,NA,NA
