fishid,id,light_type,reading,rep,agecap,radcap,rad1,rad2,rad3,rad4,rad5,rad6,rad7,rad8,rad9,rad10,rad11,rad12,rad13,rad14,rad15,rad16,rad17,rad18,rad19,rad20,rad21,rad22,rad23,waterbody
NAR031620001,R-NAR031620001,R,CJF_1,1,3,0.8919806839596757,0.5790540336720938,0.7697622973763392,0.8919806839596757,NA,NA,NA,NA,NA,NA,NA,NA,NA,NA,NA,NA,NA,NA,NA,NA,NA,NA,NA,NA,NAR
NAR031620001,R-NAR031620001,R,CJF_2,2,3,0.9188835039046113,0.5857848609610179,0.7656963935072688,0.9188835039046113,NA,NA,NA,NA,NA,NA,NA,NA,NA,NA,NA,NA,NA,NA,NA,NA,NA,NA,NA,NA,NAR
NAR031620001,R-NAR031620001,R,CJF_3,3,3,0.8749576221338682,0.5790050847366314,0.7525453123646286,0.8749576221338682,NA,NA,NA,NA,NA,NA,NA,NA,NA,NA,NA,NA,NA,NA,NA,NA,NA,NA,NA,NA,NAR
NAR031620001,R-NAR031620001,R,LEL_1,1,2,0.7178301879894614,0.45932569958944686,0.590613831084431,NA,NA,NA,NA,NA,NA,NA,NA,NA,NA,NA,NA,NA,NA,NA,NA,NA,NA,NA,NA,NA,NAR
NAR031620002,R-NAR031620002,R,CJF_1,1,4,0.8949222781277247,0.31331401130936576,0.6206151311614876,0.7373564833799391,0.8949222781277247,NA,NA,NA,NA,NA,NA,NA,NA,NA,NA,NA,NA,NA,NA,NA,NA,NA,NA,NA,NAR
NAR031620002,R-NAR031620002,R,CJF_2,2,3,0.9179444833119214,0.5933950468344417,0.7763475261676709,0.9179444833119214,NA,NA,NA,NA,NA,NA,NA,NA,NA,NA,NA,NA,NA,NA,NA,NA,NA,NA,NA,NA,NAR
NAR031620002,R-NAR031620002,R,LEL_1,1,1,0.6863476846244095,0.4397164483977778,NA,NA,NA,NA,NA,NA,NA,NA,NA,NA,NA,NA,NA,NA,NA,NA,NA,NA,NA,NA,NA,NA,NAR
NAR031620003,R-NAR031620003,R,LEL_1,1,0,0.6597210872033833,NA,NA,NA,NA,NA,NA,NA,NA,NA,NA,NA,NA,NA,NA,NA,NA,NA,NA,NA,NA,NA,NA,NA,NAR
NAR031620004,R-NAR031620004,R,CJF_1,1,5,1.0376158198630452,0.3888225433196898,0.6478135082318135,0.8362872658548981,0.9467454958112511,1.0376158198630452,NA,NA,NA,NA,NA,NA,NA,NA,NA,NA,NA,NA,NA,NA,NA,NA,NA,NA,NAR
NAR031620004,R-NAR031620004,R,CJF_2,2,5,1.0776758029355606,0.4235708330494854,0.6923639651055834,0.8557337529076543,0.9666441182688221,1.0776758029355606,NA,NA,NA,NA,NA,NA,NA,NA,NA,NA,NA,NA,NA,NA,NA,NA,NA,NA,NAR
NAR031620004,R-NAR031620004,R,CJF_3,3,5,0.9555128732852214,0.310727563944754,0.5943357990164033,0.7478765521587046,0.8731303204618475,0.9555128732852214,NA,NA,NA,NA,NA,NA,NA,NA,NA,NA,NA,NA,NA,NA,NA,NA,NA,NA,NAR
NAR031620004,R-NAR031620004,R,LEL_1,1,2,0.8045958100787076,0.5383458321311347,0.7158350062769951,NA,NA,NA,NA,NA,NA,NA,NA,NA,NA,NA,NA,NA,NA,NA,NA,NA,NA,NA,NA,NA,NAR
NAR031620005,R-NAR031620005,R,CJF_1,1,7,1.134398018486018,0.4108178878503348,0.6150724111887197,0.7726400746824658,0.8769155699537752,0.9700965605573157,1.0412812709110566,1.134398018486018,NA,NA,NA,NA,NA,NA,NA,NA,NA,NA,NA,NA,NA,NA,NA,NA,NAR
NAR031620005,R-NAR031620005,R,CJF_2,2,7,1.0994162937409901,0.38789083401076485,0.5941875506236769,0.7381756232133799,0.8445576509949324,0.9310379450091809,0.9997514633679927,1.0994162937409901,NA,NA,NA,NA,NA,NA,NA,NA,NA,NA,NA,NA,NA,NA,NA,NA,NAR
NAR031620005,R-NAR031620005,R,CJF_3,3,7,1.131563726836222,0.4309808660285427,0.6320706193487644,0.784590199311558,0.8818691493321401,0.9813022832281207,1.0542961465699883,1.131563726836222,NA,NA,NA,NA,NA,NA,NA,NA,NA,NA,NA,NA,NA,NA,NA,NA,NAR
NAR031620005,R-NAR031620005,R,LEL_1,1,4,0.837514580182886,0.4923546251393482,0.6103740389799546,0.7045519334102122,0.751454409023268,NA,NA,NA,NA,NA,NA,NA,NA,NA,NA,NA,NA,NA,NA,NA,NA,NA,NA,NA,NAR
NAR031620006,R-NAR031620006,R,CJF_1,1,6,1.0747359820252722,0.33951031481944616,0.5939488971925693,0.761020516316292,0.8926036669350853,0.9883597970457181,1.0747359820252722,NA,NA,NA,NA,NA,NA,NA,NA,NA,NA,NA,NA,NA,NA,NA,NA,NA,NAR
NAR031620006,R-NAR031620006,R,CJF_2,2,6,1.1110763727927868,0.36835457237875047,0.6096174558341545,0.7866908274011691,0.9138725875594662,1.0255009792200716,1.1110763727927868,NA,NA,NA,NA,NA,NA,NA,NA,NA,NA,NA,NA,NA,NA,NA,NA,NA,NAR
NAR031620006,R-NAR031620006,R,CJF_3,3,6,1.0707039845485542,0.3490753965148078,0.5889008657129065,0.7664319976025582,0.876604287964747,0.9718905200183743,1.0707039845485542,NA,NA,NA,NA,NA,NA,NA,NA,NA,NA,NA,NA,NA,NA,NA,NA,NA,NAR
NAR031620006,R-NAR031620006,R,LEL_1,1,5,0.9409182686951736,0.30066872335722417,0.494882675998169,0.6394453303077563,0.7661822426210055,0.8597240705422107,NA,NA,NA,NA,NA,NA,NA,NA,NA,NA,NA,NA,NA,NA,NA,NA,NA,NA,NAR
NAR031620007,R-NAR031620007,R,LEL_1,1,4,1.0416441598732882,0.5192263931814997,0.6358294888234152,0.7289640806337394,0.8464234395147571,NA,NA,NA,NA,NA,NA,NA,NA,NA,NA,NA,NA,NA,NA,NA,NA,NA,NA,NA,NAR
NAR031620008,R-NAR031620008,R,CJF_1,1,8,1.2165632872715968,0.3586981816342386,0.5801911136847087,0.7156519685818881,0.7957395904664495,0.9329126548233516,1.0666291150339422,1.1458123543483432,1.2165632872715968,NA,NA,NA,NA,NA,NA,NA,NA,NA,NA,NA,NA,NA,NA,NA,NAR
NAR031620008,R-NAR031620008,R,LEL_1,1,7,1.2974345728034042,0.5053559855491748,0.5906097516252119,0.6937713469011216,0.8446871533766925,0.9633294003910737,1.0532401868828232,1.1552868606815772,NA,NA,NA,NA,NA,NA,NA,NA,NA,NA,NA,NA,NA,NA,NA,NA,NAR
NAR031620009,R-NAR031620009,R,CJF_1,1,4,0.7511196347302262,0.3258428073373898,0.4587312446589987,0.5935989596227138,0.7511196347302262,NA,NA,NA,NA,NA,NA,NA,NA,NA,NA,NA,NA,NA,NA,NA,NA,NA,NA,NA,NAR
NAR031620009,R-NAR031620009,R,LEL_1,1,3,0.880862806908552,0.5900463452875607,0.6610669673964927,0.7742642396892208,NA,NA,NA,NA,NA,NA,NA,NA,NA,NA,NA,NA,NA,NA,NA,NA,NA,NA,NA,NA,NAR
NAR031620010,R-NAR031620010,R,CJF_1,1,8,1.272834470357747,0.4423390863868997,0.6626797591646082,0.7825085925778389,0.8698200974148043,0.9792703048669138,1.0821894175899123,1.2025708312803038,1.272834470357747,NA,NA,NA,NA,NA,NA,NA,NA,NA,NA,NA,NA,NA,NA,NA,NAR
NAR031620010,R-NAR031620010,R,CJF_2,2,8,1.2588307316748815,0.37696039797782976,0.6172292474213006,0.7622205305464634,0.8572769587636901,0.9792228336630608,1.081830891429879,1.151324701571449,1.2588307316748815,NA,NA,NA,NA,NA,NA,NA,NA,NA,NA,NA,NA,NA,NA,NA,NAR
NAR031620010,R-NAR031620010,R,CJF_3,3,8,1.2788998820401332,0.3845908960726946,0.6383107475869575,0.774516188199787,0.8715251173052502,0.9816859527267198,1.0719893249538535,1.1710174334848826,1.2788998820401332,NA,NA,NA,NA,NA,NA,NA,NA,NA,NA,NA,NA,NA,NA,NA,NAR
NAR031620010,R-NAR031620010,R,LEL_1,1,7,1.0823841240446876,0.10140053433344676,0.19611694652210068,0.2975174808555476,0.39695266425562997,0.4819784890966352,0.586521655952109,0.6756047051222389,NA,NA,NA,NA,NA,NA,NA,NA,NA,NA,NA,NA,NA,NA,NA,NA,NAR
NAR031620011,R-NAR031620011,R,CJF_1,1,16,1.79068234627257,0.3767445585189659,0.5286426723743389,0.6834383978251153,0.8310856771142743,0.9303187413292483,1.0056867695984193,1.1018310565642102,1.179809947948114,1.235563774837696,1.3122850260776784,1.4002143923917119,1.4770312264585845,1.552208089073975,1.6373354266194957,1.7085482031493429,1.79068234627257,NA,NA,NA,NA,NA,NA,NA,NAR
NAR031620011,R-NAR031620011,R,CJF_2,2,16,1.7555591822769958,0.2656728075137977,0.48031372120872773,0.6657191984381862,0.8015476551170069,0.9010309217601251,0.9825885125417736,1.069965596396345,1.1615426872846868,1.2363197500379468,1.2972065311925862,1.364873840375614,1.4716314733598856,1.535263388280065,1.601640436965784,1.6933821406250478,1.7555591822769958,NA,NA,NA,NA,NA,NA,NA,NAR
NAR031620011,R-NAR031620011,R,CJF_3,3,16,1.8004268606873737,0.3152440558958736,0.5434481300575849,0.7120895895979389,0.8545319230152086,0.9457728601837567,1.0274150304860847,1.1186559676546333,1.1891769751242038,1.251458841709546,1.3343385605054583,1.4284208271264005,1.5072623604724706,1.5708224680475338,1.6482636829154755,1.722944953323296,1.8004268606873737,NA,NA,NA,NA,NA,NA,NA,NAR
NAR031620011,R-NAR031620011,R,LEL_1,1,14,1.7457964040443334,0.07857666514179455,0.14286627634806232,0.20611425642383963,0.3028465866281824,0.36535084896841,0.4357423560119508,0.5037526873995705,0.5957226662920705,0.6555478395814364,0.7317433290673098,0.8260944836157308,0.9080939555439373,1.0232798642057677,1.1223933700660307,NA,NA,NA,NA,NA,NA,NA,NA,NA,NAR
NAR031620013,R-NAR031620013,R,CJF_1,1,3,0.7967899280045431,0.5427819007902872,0.6886200711764043,0.7967899280045431,NA,NA,NA,NA,NA,NA,NA,NA,NA,NA,NA,NA,NA,NA,NA,NA,NA,NA,NA,NA,NAR
NAR031620013,R-NAR031620013,R,CJF_2,2,3,0.8694168280279387,0.6155451735653115,0.768668534990001,0.8694168280279387,NA,NA,NA,NA,NA,NA,NA,NA,NA,NA,NA,NA,NA,NA,NA,NA,NA,NA,NA,NA,NAR
NAR031620013,R-NAR031620013,R,CJF_3,3,3,0.766394767892729,0.5307573628239796,0.6511501354286436,0.766394767892729,NA,NA,NA,NA,NA,NA,NA,NA,NA,NA,NA,NA,NA,NA,NA,NA,NA,NA,NA,NA,NAR
NAR031620013,R-NAR031620013,R,LEL_1,1,2,0.8178977102862415,0.5665914438315286,0.7393831011275827,NA,NA,NA,NA,NA,NA,NA,NA,NA,NA,NA,NA,NA,NA,NA,NA,NA,NA,NA,NA,NA,NAR
NAR031620015,R-NAR031620015,R,CJF_1,1,5,0.9505976903615191,0.3678781604529628,0.628287120154281,0.75861140711662145,0.8601186417722764,0.9505976903615191,NA,NA,NA,NA,NA,NA,NA,NA,NA,NA,NA,NA,NA,NA,NA,NA,NA,NA,NAR
NAR031620015,R-NAR031620015,R,CJF_2,2,5,0.9445531432052512,0.38390597640992763,0.6419856690671626,0.7636024584709238,0.8593961105884775,0.9445531432052512,NA,NA,NA,NA,NA,NA,NA,NA,NA,NA,NA,NA,NA,NA,NA,NA,NA,NA,NAR
NAR031620015,R-NAR031620015,R,CJF_3,3,5,0.8980145733855276,0.3334304561670296,0.5656970482933901,0.7175159295395275,0.8170834821529929,0.8980145733855276,NA,NA,NA,NA,NA,NA,NA,NA,NA,NA,NA,NA,NA,NA,NA,NA,NA,NA,NAR
NAR031620015,R-NAR031620015,R,LEL_1,1,3,0.9418328797494241,0.6479736687436312,0.785540550083698,0.8500700544341586,NA,NA,NA,NA,NA,NA,NA,NA,NA,NA,NA,NA,NA,NA,NA,NA,NA,NA,NA,NA,NAR
NAR031620016,R-NAR031620016,R,CJF_1,1,7,1.0878850552698858,0.3341411107503896,0.5073394213800815,0.6403589035944051,0.7565069033918768,0.8904363314431036,0.9837319581605107,1.0878850552698858,NA,NA,NA,NA,NA,NA,NA,NA,NA,NA,NA,NA,NA,NA,NA,NA,NAR
NAR031620016,R-NAR031620016,R,CJF_2,2,6,1.0970164569298677,0.4914235013444253,0.6384304710817508,0.7740642321886866,0.8986792601406667,0.9911657235472067,1.0970164569298677,NA,NA,NA,NA,NA,NA,NA,NA,NA,NA,NA,NA,NA,NA,NA,NA,NA,NAR
NAR031620016,R-NAR031620016,R,CJF_3,3,6,1.1022530564366564,0.5099223444608394,0.6563361058753552,0.783399214700716,0.9077110542480757,1.0023435104583827,1.1022530564366564,NA,NA,NA,NA,NA,NA,NA,NA,NA,NA,NA,NA,NA,NA,NA,NA,NA,NAR
NAR031620016,R-NAR031620016,R,LEL_1,1,5,0.9094088469575221,0.4396460086431645,0.47802390912858733,0.5766395564272531,0.6849718263912985,0.814192893537254,NA,NA,NA,NA,NA,NA,NA,NA,NA,NA,NA,NA,NA,NA,NA,NA,NA,NA,NAR
NAR031620018,R-NAR031620018,R,CJF_1,1,5,1.0305153260277422,0.3962081316016386,0.5961439014337757,0.7189834345073164,0.8858320273589644,1.0305153260277422,NA,NA,NA,NA,NA,NA,NA,NA,NA,NA,NA,NA,NA,NA,NA,NA,NA,NA,NAR
NAR031620018,R-NAR031620018,R,CJF_2,2,5,0.9831614543673103,0.33033033691154906,0.5368480049345377,0.7017683435772322,0.831944088780262,0.9831614543673103,NA,NA,NA,NA,NA,NA,NA,NA,NA,NA,NA,NA,NA,NA,NA,NA,NA,NA,NAR
NAR031620018,R-NAR031620018,R,CJF_3,3,5,0.9640916977449937,0.3257325304041484,0.5352055702044104,0.661615436594673,0.8205687809746185,0.9640916977449937,NA,NA,NA,NA,NA,NA,NA,NA,NA,NA,NA,NA,NA,NA,NA,NA,NA,NA,NAR
NAR031620018,R-NAR031620018,R,LEL_1,1,2,0.9039696901809331,0.5908551636062609,0.7381844592968498,NA,NA,NA,NA,NA,NA,NA,NA,NA,NA,NA,NA,NA,NA,NA,NA,NA,NA,NA,NA,NA,NAR
NAR031620020,R-NAR031620020,R,LEL_1,1,0,0.9328717464972476,NA,NA,NA,NA,NA,NA,NA,NA,NA,NA,NA,NA,NA,NA,NA,NA,NA,NA,NA,NA,NA,NA,NA,NAR
NAR031620021,R-NAR031620021,R,CJF_1,1,7,1.2046648790605958,0.480261511059744,0.652746873713498,0.8040820651106791,0.9541414819358359,1.0593463397802692,1.1326434967064443,1.2046648790605958,NA,NA,NA,NA,NA,NA,NA,NA,NA,NA,NA,NA,NA,NA,NA,NA,NAR
NAR031620021,R-NAR031620021,R,CJF_2,2,7,1.2242556360302324,0.46343662747709413,0.6274389078633675,0.7672906825124066,0.9194542532501158,1.0354712980768566,1.1300213550110116,1.2242556360302324,NA,NA,NA,NA,NA,NA,NA,NA,NA,NA,NA,NA,NA,NA,NA,NA,NAR
NAR031620021,R-NAR031620021,R,CJF_3,3,7,1.3077600390316408,0.5238387264597356,0.6937414354968972,0.8701284153532155,1.0030370816077105,1.1161181731935677,1.229386645885009,1.3077600390316408,NA,NA,NA,NA,NA,NA,NA,NA,NA,NA,NA,NA,NA,NA,NA,NA,NAR
NAR031620021,R-NAR031620021,R,LEL_1,1,5,1.1591646750663605,0.4754365302736908,0.6070009584373129,0.7277161724132952,0.8836739876219031,1.0032068598577522,NA,NA,NA,NA,NA,NA,NA,NA,NA,NA,NA,NA,NA,NA,NA,NA,NA,NA,NAR
NAR031620022,R-NAR031620022,R,LEL_1,1,6,1.136190409018647,0.44424346679563664,0.552839662558211,0.6561087050165989,0.7667580304580093,0.8753542262205838,1.0048520705510677,NA,NA,NA,NA,NA,NA,NA,NA,NA,NA,NA,NA,NA,NA,NA,NA,NA,NAR
NAR031620023,R-NAR031620023,R,CJF_1,1,4,1.008170114938379,0.5505599950171296,0.7274684931616979,0.8645413305508893,1.008170114938379,NA,NA,NA,NA,NA,NA,NA,NA,NA,NA,NA,NA,NA,NA,NA,NA,NA,NA,NA,NAR
NAR031620023,R-NAR031620023,R,CJF_2,2,4,0.9697506433482836,0.5306812442883025,0.7060146466067865,0.8381502425279973,0.9697506433482836,NA,NA,NA,NA,NA,NA,NA,NA,NA,NA,NA,NA,NA,NA,NA,NA,NA,NA,NA,NAR
NAR031620023,R-NAR031620023,R,CJF_3,3,4,0.9244097706257817,0.5061788791250496,0.6681858637058151,0.8040362124365656,0.9244097706257817,NA,NA,NA,NA,NA,NA,NA,NA,NA,NA,NA,NA,NA,NA,NA,NA,NA,NA,NA,NAR
NAR031620023,R-NAR031620023,R,LEL_1,1,3,1.0699605047268568,0.49438059501688253,0.7650449773271892,0.926524887104033,NA,NA,NA,NA,NA,NA,NA,NA,NA,NA,NA,NA,NA,NA,NA,NA,NA,NA,NA,NA,NAR
NAR031620024,R-NAR031620024,R,CJF_1,1,7,1.2289405605644097,0.4800015382082355,0.6830017843580298,0.8417051640552682,0.9329363769298304,1.0403384195171612,1.1322398058570275,1.2289405605644097,NA,NA,NA,NA,NA,NA,NA,NA,NA,NA,NA,NA,NA,NA,NA,NA,NAR
NAR031620024,R-NAR031620024,R,CJF_2,2,7,1.185748878060071,0.4873166655870453,0.6684366002884712,0.8302502754744959,0.9168621569733337,1.0259092457999839,1.1007260711916795,1.185748878060071,NA,NA,NA,NA,NA,NA,NA,NA,NA,NA,NA,NA,NA,NA,NA,NA,NAR
NAR031620024,R-NAR031620024,R,CJF_3,3,7,1.0976746569266465,0.39192669215446985,0.5488997411714727,0.70160221114295,0.8079656961408238,0.9144540065549963,0.9960810526394928,1.0976746569266465,NA,NA,NA,NA,NA,NA,NA,NA,NA,NA,NA,NA,NA,NA,NA,NA,NAR
NAR031620024,R-NAR031620024,R,LEL_1,1,4,1.2386223422676874,0.7646801706637482,0.8835927792336806,0.9749977582739242,1.108199546822284,NA,NA,NA,NA,NA,NA,NA,NA,NA,NA,NA,NA,NA,NA,NA,NA,NA,NA,NA,NAR
NAR031720001,R-NAR031720001,R,LEL_1,1,1,0.8070319672491425,0.6468859306108373,NA,NA,NA,NA,NA,NA,NA,NA,NA,NA,NA,NA,NA,NA,NA,NA,NA,NA,NA,NA,NA,NA,NAR
NAR031720002,R-NAR031720002,R,LEL_1,1,0,0.7129755111537543,NA,NA,NA,NA,NA,NA,NA,NA,NA,NA,NA,NA,NA,NA,NA,NA,NA,NA,NA,NA,NA,NA,NA,NAR
NAR031720003,R-NAR031720003,R,CJF_1,1,4,0.9067898547391094,0.4512229546246663,0.6622234191540636,0.7954312908279617,0.9067898547391094,NA,NA,NA,NA,NA,NA,NA,NA,NA,NA,NA,NA,NA,NA,NA,NA,NA,NA,NA,NAR
NAR031720003,R-NAR031720003,R,CJF_2,2,4,0.9202635215077026,0.4807401573185278,0.6968798752780859,0.8055267905692828,0.9202635215077026,NA,NA,NA,NA,NA,NA,NA,NA,NA,NA,NA,NA,NA,NA,NA,NA,NA,NA,NA,NAR
NAR031720003,R-NAR031720003,R,CJF_3,3,4,0.8081228567414538,0.3532281250585521,0.5520191107010604,0.6841213634322215,0.8081228567414538,NA,NA,NA,NA,NA,NA,NA,NA,NA,NA,NA,NA,NA,NA,NA,NA,NA,NA,NA,NAR
NAR031720003,R-NAR031720003,R,LEL_1,1,4,0.8566893666388031,0.44002852332807996,0.5135640788476866,0.634067137738026,0.7197690708146771,NA,NA,NA,NA,NA,NA,NA,NA,NA,NA,NA,NA,NA,NA,NA,NA,NA,NA,NA,NAR
NAR031720004,R-NAR031720004,R,CJF_1,1,4,0.8903130448300072,0.4854547189638041,0.6527436124355136,0.7857002537452543,0.8903130448300072,NA,NA,NA,NA,NA,NA,NA,NA,NA,NA,NA,NA,NA,NA,NA,NA,NA,NA,NA,NAR
NAR031720004,R-NAR031720004,R,CJF_2,2,4,0.8438182996426246,0.45977864983268746,0.6150072758251952,0.7511311991607604,0.8438182996426246,NA,NA,NA,NA,NA,NA,NA,NA,NA,NA,NA,NA,NA,NA,NA,NA,NA,NA,NA,NAR
NAR031720004,R-NAR031720004,R,CJF_3,3,4,0.9158309861443265,0.5382039307750127,0.6900425470883814,0.8369770959619252,0.9158309861443265,NA,NA,NA,NA,NA,NA,NA,NA,NA,NA,NA,NA,NA,NA,NA,NA,NA,NA,NA,NAR
NAR031720004,R-NAR031720004,R,LEL_1,1,3,0.9478121231853128,0.5717421415957639,0.7200602001879205,0.831011665479773,NA,NA,NA,NA,NA,NA,NA,NA,NA,NA,NA,NA,NA,NA,NA,NA,NA,NA,NA,NA,NAR
NAR031720005,R-NAR031720005,R,CJF_1,1,6,1.2235760700943716,0.4236648661647491,0.7399586539490826,0.9154997598119361,1.0441340308083886,1.1374681843299923,1.2235760700943716,NA,NA,NA,NA,NA,NA,NA,NA,NA,NA,NA,NA,NA,NA,NA,NA,NA,NAR
NAR031720005,R-NAR031720005,R,CJF_2,2,6,1.168188172458431,0.3620796604724485,0.6762819389213378,0.8624460872121802,0.983812467074187,1.092699644422811,1.168188172458431,NA,NA,NA,NA,NA,NA,NA,NA,NA,NA,NA,NA,NA,NA,NA,NA,NA,NAR
NAR031720005,R-NAR031720005,R,CJF_3,3,6,1.1783412638797983,0.3652414513860966,0.6616273524431631,0.8608634751978027,0.9752963485495967,1.0897292219013908,1.1783412638797983,NA,NA,NA,NA,NA,NA,NA,NA,NA,NA,NA,NA,NA,NA,NA,NA,NA,NAR
NAR031720005,R-NAR031720005,R,LEL_1,1,5,1.1538843281673148,0.4964646674688378,0.6761075961598139,0.8458360250506071,0.9662830096287764,1.0481140727453093,NA,NA,NA,NA,NA,NA,NA,NA,NA,NA,NA,NA,NA,NA,NA,NA,NA,NA,NAR
NAR031720007,R-NAR031720007,R,CJF_1,1,9,1.16127633219067,0.3998150228466379,0.5548574972683705,0.6794526606293999,0.76118277651759,0.8636091197593404,0.9689806485325277,1.01598494147608,1.0851580545389115,1.16127633219067,NA,NA,NA,NA,NA,NA,NA,NA,NA,NA,NA,NA,NA,NA,NAR
NAR031720007,R-NAR031720007,R,CJF_2,2,9,1.252482793507923,0.4783977008732307,0.6652962860983247,0.7643211976161188,0.8772968988059431,0.95818965183774,1.0432679180631197,1.1130052889048059,1.1911109232139154,1.252482793507923,NA,NA,NA,NA,NA,NA,NA,NA,NA,NA,NA,NA,NA,NA,NAR
NAR031720007,R-NAR031720007,R,CJF_3,3,9,1.161710639250065,0.39303790352429335,0.5525594720204151,0.6723962317467825,0.7574014780994511,0.8657062023937951,0.9468758938451468,1.0213922159886004,1.1069190179526733,1.161710639250065,NA,NA,NA,NA,NA,NA,NA,NA,NA,NA,NA,NA,NA,NA,NAR
NAR031720007,R-NAR031720007,R,LEL_1,1,7,1.027126850506275,0.4586397575712754,0.5423354178901115,0.6280235747878783,0.7492136448319578,0.8275440602072291,0.880490807530083,0.9581466732324287,NA,NA,NA,NA,NA,NA,NA,NA,NA,NA,NA,NA,NA,NA,NA,NA,NAR
NAR031720008,R-NAR031720008,R,CJF_1,1,4,0.8428519308850548,0.3668310828091051,0.5866547125440404,0.7197041697459989,0.8428519308850548,NA,NA,NA,NA,NA,NA,NA,NA,NA,NA,NA,NA,NA,NA,NA,NA,NA,NA,NA,NAR
NAR031720008,R-NAR031720008,R,CJF_2,2,3,0.7893685714749955,0.5187780370095121,0.6516215732658361,0.7893685714749955,NA,NA,NA,NA,NA,NA,NA,NA,NA,NA,NA,NA,NA,NA,NA,NA,NA,NA,NA,NA,NAR
NAR031720008,R-NAR031720008,R,CJF_3,3,3,0.8090932691040199,0.5429775302519776,0.6814427717882862,0.8090932691040199,NA,NA,NA,NA,NA,NA,NA,NA,NA,NA,NA,NA,NA,NA,NA,NA,NA,NA,NA,NA,NAR
NAR031720008,R-NAR031720008,R,LEL_1,1,2,0.6238129479584881,0.3933339943589171,0.529705943921275,NA,NA,NA,NA,NA,NA,NA,NA,NA,NA,NA,NA,NA,NA,NA,NA,NA,NA,NA,NA,NA,NAR
NAR031720009,R-NAR031720009,R,CJF_1,1,5,0.9114851483767751,0.41236425254856063,0.5907361222088231,0.7355384552829023,0.8322078474201947,0.9114851483767751,NA,NA,NA,NA,NA,NA,NA,NA,NA,NA,NA,NA,NA,NA,NA,NA,NA,NA,NAR
NAR031720009,R-NAR031720009,R,CJF_2,2,5,0.8573437548939223,0.33375652117859744,0.5509687774604726,0.6773383682397851,0.7872790327720095,0.8573437548939223,NA,NA,NA,NA,NA,NA,NA,NA,NA,NA,NA,NA,NA,NA,NA,NA,NA,NA,NAR
NAR031720009,R-NAR031720009,R,CJF_3,3,4,0.8865657427784142,0.3659614125623849,0.5668304167018291,0.7035349468222896,0.8865657427784142,NA,NA,NA,NA,NA,NA,NA,NA,NA,NA,NA,NA,NA,NA,NA,NA,NA,NA,NA,NAR
NAR031720009,R-NAR031720009,R,LEL_1,1,4,0.7659643263272076,0.4352447107809285,0.5737630633505413,0.6426462612498393,0.7206752918134784,NA,NA,NA,NA,NA,NA,NA,NA,NA,NA,NA,NA,NA,NA,NA,NA,NA,NA,NA,NAR
NAR031720010,R-NAR031720010,R,CJF_1,1,4,0.8413057725965791,0.3648283353213882,0.5479563855354985,0.7210052339810873,0.8413057725965791,NA,NA,NA,NA,NA,NA,NA,NA,NA,NA,NA,NA,NA,NA,NA,NA,NA,NA,NA,NAR
NAR031720010,R-NAR031720010,R,CJF_2,2,4,0.8178315893268135,0.33782170434332,0.5358308729061139,0.6653816619824438,0.8178315893268135,NA,NA,NA,NA,NA,NA,NA,NA,NA,NA,NA,NA,NA,NA,NA,NA,NA,NA,NA,NAR
NAR031720010,R-NAR031720010,R,CJF_3,3,4,0.8041311043530964,0.31768923388389825,0.5083581623446828,0.6899119378023206,0.8041311043530964,NA,NA,NA,NA,NA,NA,NA,NA,NA,NA,NA,NA,NA,NA,NA,NA,NA,NA,NA,NAR
NAR031720010,R-NAR031720010,R,LEL_1,1,2,0.8993948579198835,0.48339647356602433,0.6519551605567928,NA,NA,NA,NA,NA,NA,NA,NA,NA,NA,NA,NA,NA,NA,NA,NA,NA,NA,NA,NA,NA,NAR
NAR031720011,R-NAR031720011,R,LEL_1,1,3,0.8838973448403579,0.44272132150239685,0.6365242511211402,0.7746125106806026,NA,NA,NA,NA,NA,NA,NA,NA,NA,NA,NA,NA,NA,NA,NA,NA,NA,NA,NA,NA,NAR
NAR031720012,R-NAR031720012,R,LEL_1,1,0,0.6970349117286602,NA,NA,NA,NA,NA,NA,NA,NA,NA,NA,NA,NA,NA,NA,NA,NA,NA,NA,NA,NA,NA,NA,NA,NAR
NAR031720013,R-NAR031720013,R,LEL_1,1,0,0.6970490431094696,NA,NA,NA,NA,NA,NA,NA,NA,NA,NA,NA,NA,NA,NA,NA,NA,NA,NA,NA,NA,NA,NA,NA,NAR
NAR031720014,R-NAR031720014,R,CJF_1,1,8,1.4172758519326127,0.47312374515520195,0.651165752444967,0.7858338190644422,0.9518320562548301,1.0844047393413108,1.2061543976508813,1.31524991319984,1.4172758519326127,NA,NA,NA,NA,NA,NA,NA,NA,NA,NA,NA,NA,NA,NA,NA,NAR
NAR031720014,R-NAR031720014,R,CJF_2,2,8,1.4173462881859726,0.4821527081520807,0.7057003716407526,0.848554469602319,0.9888408528009878,1.1303826641312475,1.2314805791346535,1.3369038082851865,1.4173462881859726,NA,NA,NA,NA,NA,NA,NA,NA,NA,NA,NA,NA,NA,NA,NA,NAR
NAR031720014,R-NAR031720014,R,CJF_3,3,8,1.3833981487641824,0.46623520757283904,0.6751915174829659,0.7829652090687644,0.9457182839086139,1.0864891650453896,1.209659951821885,1.3086216467293617,1.3833981487641824,NA,NA,NA,NA,NA,NA,NA,NA,NA,NA,NA,NA,NA,NA,NA,NAR
NAR031720014,R-NAR031720014,R,LEL_1,1,7,1.4188613261512197,0.6174161630677922,0.776661124824345,0.8456928617001901,0.9192610803543992,0.9838563590526201,1.151557283202719,1.2563807563017806,NA,NA,NA,NA,NA,NA,NA,NA,NA,NA,NA,NA,NA,NA,NA,NA,NAR
NAR031720015,R-NAR031720015,R,LEL_1,1,3,0.9763992750596773,0.6737717578472192,0.7486599236770739,0.8739630069070443,NA,NA,NA,NA,NA,NA,NA,NA,NA,NA,NA,NA,NA,NA,NA,NA,NA,NA,NA,NA,NAR
NAR031720016,R-NAR031720016,R,CJF_1,1,5,0.9391955859522574,0.415731808047934,0.6062456674068751,0.7313296819282907,0.8517034983377116,0.9391955859522574,NA,NA,NA,NA,NA,NA,NA,NA,NA,NA,NA,NA,NA,NA,NA,NA,NA,NA,NAR
NAR031720016,R-NAR031720016,R,CJF_2,2,5,0.910369298459701,0.3891790325144645,0.592986737067229,0.7175259680994619,0.8225242291093753,0.910369298459701,NA,NA,NA,NA,NA,NA,NA,NA,NA,NA,NA,NA,NA,NA,NA,NA,NA,NA,NAR
NAR031720016,R-NAR031720016,R,CJF_3,3,5,0.9516949066967691,0.4309487148967259,0.6207777150955816,0.7533203227132663,0.8456677053190742,0.9516949066967691,NA,NA,NA,NA,NA,NA,NA,NA,NA,NA,NA,NA,NA,NA,NA,NA,NA,NA,NAR
NAR031720016,R-NAR031720016,R,LEL_1,1,3,0.7920233583697132,0.46486700806210973,0.5862012016980895,0.6919031680088614,NA,NA,NA,NA,NA,NA,NA,NA,NA,NA,NA,NA,NA,NA,NA,NA,NA,NA,NA,NA,NAR
NAR031820001,R-NAR031820001,R,CJF_1,1,14,1.7079452745473314,0.5209468458703734,0.6919363199564322,0.8270278462862408,0.9205863276224189,1.0122380029858205,1.1076606299543006,1.1838772991762962,1.2687222141149077,1.333754009543093,1.416170277425936,1.4973295614404198,1.5692107776338697,1.655312676440841,1.7079452745473314,NA,NA,NA,NA,NA,NA,NA,NA,NA,NAR
NAR031820001,R-NAR031820001,R,CJF_2,2,13,1.7769011858538843,0.5444760864472818,0.7102082568826985,0.8260178502340505,0.9396917565259701,1.0322391340129524,1.1339663177987143,1.233180242818896,1.3012087750587193,1.3945112959579964,1.4746104649683258,1.5459073993860237,1.6656166240631964,1.7769011858538843,NA,NA,NA,NA,NA,NA,NA,NA,NA,NA,NAR
NAR031820001,R-NAR031820001,R,CJF_3,3,14,1.7899910355822826,0.5681505772482972,0.737708319547066,0.8655887526053327,0.9715381883651548,1.0621558720062454,1.1654952169551254,1.2400207157894778,1.3224730997642895,1.4038814474147245,1.4894207512521174,1.5619999792559003,1.6439303450685236,1.7204021147334445,1.7899910355822826,NA,NA,NA,NA,NA,NA,NA,NA,NA,NAR
NAR031820001,R-NAR031820001,R,LEL_1,1,11,1.496236877355892,0.569096187333401,0.6927674839593798,0.7662638929817687,0.8598030235817595,0.9443034688596318,1.0189771594706845,1.09417622964487,1.165181908170762,1.2344849255448571,1.3094213059374762,1.3694229482078855,NA,NA,NA,NA,NA,NA,NA,NA,NA,NA,NA,NA,NAR
NAR031820002,R-NAR031820002,R,LEL_1,1,7,1.4006075669033564,0.7427156742844524,0.8441993126664201,0.9139903820975769,1.0153750696973287,1.1376083919840687,1.2423939469130199,1.2934069568510083,NA,NA,NA,NA,NA,NA,NA,NA,NA,NA,NA,NA,NA,NA,NA,NA,NAR
NAR031820003,R-NAR031820003,R,LEL_1,1,0,0.761618007253071,NA,NA,NA,NA,NA,NA,NA,NA,NA,NA,NA,NA,NA,NA,NA,NA,NA,NA,NA,NA,NA,NA,NA,NAR
NAR031820004,R-NAR031820004,R,CJF_1,1,4,1.114098848548611,0.4593399498828934,0.718903069398892,0.9734225848304334,1.114098848548611,NA,NA,NA,NA,NA,NA,NA,NA,NA,NA,NA,NA,NA,NA,NA,NA,NA,NA,NA,NAR
NAR031820004,R-NAR031820004,R,LEL_1,1,3,1.0392258687262905,0.40247802075672245,0.6567702512480641,0.8894561263204873,NA,NA,NA,NA,NA,NA,NA,NA,NA,NA,NA,NA,NA,NA,NA,NA,NA,NA,NA,NA,NAR
NAR031820005,R-NAR031820005,R,LEL_1,1,0,0.9195607087133038,NA,NA,NA,NA,NA,NA,NA,NA,NA,NA,NA,NA,NA,NA,NA,NA,NA,NA,NA,NA,NA,NA,NA,NAR
NAR031820006,R-NAR031820006,R,CJF_1,1,4,0.920296350273794,0.45239846134835143,0.6760719286414394,0.8004957183118583,0.920296350273794,NA,NA,NA,NA,NA,NA,NA,NA,NA,NA,NA,NA,NA,NA,NA,NA,NA,NA,NA,NAR
NAR031820006,R-NAR031820006,R,CJF_2,2,4,0.8768738829504529,0.40190610013474504,0.6283710879624254,0.7946792775708402,0.8768738829504529,NA,NA,NA,NA,NA,NA,NA,NA,NA,NA,NA,NA,NA,NA,NA,NA,NA,NA,NA,NAR
NAR031820006,R-NAR031820006,R,CJF_3,3,4,0.9228279368709936,0.4333295954618741,0.6435133840450515,0.7831706604580224,0.9228279368709936,NA,NA,NA,NA,NA,NA,NA,NA,NA,NA,NA,NA,NA,NA,NA,NA,NA,NA,NA,NAR
NAR031820006,R-NAR031820006,R,LEL_1,1,3,0.8908013176025298,0.4706437563689287,0.6198303595896262,0.7916854902844386,NA,NA,NA,NA,NA,NA,NA,NA,NA,NA,NA,NA,NA,NA,NA,NA,NA,NA,NA,NA,NAR
NAR031820008,R-NAR031820008,R,LEL_1,1,2,0.7476034960211052,0.303600023520716,0.5940617707310732,NA,NA,NA,NA,NA,NA,NA,NA,NA,NA,NA,NA,NA,NA,NA,NA,NA,NA,NA,NA,NA,NAR
NAR031820009,R-NAR031820009,R,CJF_1,1,11,1.3067918413274238,0.34560758074543346,0.5544469230729604,0.7014432196336348,0.7913535440877421,0.8760310097881684,0.9376362407356899,1.0104207891033006,1.1038989576663054,1.1662177885265534,1.2461380251119594,1.3067918413274238,NA,NA,NA,NA,NA,NA,NA,NA,NA,NA,NA,NA,NAR
NAR031820009,R-NAR031820009,R,CJF_2,2,11,1.343322693521218,0.368691695041795,0.5770039097166775,0.7411170592705871,0.8278680463392452,0.9025398026443533,0.973697581182674,1.0647861176047642,1.1412148627932668,1.2339505423886463,1.2964332222201007,1.343322693521218,NA,NA,NA,NA,NA,NA,NA,NA,NA,NA,NA,NA,NAR
NAR031820009,R-NAR031820009,R,CJF_3,3,11,1.3241194015635118,0.34409454677630985,0.5794970516906974,0.7071057537581154,0.8104083615303255,0.8927330406447694,0.9636973368611306,1.0330763045784503,1.1237499252498286,1.2034854620848476,1.259918718405042,1.3241194015635118,NA,NA,NA,NA,NA,NA,NA,NA,NA,NA,NA,NA,NAR
NAR031820009,R-NAR031820009,R,LEL_1,1,9,1.4587671373919282,0.5714149519666409,0.7094219709558902,0.8491541801876247,0.9305618480534917,1.0110659424638864,1.0548503268225164,1.144637050844229,1.2547961809995227,1.329139174558525,NA,NA,NA,NA,NA,NA,NA,NA,NA,NA,NA,NA,NA,NA,NAR
NAR031820010,R-NAR031820010,R,LEL_1,1,12,1.3080920142478376,0.5628310719230625,0.6609359877467705,0.730443279968859,0.783371410362829,0.8406645186478475,0.9061004162242561,0.9469122237629356,0.9919911481108942,1.0408478838591642,1.0939717364167132,1.1464105614017253,1.2189127763698289,NA,NA,NA,NA,NA,NA,NA,NA,NA,NA,NA,NAR
NAR031820011,R-NAR031820011,R,CJF_2,2,6,1.2144258959010814,0.46407089811316854,0.6938346998744268,0.9090881725378832,1.026892174286968,1.1331479265023685,1.2144258959010814,NA,NA,NA,NA,NA,NA,NA,NA,NA,NA,NA,NA,NA,NA,NA,NA,NA,NAR
NAR031820011,R-NAR031820011,R,LEL_1,1,5,1.1917243405950746,0.5311036488764211,0.6966605417556062,0.8624785268439428,0.9941246339025652,1.094636206211203,NA,NA,NA,NA,NA,NA,NA,NA,NA,NA,NA,NA,NA,NA,NA,NA,NA,NA,NAR
NAR031920001,R-NAR031920001,R,LEL_1,1,18,1.5700307387400287,0.5051611053746343,0.5894655327009709,0.6885607391733735,0.7853480986617083,0.8546167407593287,0.8919959775807529,0.9455997029552123,1.02154687992238,1.0714090489058012,1.1140331111898034,1.162706576848908,1.206519342457227,1.2595634960018134,1.3265242911153672,1.376946031928664,1.4070871620506666,1.4493966585874458,1.49663641483958,NA,NA,NA,NA,NA,NAR
NAR031920002,R-NAR031920002,R,CJF_1,1,6,1.077008081723086,0.410101794549332,0.6030013656886528,0.7404522168156773,0.8751054752567987,0.9794329167375548,1.077008081723086,NA,NA,NA,NA,NA,NA,NA,NA,NA,NA,NA,NA,NA,NA,NA,NA,NA,NAR
NAR031920002,R-NAR031920002,R,CJF_2,2,6,1.0716150905415422,0.34292405668925513,0.5735453130937245,0.746922213600467,0.8759965730633549,0.9731681276391516,1.0716150905415422,NA,NA,NA,NA,NA,NA,NA,NA,NA,NA,NA,NA,NA,NA,NA,NA,NA,NAR
NAR031920002,R-NAR031920002,R,CJF_3,3,6,1.091196203402223,0.43152715457237834,0.5888232636594521,0.7660035870409816,0.8918930372688334,0.9872320145595878,1.091196203402223,NA,NA,NA,NA,NA,NA,NA,NA,NA,NA,NA,NA,NA,NA,NA,NA,NA,NAR
NAR031920002,R-NAR031920002,R,LEL_1,1,6,1.1010723628688077,0.4271940805221218,0.6293109130913909,0.7730256746056666,0.8567746941445011,0.9263506465056679,1.0302711049651627,NA,NA,NA,NA,NA,NA,NA,NA,NA,NA,NA,NA,NA,NA,NA,NA,NA,NAR
NAR031920003,R-NAR031920003,R,LEL_1,1,0,0.7198966718193246,NA,NA,NA,NA,NA,NA,NA,NA,NA,NA,NA,NA,NA,NA,NA,NA,NA,NA,NA,NA,NA,NA,NA,NAR
NAR031920004,R-NAR031920004,R,LEL_1,1,6,1.362336880485083,0.7090068562054449,0.8357235120463393,0.9566720567053638,1.0511036051609066,1.1604157134615458,1.294522542227667,NA,NA,NA,NA,NA,NA,NA,NA,NA,NA,NA,NA,NA,NA,NA,NA,NA,NAR
NAR031920005,R-NAR031920005,R,LEL_1,1,3,1.0127069925247754,0.6604541889481232,0.8077431696285282,0.9253063428745032,NA,NA,NA,NA,NA,NA,NA,NA,NA,NA,NA,NA,NA,NA,NA,NA,NA,NA,NA,NA,NAR
NAR031920006,R-NAR031920006,R,CJF_1,1,9,1.4336203605555882,0.4818182546754379,0.6890172226987558,0.8364371716620878,0.9597469063021457,1.0831945474708473,1.1936491573478911,1.283607342893103,1.3638827862849194,1.4336203605555882,NA,NA,NA,NA,NA,NA,NA,NA,NA,NA,NA,NA,NA,NA,NAR
NAR031920006,R-NAR031920006,R,CJF_2,2,9,1.410265938278214,0.46285620103153796,0.6747633961417598,0.8187725619996196,0.9497053895497382,1.0683441765390982,1.1884963180845378,1.254880992780821,1.3302098316393351,1.410265938278214,NA,NA,NA,NA,NA,NA,NA,NA,NA,NA,NA,NA,NA,NA,NAR
NAR031920006,R-NAR031920006,R,CJF_3,3,9,1.4110425057196758,0.4338983694186285,0.6479551649828709,0.7953298028267469,0.9072397322545807,1.0409947879469357,1.1552237170564397,1.251976545154326,1.3157054306590277,1.4110425057196758,NA,NA,NA,NA,NA,NA,NA,NA,NA,NA,NA,NA,NA,NA,NAR
NAR031920006,R-NAR031920006,R,LEL_1,1,7,1.4550688928890052,0.14366194598525983,0.2370376276063355,0.3216917406708152,0.4304674124296939,0.5620685790677544,0.7052120995269274,0.8542564032781788,NA,NA,NA,NA,NA,NA,NA,NA,NA,NA,NA,NA,NA,NA,NA,NA,NAR
NAR031920007,R-NAR031920007,R,LEL_1,1,0,0.7056712018104158,NA,NA,NA,NA,NA,NA,NA,NA,NA,NA,NA,NA,NA,NA,NA,NA,NA,NA,NA,NA,NA,NA,NA,NAR
NAR031920008,R-NAR031920008,R,CJF_1,1,4,0.9499437826136411,0.4184118364669535,0.6409210376546602,0.7788666132945316,0.9499437826136411,NA,NA,NA,NA,NA,NA,NA,NA,NA,NA,NA,NA,NA,NA,NA,NA,NA,NA,NA,NAR
NAR031920008,R-NAR031920008,R,CJF_2,2,3,1.0072128178437847,0.4867515806561461,0.7026365316024333,1.0072128178437847,NA,NA,NA,NA,NA,NA,NA,NA,NA,NA,NA,NA,NA,NA,NA,NA,NA,NA,NA,NA,NAR
NAR031920008,R-NAR031920008,R,CJF_3,3,4,0.9504546339101636,0.4288059603196214,0.6779399273509689,0.8219452691053492,0.9504546339101636,NA,NA,NA,NA,NA,NA,NA,NA,NA,NA,NA,NA,NA,NA,NA,NA,NA,NA,NA,NAR
NAR031920008,R-NAR031920008,R,LEL_1,1,3,0.9608191146041227,0.1563409619485687,0.28142220810509044,0.3591662512859913,NA,NA,NA,NA,NA,NA,NA,NA,NA,NA,NA,NA,NA,NA,NA,NA,NA,NA,NA,NA,NAR
NAR031920009,R-NAR031920009,R,LEL_1,1,1,0.9756103688622544,0.7121301998204913,NA,NA,NA,NA,NA,NA,NA,NA,NA,NA,NA,NA,NA,NA,NA,NA,NA,NA,NA,NA,NA,NA,NAR
NAR031920010,R-NAR031920010,R,LEL_1,1,5,0.9177669253943445,0.45422036794481274,0.5644823830297883,0.6972428952243932,0.7858371191023927,0.8527635517734168,NA,NA,NA,NA,NA,NA,NA,NA,NA,NA,NA,NA,NA,NA,NA,NA,NA,NA,NAR
NAR031920011,R-NAR031920011,R,CJF_1,1,8,1.2035186296096463,0.44840348848767314,0.6493359613589853,0.7552783734976538,0.8656180494363,0.9518951987568287,1.0335302357138587,1.124123032646525,1.2035186296096463,NA,NA,NA,NA,NA,NA,NA,NA,NA,NA,NA,NA,NA,NA,NA,NAR
NAR031920011,R-NAR031920011,R,CJF_2,2,8,1.1591196145577967,0.45989043398262197,0.6267320647856469,0.7387325873340654,0.8534224329128309,0.9345991456733641,1.018316774667788,1.1128838998759685,1.1591196145577967,NA,NA,NA,NA,NA,NA,NA,NA,NA,NA,NA,NA,NA,NA,NA,NAR
NAR031920011,R-NAR031920011,R,CJF_3,3,8,1.1768824264299798,0.4329823306919579,0.6240132935143877,0.7461471796882115,0.8636482569057949,0.9392172648770365,1.0303078989158057,1.1013827389866695,1.1768824264299798,NA,NA,NA,NA,NA,NA,NA,NA,NA,NA,NA,NA,NA,NA,NA,NAR
NAR031920011,R-NAR031920011,R,LEL_1,1,7,1.2314031313105445,0.6180949599124431,0.680632600051401,0.8081547106071209,0.9181805704094332,0.9950785760914135,1.081811725569604,1.1781184520764765,NA,NA,NA,NA,NA,NA,NA,NA,NA,NA,NA,NA,NA,NA,NA,NA,NAR
NAR031920012,R-NAR031920012,R,LEL_1,1,5,1.020271260560927,0.44451355058985376,0.5305335948632519,0.6301023971614862,0.7210180229601793,0.7837424712971098,NA,NA,NA,NA,NA,NA,NA,NA,NA,NA,NA,NA,NA,NA,NA,NA,NA,NA,NAR
NAR031920013,R-NAR031920013,R,LEL_1,1,2,0.9381406249890418,0.6211545924406092,0.7855958984877788,NA,NA,NA,NA,NA,NA,NA,NA,NA,NA,NA,NA,NA,NA,NA,NA,NA,NA,NA,NA,NA,NAR
NAR031920014,R-NAR031920014,R,LEL_1,1,2,0.8043173551201899,0.14568803106252282,0.2876735338566505,NA,NA,NA,NA,NA,NA,NA,NA,NA,NA,NA,NA,NA,NA,NA,NA,NA,NA,NA,NA,NA,NAR
NAR031920015,R-NAR031920015,R,LEL_1,1,9,1.3412146748158047,0.44148948946727073,0.5683658390728419,0.6846201396828048,0.7591820426345411,0.8692084058348778,0.9301035156781924,1.0242141399814952,1.1158335893209494,1.2351326340437265,NA,NA,NA,NA,NA,NA,NA,NA,NA,NA,NA,NA,NA,NA,NAR
NAR031920016,R-NAR031920016,R,CJF_1,1,15,1.6544723263618781,0.3595186603103761,0.5965205520293401,0.7253511539868848,0.836014913736236,0.9204250802159993,1.011703315561959,1.093011670956191,1.1618025708132282,1.2205684851210021,1.2855380215998384,1.363744565908539,1.436911064643841,1.5145082678549429,1.5794778043337792,1.6544723263618781,NA,NA,NA,NA,NA,NA,NA,NA,NAR
NAR031920016,R-NAR031920016,R,CJF_2,2,15,1.6948249986166453,0.38023488568005803,0.6211441283766908,0.7611565688105147,0.8716697454365209,0.9618662021198855,1.0498935063131452,1.122448329448729,1.198979730473237,1.262966703787309,1.3222903017620578,1.4120529279474012,1.4680867454836248,1.5285309714067934,1.6182935975921373,1.6948249986166453,NA,NA,NA,NA,NA,NA,NA,NA,NAR
NAR031920016,R-NAR031920016,R,CJF_3,3,15,1.6626103312968288,0.38498680829288967,0.6314248065830039,0.7633648694047555,0.8560601456813827,0.9501636329551243,1.0435630147303085,1.1039063549686114,1.189004675239883,1.2518803341466374,1.314051887554835,1.3929614628178644,1.4703269282367741,1.532498481644972,1.5946700350531695,1.6626103312968288,NA,NA,NA,NA,NA,NA,NA,NA,NAR
NAR031920016,R-NAR031920016,R,LEL_1,1,12,1.4990516144254797,0.48355502482431556,0.5933505782954733,0.6876067729203875,0.785621686171284,0.8781204902452244,0.9435487692081103,1.0187508238848335,1.0844285768031687,1.1686559853273812,1.2330808320370554,1.3137989958907355,1.3977769304594991,NA,NA,NA,NA,NA,NA,NA,NA,NA,NA,NA,NAR
NAR031920017,R-NAR031920017,R,CJF_1,1,4,0.9377745584211782,0.4069214778845649,0.6150246768368879,0.7832358441940575,0.9377745584211782,NA,NA,NA,NA,NA,NA,NA,NA,NA,NA,NA,NA,NA,NA,NA,NA,NA,NA,NA,NAR
NAR031920017,R-NAR031920017,R,CJF_2,2,4,0.9153375737520366,0.409107170746288,0.6147585136097823,0.7481924447453139,0.9153375737520366,NA,NA,NA,NA,NA,NA,NA,NA,NA,NA,NA,NA,NA,NA,NA,NA,NA,NA,NA,NAR
NAR031920017,R-NAR031920017,R,CJF_3,3,4,0.9628164534884294,0.4615382096429539,0.6496264933118836,0.8049470452983927,0.9628164534884294,NA,NA,NA,NA,NA,NA,NA,NA,NA,NA,NA,NA,NA,NA,NA,NA,NA,NA,NA,NAR
NAR031920017,R-NAR031920017,R,LEL_1,1,3,0.8535229050061296,0.36153131368055264,0.5400223045407825,0.6841305780660842,NA,NA,NA,NA,NA,NA,NA,NA,NA,NA,NA,NA,NA,NA,NA,NA,NA,NA,NA,NA,NAR
NAR031920018,R-NAR031920018,R,CJF_1,1,9,1.2762135859119663,0.36699893777401466,0.5796490444151887,0.7296953266851262,0.7956250402693046,0.8693491203255889,0.9595556287779177,1.0445658929155095,1.135666096819671,1.2762135859119663,NA,NA,NA,NA,NA,NA,NA,NA,NA,NA,NA,NA,NA,NA,NAR
NAR031920018,R-NAR031920018,R,CJF_2,2,9,1.3257410612245975,0.6222561751878498,0.7416151619815167,0.84150526187027,0.9280435301302759,1.0031551857030079,1.077894267583601,1.164432535843607,1.256342711995503,1.3257410612245975,NA,NA,NA,NA,NA,NA,NA,NA,NA,NA,NA,NA,NA,NA,NAR
NAR031920018,R-NAR031920018,R,CJF_3,3,10,1.2549292242776766,0.3541979168807609,0.5587086117871266,0.6902337392713968,0.7813310324754504,0.8587224574465118,0.9463555070611921,1.0357710471787256,1.1002471117518877,1.1681370512062559,1.2549292242776766,NA,NA,NA,NA,NA,NA,NA,NA,NA,NA,NA,NA,NA,NAR
NAR031920018,R-NAR031920018,R,LEL_1,1,7,1.051922593507884,0.4401771435693913,0.5526250693153014,0.6214792853125763,0.6903335013098518,0.7840301460464614,0.8726508343413761,0.9367276507864736,NA,NA,NA,NA,NA,NA,NA,NA,NA,NA,NA,NA,NA,NA,NA,NA,NAR
NAR031920019,R-NAR031920019,R,LEL_1,1,8,0.986093742203023,0.07936254575098049,0.15709407521563334,0.19889135528809987,0.2600097382381718,0.34271006247463304,0.3840602245928644,0.44925316640627294,0.5757219467003674,NA,NA,NA,NA,NA,NA,NA,NA,NA,NA,NA,NA,NA,NA,NA,NAR
NAR031920020,R-NAR031920020,R,LEL_1,1,11,1.2767997139065377,0.4429827826389816,0.5194000687289702,0.5982465605920193,0.6864435354983331,0.7784233074548761,0.8408681237711053,0.9073971195698706,0.9902628332987853,1.052471224799383,1.1185273709668653,1.1944068498089002,NA,NA,NA,NA,NA,NA,NA,NA,NA,NA,NA,NA,NAR
NAR031920021,R-NAR031920021,R,CJF_1,1,13,1.53758206238915,0.4819795873176358,0.548466942036203,0.6793982248061448,0.8148734831852933,0.9412822841028192,1.0334471880842555,1.1080007806876402,1.1780103976818175,1.2580866917144238,1.320030070823784,1.3996062550679875,1.4771390126449977,1.53758206238915,NA,NA,NA,NA,NA,NA,NA,NA,NA,NA,NAR
NAR031920021,R-NAR031920021,R,CJF_2,2,13,1.5039045565699312,0.41532490433629243,0.5360914982578997,0.648393973292967,0.7710817099557775,0.8831076988665436,0.9844790700897181,1.0637188776292597,1.134487436217807,1.2129049154488971,1.2850416445300448,1.3541726765661442,1.4202980115571957,1.5039045565699312,NA,NA,NA,NA,NA,NA,NA,NA,NA,NA,NAR
NAR031920021,R-NAR031920021,R,CJF_3,3,13,1.5572365698839672,0.47807003094108275,0.6019756291404217,0.7080231581050853,0.8420885605158301,0.9392070548631559,1.0398879748420071,1.1164650954617517,1.1950222236635057,1.27159934428325,1.3380166606915886,1.4145937813113323,1.4811869219473945,1.5572365698839672,NA,NA,NA,NA,NA,NA,NA,NA,NA,NA,NAR
NAR031920021,R-NAR031920021,R,LEL_1,1,11,1.6003230700355082,0.10006567558329207,0.18489751207652136,0.26972934856975106,0.3511986757278672,0.4303408740941973,0.5117589277112873,0.579624396905871,0.7085277695427578,0.8550433836025217,0.9217196516306986,0.9901284478674588,NA,NA,NA,NA,NA,NA,NA,NA,NA,NA,NA,NA,NAR
NAR031920022,R-NAR031920022,R,CJF_1,1,6,0.9943048592122384,0.3201305509996536,0.5687397053474328,0.721943151884583,0.8259262012371797,0.9189567201561674,0.9943048592122384,NA,NA,NA,NA,NA,NA,NA,NA,NA,NA,NA,NA,NA,NA,NA,NA,NA,NAR
NAR031920022,R-NAR031920022,R,CJF_2,2,6,0.8894535687164047,0.31285000327514356,0.46214508433452345,0.602934266140322,0.7340400389840427,0.8205761856713207,0.8894535687164047,NA,NA,NA,NA,NA,NA,NA,NA,NA,NA,NA,NA,NA,NA,NA,NA,NA,NAR
NAR031920022,R-NAR031920022,R,CJF_3,3,6,0.994919798249082,0.3858510371558404,0.5715292559632708,0.7255030911310079,0.8521386723519657,0.9422989878655088,0.994919798249082,NA,NA,NA,NA,NA,NA,NA,NA,NA,NA,NA,NA,NA,NA,NA,NA,NA,NAR
NAR031920022,R-NAR031920022,R,LEL_1,1,4,0.9364962217782042,0.5823907688834642,0.6884539080231145,0.7935035444077775,0.8795246539291806,NA,NA,NA,NA,NA,NA,NA,NA,NA,NA,NA,NA,NA,NA,NA,NA,NA,NA,NA,NAR
NAR031920023,R-NAR031920023,R,CJF_1,1,5,0.890486524634676,0.32865307732323495,0.5660064067857787,0.7058222283221683,0.8138138140802147,0.890486524634676,NA,NA,NA,NA,NA,NA,NA,NA,NA,NA,NA,NA,NA,NA,NA,NA,NA,NA,NAR
NAR031920023,R-NAR031920023,R,CJF_2,2,5,0.9551993135401369,0.39867148543697983,0.621805681798357,0.7357911572419684,0.8616177504772027,0.9551993135401369,NA,NA,NA,NA,NA,NA,NA,NA,NA,NA,NA,NA,NA,NA,NA,NA,NA,NA,NAR
NAR031920023,R-NAR031920023,R,CJF_3,3,5,0.9247393392535548,0.34814666789337695,0.5834806078318738,0.735612945523793,0.8252962150101134,0.9247393392535548,NA,NA,NA,NA,NA,NA,NA,NA,NA,NA,NA,NA,NA,NA,NA,NA,NA,NA,NAR
NAR031920023,R-NAR031920023,R,LEL_1,1,2,0.772823990282133,0.5484214244615736,0.6531801834487493,NA,NA,NA,NA,NA,NA,NA,NA,NA,NA,NA,NA,NA,NA,NA,NA,NA,NA,NA,NA,NA,NAR
NAR031920024,R-NAR031920024,R,LEL_1,1,2,0.7446762112843611,0.3903544950224834,0.5762128449376134,NA,NA,NA,NA,NA,NA,NA,NA,NA,NA,NA,NA,NA,NA,NA,NA,NA,NA,NA,NA,NA,NAR
NAR031920025,R-NAR031920025,R,CJF_1,1,6,1.0694185501107432,0.5338433954422457,0.7013822786566316,0.8129849012551037,0.9067675901330513,0.9955599042936165,1.0694185501107432,NA,NA,NA,NA,NA,NA,NA,NA,NA,NA,NA,NA,NA,NA,NA,NA,NA,NAR
NAR031920025,R-NAR031920025,R,CJF_2,2,6,1.0685110423551545,0.5325312447112607,0.7100299801524782,0.8114678399439194,0.9205808301593031,1.013176522688786,1.0685110423551545,NA,NA,NA,NA,NA,NA,NA,NA,NA,NA,NA,NA,NA,NA,NA,NA,NA,NAR
NAR031920025,R-NAR031920025,R,CJF_3,3,6,1.0930835070380889,0.5469721005060855,0.7178654541785878,0.830022748575127,0.9141783844502557,1.005334434955736,1.0930835070380889,NA,NA,NA,NA,NA,NA,NA,NA,NA,NA,NA,NA,NA,NA,NA,NA,NA,NAR
NAR031920025,R-NAR031920025,R,LEL_1,1,5,0.920011334677612,0.4500355215795972,0.561208134626144,0.6712397344912471,0.7496188654865465,0.834725100953627,NA,NA,NA,NA,NA,NA,NA,NA,NA,NA,NA,NA,NA,NA,NA,NA,NA,NA,NAR
NAR032020001,R-NAR032020001,R,LEL_1,1,0,0.5941404767283176,NA,NA,NA,NA,NA,NA,NA,NA,NA,NA,NA,NA,NA,NA,NA,NA,NA,NA,NA,NA,NA,NA,NA,NAR
NAR032020002,R-NAR032020002,R,LEL_1,1,3,0.9022669414695664,0.5305157905943482,0.6664252003115416,0.7884376481031191,NA,NA,NA,NA,NA,NA,NA,NA,NA,NA,NA,NA,NA,NA,NA,NA,NA,NA,NA,NA,NAR
NAR032020003,R-NAR032020003,R,LEL_1,1,4,0.8962626978753575,0.13339988277554907,0.22231142410745403,0.3684129556447032,0.5069941625601792,NA,NA,NA,NA,NA,NA,NA,NA,NA,NA,NA,NA,NA,NA,NA,NA,NA,NA,NA,NAR
NAR032020004,R-NAR032020004,R,LEL_1,1,2,0.9001071389817168,0.6326503170616494,0.7529934214483334,NA,NA,NA,NA,NA,NA,NA,NA,NA,NA,NA,NA,NA,NA,NA,NA,NA,NA,NA,NA,NA,NAR
NAR032020005,R-NAR032020005,R,CJF_1,1,3,0.8086600568017337,0.47961338197117864,0.6548190657778465,0.8086600568017337,NA,NA,NA,NA,NA,NA,NA,NA,NA,NA,NA,NA,NA,NA,NA,NA,NA,NA,NA,NA,NAR
NAR032020005,R-NAR032020005,R,CJF_2,2,3,0.8408137802691672,0.5110414723672158,0.6856147156092229,0.8408137802691672,NA,NA,NA,NA,NA,NA,NA,NA,NA,NA,NA,NA,NA,NA,NA,NA,NA,NA,NA,NA,NAR
NAR032020005,R-NAR032020005,R,CJF_3,3,3,0.9150267307153317,0.5694310068066352,0.74587025733364265,0.9150267307153317,NA,NA,NA,NA,NA,NA,NA,NA,NA,NA,NA,NA,NA,NA,NA,NA,NA,NA,NA,NA,NAR
NAR032020005,R-NAR032020005,R,LEL_1,1,3,0.9358017494069856,0.46659981751211754,0.6488825477955271,0.7803040599364319,NA,NA,NA,NA,NA,NA,NA,NA,NA,NA,NA,NA,NA,NA,NA,NA,NA,NA,NA,NA,NAR
NAR032020006,R-NAR032020006,R,CJF_1,1,14,1.6618849779413332,0.5570361757731798,0.7658234550921963,0.872938310405664,0.9606451086261244,1.0650497420722698,1.1355562383254738,1.2098218650756916,1.2738590089645605,1.327143215677234,1.3981741662452845,1.4584521796371397,1.532717806387357,1.5849311168970663,1.6618849779413332,NA,NA,NA,NA,NA,NA,NA,NA,NA,NAR
NAR032020006,R-NAR032020006,R,CJF_2,2,14,1.6157305640892203,0.5097801937519566,0.7124745502757397,0.8205344752293373,0.9176018018671537,0.9801787331602615,1.0635180463351939,1.12914564728672,1.1828730896840447,1.2552198045431964,1.331840003810503,1.422805991131483,1.482937292925119,1.5522333381258515,1.6157305640892203,NA,NA,NA,NA,NA,NA,NA,NA,NA,NAR
NAR032020006,R-NAR032020006,R,CJF_3,3,14,1.664679121743942,0.5710512249200178,0.7764192018074132,0.8896759868777266,0.9734090971266774,1.0511477755917218,1.1238596051158867,1.2131386630505732,1.2663805156351342,1.3155631021218426,1.3985881789001944,1.4859320711488266,1.5401415065764148,1.5979617240036839,1.664679121743942,NA,NA,NA,NA,NA,NA,NA,NA,NA,NAR
NAR032020006,R-NAR032020006,R,LEL_1,1,13,1.8373543162463513,0.05545653948153481,0.10362456560737413,0.19620311985065972,0.27529070707293257,0.36211977297308284,0.4341453295007509,0.5231928683967343,0.5804149155519203,0.6637129661047694,0.7397225033019218,0.8157320404990742,0.9113886447674797,1.0925617725845675,NA,NA,NA,NA,NA,NA,NA,NA,NA,NA,NAR
NAR032020007,R-NAR032020007,R,CJF_1,1,11,1.4965388223407385,0.504765935684304,0.666645722287611,0.8141830395347001,0.9184145053815533,1.00980538960105,1.08958406168961,1.1580240398796742,1.2386232666655599,1.299414584545527,1.405694974586126,1.4965388223407385,NA,NA,NA,NA,NA,NA,NA,NA,NA,NA,NA,NA,NAR
NAR032020007,R-NAR032020007,R,CJF_2,2,11,1.4722485862186376,0.503858001703147,0.6361551823189688,0.8072177824712772,0.9137411297434272,1.0198213644320462,1.0740277066205774,1.1296802733304903,1.211211342905053,1.323845814075473,1.4049337710665044,1.4722485862186376,NA,NA,NA,NA,NA,NA,NA,NA,NA,NA,NA,NA,NAR
NAR032020007,R-NAR032020007,R,CJF_3,3,11,1.5061513262588424,0.5116849639061515,0.6752660719673025,0.8253345767784535,0.9292301949607664,1.0233699278123034,1.0928113030219173,1.1538422625961515,1.2302641843799984,1.3288333699984582,1.4187678950323053,1.5061513262588424,NA,NA,NA,NA,NA,NA,NA,NA,NA,NA,NA,NA,NAR
NAR032020007,R-NAR032020007,R,LEL_1,1,9,1.0903608591264353,0.38495026625090223,0.49077769048066877,0.6064008948714747,0.7092376223728958,0.7622844018861091,0.8117955722846442,0.8566813087958227,0.9097280883090387,0.9918834307157053,NA,NA,NA,NA,NA,NA,NA,NA,NA,NA,NA,NA,NA,NA,NAR
NAR032020008,R-NAR032020008,R,CJF_1,1,14,1.6995733959437114,0.29838156090435924,0.5468143758670013,0.7226300355282396,0.8489779592665653,0.9678278956697172,1.0642499277225854,1.1489769975815058,1.2202171804817306,1.285817358466766,1.384818887967826,1.4791424325913072,1.5540985803315004,1.6318747305292889,1.6995733959437114,NA,NA,NA,NA,NA,NA,NA,NA,NA,NAR
NAR032020008,R-NAR032020008,R,CJF_2,2,15,1.7611902898703953,0.3622209849599114,0.6219339413199105,0.7879363932057983,0.9034489569103562,1.0019417256154803,1.110952021767716,1.187067477990224,1.2610794287233096,1.326293855330594,1.4094868323575949,1.4947833148740173,1.5427861953978121,1.634776696550614,1.700182874241955,1.7611902898703953,NA,NA,NA,NA,NA,NA,NA,NA,NAR
NAR032020008,R-NAR032020008,R,CJF_3,3,14,1.7303925747277646,0.35552003523604736,0.6082743500265508,0.7605765932923103,0.8804724792199359,1.0001385275001753,1.091336003341722,1.1922477501612376,1.2646909245420603,1.333671261765157,1.4193068167286187,1.5121284285488095,1.5836522523400907,1.671141780929581,1.7303925747277646,NA,NA,NA,NA,NA,NA,NA,NA,NA,NAR
NAR032020008,R-NAR032020008,R,LEL_1,1,13,1.594572479809654,0.42490309398273163,0.5615629314838607,0.6912599848745609,0.786218094986928,0.9020145725813743,1.0027874989980659,1.1011895125287425,1.1637296073995846,1.248281029983213,1.343214147670977,1.4127170266522473,1.4810719378274146,1.5389951690492405,NA,NA,NA,NA,NA,NA,NA,NA,NA,NA,NAR
NAR032020009,R-NAR032020009,R,LEL_1,1,7,1.0645319087428609,0.4794928028481458,0.5462827462155913,0.6079282475086458,0.6943403718899751,0.7774855356712602,0.8939036705491055,0.9680544839734596,NA,NA,NA,NA,NA,NA,NA,NA,NA,NA,NA,NA,NA,NA,NA,NA,NAR
NAR032020010,R-NAR032020010,R,CJF_2,2,22,1.9402700942433284,0.44532989850315075,0.5856355809182378,0.7643105316156699,0.8887298668356123,0.9546303345466931,1.0302022101810409,1.09183942586075,1.1670296668749238,1.2476498208508096,1.3158618533527537,1.3615909647675004,1.416631606555156,1.4674089963114407,1.5115898121756712,1.5495774458378415,1.6034514266951567,1.6600403640333277,1.7232258752635534,1.7902712468351567,1.8383336801105854,1.8902777307972116,1.9402700942433284,NA,NAR
NAR032020010,R-NAR032020010,R,CJF_3,3,23,1.9577400174717923,0.5104383416614104,0.6446101628373935,0.8049209277841601,0.9247526087303046,1.0166838139110719,1.1000733193294796,1.1674711517951915,1.2356947506223315,1.2997254800377227,1.3537648995738847,1.390674957918201,1.4487512859272524,1.5047081983968655,1.5451872823974893,1.586804054637264,1.638724058633987,1.697268269459619,1.753069220990371,1.8045213421705144,1.8562853852283776,1.8951588981732717,1.9243530231166575,1.9577400174717923,NAR
NAR032020010,R-NAR032020010,R,LEL_1,1,17,1.8867879175524804,0.4991565676662736,0.6546823636253316,0.7587781663951432,0.8609978468972367,0.949101815029959,1.036679660825929,1.115174650540764,1.1940815790527057,1.2464496333758113,1.3025699322343547,1.3685275765900782,1.4279881811869528,1.4778398073659402,1.5363623508289554,1.621537952020453,1.6889597798467888,1.7765376256427574,NA,NA,NA,NA,NA,NA,NAR
NAR032020011,R-NAR032020011,R,CJF_1,1,14,1.6529110110383112,0.3823943927799362,0.6482121057280288,0.7953385389733517,0.9317029018199463,0.996807718958912,1.0861184898985838,1.1550743646911805,1.219801039741929,1.2643618896897113,1.3242921518662865,1.4293504771229688,1.4925297654351186,1.563978382186856,1.6529110110383112,NA,NA,NA,NA,NA,NA,NA,NA,NA,NAR
NAR032020011,R-NAR032020011,R,CJF_2,2,14,1.6232303424396533,0.3558791667922955,0.6274014764846008,0.7719721840378576,0.8827576992591607,0.9723519656908286,1.0584948944785324,1.1514947776900022,1.2048516737195023,1.2407559909304198,1.3210411248681082,1.398707554139958,1.4675644307047035,1.536587833865074,1.6232303424396533,NA,NA,NA,NA,NA,NA,NA,NA,NA,NAR
NAR032020011,R-NAR032020011,R,CJF_3,3,14,1.6447335430840264,0.3614980034183537,0.6719419593915429,0.8136435042705262,0.9219311061141541,1.019822744768868,1.0927333528594587,1.1703443418527562,1.2167947933286327,1.2701990312251512,1.327722940423868,1.4119973610375522,1.5076355941743311,1.5892694695364087,1.6447335430840264,NA,NA,NA,NA,NA,NA,NA,NA,NA,NAR
NAR032020011,R-NAR032020011,R,LEL_1,1,8,1.4653031706132056,0.8893354447972127,0.9729376223383313,1.0518224101948825,1.0962630874036734,1.1530211678544786,1.2273758284237608,1.3073463325028047,1.37844384440461,NA,NA,NA,NA,NA,NA,NA,NA,NA,NA,NA,NA,NA,NA,NA,NAR
NAR032020012,R-NAR032020012,R,CJF_1,1,9,1.3352015955551715,0.4658897165643966,0.662571161464312,0.7858911360142153,0.8797360872725477,1.0185622925549946,1.11086980563981,1.2007275414130454,1.2758089177641867,1.3352015955551715,NA,NA,NA,NA,NA,NA,NA,NA,NA,NA,NA,NA,NA,NA,NAR
NAR032020012,R-NAR032020012,R,CJF_2,2,9,1.3405053106697602,0.457248930214022,0.6584006127711733,0.7903551327187002,0.8866835033816767,0.9956170871948055,1.09167106046449,1.1853955003814047,1.2692530121006589,1.3405053106697602,NA,NA,NA,NA,NA,NA,NA,NA,NA,NA,NA,NA,NA,NA,NAR
NAR032020012,R-NAR032020012,R,CJF_3,3,9,1.4094863691952702,0.5488191284446114,0.7453104847654268,0.842269263469019,0.9708729740768459,1.0777661125394389,1.1730685938112335,1.2532856926649831,1.3329495507642055,1.4094863691952702,NA,NA,NA,NA,NA,NA,NA,NA,NA,NA,NA,NA,NA,NA,NAR
NAR032020012,R-NAR032020012,R,LEL_1,1,7,1.3394061243304944,0.1293142576305212,0.22838803495345836,0.32707978618222777,0.42852816717583725,0.5342612823109605,0.6592908057999679,0.7830918039008087,NA,NA,NA,NA,NA,NA,NA,NA,NA,NA,NA,NA,NA,NA,NA,NA,NAR
NAR032020013,R-NAR032020013,R,LEL_1,1,0,0.7150621090599835,NA,NA,NA,NA,NA,NA,NA,NA,NA,NA,NA,NA,NA,NA,NA,NA,NA,NA,NA,NA,NA,NA,NA,NAR
