fishid,waterbody,reading,reader,rep,light_type,id,agecap,radcap,rad1,rad2,rad3,rad4,rad5,rad6,rad7,rad8,rad9,rad10,rad11,rad12,rad13,rad14,rad15,rad16,rad17,rad18,rad19,rad20,rad21,rad22,rad23,rad24,date,date2
NAR041221001,NAR,CJF_1,CJF,1,R,R-NAR041221001,10,1.35599897171201,0.5965000867792984,0.7102573321608873,0.8034541532740624,0.8918820173186077,0.9654856827954224,1.043408364070655,1.1184292394497324,1.2078243721263298,1.2766590805345137,1.35599897171201,NA,NA,NA,NA,NA,NA,NA,NA,NA,NA,NA,NA,NA,NA,041221,2021-04-12
NAR041221002,NAR,CJF_1,CJF,1,R,R-NAR041221002,4,1.0114707932018683,0.5806914484204716,0.7527612721700367,0.8527026745960868,1.0114707932018683,NA,NA,NA,NA,NA,NA,NA,NA,NA,NA,NA,NA,NA,NA,NA,NA,NA,NA,NA,NA,041221,2021-04-12
NAR041221003,NAR,CJF_1,CJF,1,R,R-NAR041221003,16,1.564154459665583,0.4566472036621362,0.6388816726273027,0.763167610707568,0.8730754826203658,0.9511929667047242,1.0147737423616037,1.0957668396794555,1.1535963888693486,1.217216825091231,1.280718279618105,1.3501692634369802,1.3877901988624122,1.4397892004553117,1.4889522493797203,1.5236579110066566,1.564154459665583,NA,NA,NA,NA,NA,NA,NA,NA,041221,2021-04-12
NAR041221004,NAR,CJF_1,CJF,1,R,R-NAR041221004,5,0.869769267010879,0.4232577582120529,0.5687729634421226,0.6622633034970825,0.7590756079215815,0.869769267010879,NA,NA,NA,NA,NA,NA,NA,NA,NA,NA,NA,NA,NA,NA,NA,NA,NA,NA,NA,041221,2021-04-12
NAR041221005,NAR,CJF_1,CJF,1,R,R-NAR041221005,6,1.2166104757441851,0.6655401020657432,0.849533813920872,0.9550143933242788,1.043427436646839,1.1168190750343934,1.2166104757441851,NA,NA,NA,NA,NA,NA,NA,NA,NA,NA,NA,NA,NA,NA,NA,NA,NA,NA,041221,2021-04-12
NAR041221007,NAR,CJF_1,CJF,1,R,R-NAR041221007,2,0.6732645934984598,0.435377026191935,0.6732645934984598,NA,NA,NA,NA,NA,NA,NA,NA,NA,NA,NA,NA,NA,NA,NA,NA,NA,NA,NA,NA,NA,NA,041221,2021-04-12
NAR041221008,NAR,CJF_1,CJF,1,R,R-NAR041221008,2,0.6383335219429694,0.4233641415926497,0.6383335219429694,NA,NA,NA,NA,NA,NA,NA,NA,NA,NA,NA,NA,NA,NA,NA,NA,NA,NA,NA,NA,NA,NA,041221,2021-04-12
NAR041221009,NAR,CJF_1,CJF,1,R,R-NAR041221009,2,0.6089973456721132,0.37393586208081203,0.6089973456721132,NA,NA,NA,NA,NA,NA,NA,NA,NA,NA,NA,NA,NA,NA,NA,NA,NA,NA,NA,NA,NA,NA,041221,2021-04-12
NAR041221010,NAR,CJF_1,CJF,1,R,R-NAR041221010,2,0.6393541781244058,0.4309939993286691,0.6393541781244058,NA,NA,NA,NA,NA,NA,NA,NA,NA,NA,NA,NA,NA,NA,NA,NA,NA,NA,NA,NA,NA,NA,041221,2021-04-12
NAR041221011,NAR,CJF_1,CJF,1,R,R-NAR041221011,3,0.8369047394815975,0.3456527357085177,0.6360329028561881,0.8369047394815975,NA,NA,NA,NA,NA,NA,NA,NA,NA,NA,NA,NA,NA,NA,NA,NA,NA,NA,NA,NA,NA,041221,2021-04-12
NAR041221012,NAR,CJF_1,CJF,1,R,R-NAR041221012,9,1.2418747748023675,0.4038943677077188,0.6251054649621064,0.7405378004459344,0.8503334948580796,0.9519441790677156,1.0330167653114115,1.0946310592092323,1.1726153735120706,1.2418747748023675,NA,NA,NA,NA,NA,NA,NA,NA,NA,NA,NA,NA,NA,NA,NA,041221,2021-04-12
NAR041221013,NAR,CJF_1,CJF,1,R,R-NAR041221013,5,1.082689169586527,0.31129216586995795,0.6146522931424709,0.783485357751043,0.9238266021073387,1.082689169586527,NA,NA,NA,NA,NA,NA,NA,NA,NA,NA,NA,NA,NA,NA,NA,NA,NA,NA,NA,041221,2021-04-12
NAR041221014,NAR,CJF_1,CJF,1,R,R-NAR041221014,8,1.122939821002667,0.29722967746413487,0.547367149182763,0.6950836286206101,0.8319335539920526,0.937449975348088,0.9985367165382663,1.0809562146686575,1.122939821002667,NA,NA,NA,NA,NA,NA,NA,NA,NA,NA,NA,NA,NA,NA,NA,NA,041221,2021-04-12
NAR041221015,NAR,CJF_1,CJF,1,R,R-NAR041221015,7,1.2947163641361372,0.5818470468379615,0.7635087631266939,0.8899115239130421,1.014828435584665,1.1195517142058895,1.209403303425525,1.2947163641361372,NA,NA,NA,NA,NA,NA,NA,NA,NA,NA,NA,NA,NA,NA,NA,NA,NA,041221,2021-04-12
NAR041221016,NAR,CJF_1,CJF,1,R,R-NAR041221016,7,1.096969462053767,0.3319551903790704,0.5921630455504461,0.7627230613631248,0.8717042585012419,0.9492080054616547,1.0217569254049264,1.096969462053767,NA,NA,NA,NA,NA,NA,NA,NA,NA,NA,NA,NA,NA,NA,NA,NA,NA,041221,2021-04-12
NAR041221017,NAR,CJF_1,CJF,1,R,R-NAR041221017,5,1.0326558890165678,0.5210348312481778,0.6677801193241859,0.7816060365916419,0.9011935646598622,1.0326558890165678,NA,NA,NA,NA,NA,NA,NA,NA,NA,NA,NA,NA,NA,NA,NA,NA,NA,NA,NA,041221,2021-04-12
NAR041221018,NAR,CJF_1,CJF,1,R,R-NAR041221018,7,1.0138940677718191,0.34132476067202694,0.5054401936187766,0.6401203226613688,0.7258282228961596,0.8130429633980824,0.9249646524744699,1.0138940677718191,NA,NA,NA,NA,NA,NA,NA,NA,NA,NA,NA,NA,NA,NA,NA,NA,NA,041221,2021-04-12
NAR041221019,NAR,CJF_1,CJF,1,R,R-NAR041221019,15,1.784699141645425,0.6186347380857006,0.8037261419462296,0.927458968331829,1.031146078336388,1.1125209783500627,1.2106006420146054,1.31539160498179,1.390084599535118,1.4346796256745895,1.503765173887901,1.5851400739015762,1.6419950579991156,1.691034889831387,1.7345260630082322,1.784699141645425,NA,NA,NA,NA,NA,NA,NA,NA,NA,041221,2021-04-12
NAR041221020,NAR,CJF_1,CJF,1,R,R-NAR041221020,6,1.0359875999076835,0.3745647943201168,0.614710411581544,0.7455256572102208,0.8477175232750229,0.9410035967029089,1.0359875999076835,NA,NA,NA,NA,NA,NA,NA,NA,NA,NA,NA,NA,NA,NA,NA,NA,NA,NA,041221,2021-04-12
NAR041221021,NAR,CJF_1,CJF,1,R,R-NAR041221021,8,1.613303263077854,0.6108163111554753,0.7947894056585272,0.9636077319074896,1.1281412164030968,1.2827642546039728,1.3903853102125907,1.4875833602498143,1.613303263077854,NA,NA,NA,NA,NA,NA,NA,NA,NA,NA,NA,NA,NA,NA,NA,NA,041221,2021-04-12
NAR041221022,NAR,CJF_1,CJF,1,R,R-NAR041221022,16,1.6866126875301193,0.48661362420496396,0.6510665335330882,0.768959240927887,0.8688247485739488,0.9694665497534848,1.0520811511842851,1.1369038642045766,1.203759761981599,1.2653023740352274,1.3464247729045435,1.4072514759301644,1.4770917788301525,1.541679180512215,1.5792257825711735,1.6212489923145816,1.6866126875301193,NA,NA,NA,NA,NA,NA,NA,NA,041221,2021-04-12
NAR041221023,NAR,CJF_1,CJF,1,R,R-NAR041221023,11,1.2889155955372462,0.2777332227057001,0.529547666500584,0.6625328417058368,0.7509061084000043,0.8588914426933909,0.9525731743684168,1.028333018439388,1.0942471745448552,1.1706989522802493,1.2201543964422965,1.2889155955372462,NA,NA,NA,NA,NA,NA,NA,NA,NA,NA,NA,NA,NA,041221,2021-04-12
NAR041221024,NAR,CJF_1,CJF,1,R,R-NAR041221024,5,0.9413681960619188,0.41091206802442026,0.5939051395065891,0.6992939900544304,0.8024989021303848,0.9413681960619188,NA,NA,NA,NA,NA,NA,NA,NA,NA,NA,NA,NA,NA,NA,NA,NA,NA,NA,NA,041221,2021-04-12
NAR041221025,NAR,CJF_1,CJF,1,R,R-NAR041221025,19,1.6414911724810752,0.3739734913033453,0.5307147136930178,0.6755108843138273,0.7703110388155652,0.8649591413874698,0.961782276005276,1.0313943575351863,1.114974470950028,1.1853115631619064,1.256373666055751,1.2801117176636438,1.3183147339436858,1.3503727839106043,1.4047188641214805,1.4757809670153257,1.5161590153412705,1.5684060894711616,1.6011131241551304,1.6414911724810752,NA,NA,NA,NA,NA,041221,2021-04-12
NAR041321001,NAR,CJF_1,CJF,1,R,R-NAR041321001,1,0.5638790113147377,0.5638790113147377,NA,NA,NA,NA,NA,NA,NA,NA,NA,NA,NA,NA,NA,NA,NA,NA,NA,NA,NA,NA,NA,NA,NA,041321,2021-04-13
NAR041321002,NAR,CJF_1,CJF,1,R,R-NAR041321002,1,0.612710650569751,0.612710650569751,NA,NA,NA,NA,NA,NA,NA,NA,NA,NA,NA,NA,NA,NA,NA,NA,NA,NA,NA,NA,NA,NA,NA,041321,2021-04-13
NAR041321003,NAR,CJF_1,CJF,1,R,R-NAR041321003,2,0.7776844138639588,0.5530030270431346,0.7776844138639588,NA,NA,NA,NA,NA,NA,NA,NA,NA,NA,NA,NA,NA,NA,NA,NA,NA,NA,NA,NA,NA,NA,041321,2021-04-13
NAR041321004,NAR,CJF_1,CJF,1,R,R-NAR041321004,11,1.350043089197291,0.49177723154678904,0.6441918417251891,0.7729334919984716,0.8617189024807101,0.934226938496047,1.0151213623432465,1.0886172480427185,1.1556994925690875,1.222289288608145,1.286906337988442,1.350043089197291,NA,NA,NA,NA,NA,NA,NA,NA,NA,NA,NA,NA,NA,041321,2021-04-13
NAR041321005,NAR,CJF_1,CJF,1,R,R-NAR041321005,2,0.7571331466525965,0.5413649444715384,0.7571331466525965,NA,NA,NA,NA,NA,NA,NA,NA,NA,NA,NA,NA,NA,NA,NA,NA,NA,NA,NA,NA,NA,NA,041321,2021-04-13
NAR041321006,NAR,CJF_1,CJF,1,R,R-NAR041321006,2,0.6592292676910553,0.42291106866210165,0.6592292676910553,NA,NA,NA,NA,NA,NA,NA,NA,NA,NA,NA,NA,NA,NA,NA,NA,NA,NA,NA,NA,NA,NA,041321,2021-04-13
NAR041321007,NAR,CJF_1,CJF,1,R,R-NAR041321007,2,0.7715402199759909,0.5166759230053125,0.7715402199759909,NA,NA,NA,NA,NA,NA,NA,NA,NA,NA,NA,NA,NA,NA,NA,NA,NA,NA,NA,NA,NA,NA,041321,2021-04-13
NAR041321008,NAR,CJF_1,CJF,1,R,R-NAR041321008,2,0.6709267521971068,0.45469932991216183,0.6709267521971068,NA,NA,NA,NA,NA,NA,NA,NA,NA,NA,NA,NA,NA,NA,NA,NA,NA,NA,NA,NA,NA,NA,041321,2021-04-13
NAR041321009,NAR,CJF_1,CJF,1,R,R-NAR041321009,3,0.9411248509536124,0.4767368638378588,0.7589855449490821,0.9411248509536124,NA,NA,NA,NA,NA,NA,NA,NA,NA,NA,NA,NA,NA,NA,NA,NA,NA,NA,NA,NA,NA,041321,2021-04-13
NAR041321010,NAR,CJF_1,CJF,1,R,R-NAR041321010,4,0.9143006728956878,0.4596624984594455,0.6273785118431416,0.7577939298619205,0.9143006728956878,NA,NA,NA,NA,NA,NA,NA,NA,NA,NA,NA,NA,NA,NA,NA,NA,NA,NA,NA,NA,041321,2021-04-13
NAR041321011,NAR,CJF_1,CJF,1,R,R-NAR041321011,9,1.2902602417927969,0.4736889750568448,0.6649508389058569,0.7866054806093553,0.8927947525976481,0.989390637825968,1.0545321754057961,1.130976333810358,1.208909053736816,1.2902602417927969,NA,NA,NA,NA,NA,NA,NA,NA,NA,NA,NA,NA,NA,NA,NA,041321,2021-04-13
NAR041321012,NAR,CJF_1,CJF,1,R,R-NAR041321012,22,2.009818442311152,0.42618012478318695,0.57575970244601,0.7285009756218533,0.8465923964572916,0.9414842037986466,1.0077504140241964,1.088414890179489,1.1660886055654414,1.2409424949257333,1.3101139985487835,1.3619392091586715,1.4252146586148815,1.4828931897056903,1.5462968402196597,1.5980793171436283,1.667165353394839,1.707454857786565,1.765090655191454,1.8342194251285844,1.8889499291359728,1.9465002591690224,2.009818442311152,NA,NA,041321,2021-04-13
NAR041321013,NAR,CJF_1,CJF,1,R,R-NAR041321013,2,0.6656480215947508,0.4389232642821624,0.6656480215947508,NA,NA,NA,NA,NA,NA,NA,NA,NA,NA,NA,NA,NA,NA,NA,NA,NA,NA,NA,NA,NA,NA,041321,2021-04-13
NAR041321014,NAR,CJF_1,CJF,1,R,R-NAR041321014,5,1.0481380611686022,0.47701526614462936,0.6900792690196181,0.8272188951766897,0.9394154906139769,1.0481380611686022,NA,NA,NA,NA,NA,NA,NA,NA,NA,NA,NA,NA,NA,NA,NA,NA,NA,NA,NA,041321,2021-04-13
NAR041321015,NAR,CJF_1,CJF,1,R,R-NAR041321015,5,1.0084939733685792,0.5259895822878771,0.6919795162085027,0.8235634218969664,0.9209594249207592,1.0084939733685792,NA,NA,NA,NA,NA,NA,NA,NA,NA,NA,NA,NA,NA,NA,NA,NA,NA,NA,NA,041321,2021-04-13
NAR041321016,NAR,CJF_1,CJF,1,R,R-NAR041321016,2,0.8469320363471348,0.6252947205803656,0.8469320363471348,NA,NA,NA,NA,NA,NA,NA,NA,NA,NA,NA,NA,NA,NA,NA,NA,NA,NA,NA,NA,NA,NA,041321,2021-04-13
NAR041321017,NAR,CJF_1,CJF,1,R,R-NAR041321017,7,1.183346671022116,0.40306269951105245,0.5582508490517438,0.7175266499238038,0.9039593978297331,0.9815087851239486,1.103012599538815,1.183346671022116,NA,NA,NA,NA,NA,NA,NA,NA,NA,NA,NA,NA,NA,NA,NA,NA,NA,041321,2021-04-13
NAR041321018,NAR,CJF_1,CJF,1,R,R-NAR041321018,7,1.33939377746633,0.41221525481338395,0.6807217595118379,0.8566673492462942,0.9971311809152688,1.1036826275317306,1.2360872492958235,1.33939377746633,NA,NA,NA,NA,NA,NA,NA,NA,NA,NA,NA,NA,NA,NA,NA,NA,NA,041321,2021-04-13
NAR041321019,NAR,CJF_1,CJF,1,R,R-NAR041321019,8,1.5290617267887394,0.5019259782152575,0.7242503414718671,0.9005398225313304,1.0340208827733826,1.1905193841140076,1.3002844407726606,1.4416155487438331,1.5290617267887394,NA,NA,NA,NA,NA,NA,NA,NA,NA,NA,NA,NA,NA,NA,NA,NA,041321,2021-04-13
NAR041321020,NAR,CJF_1,CJF,1,R,R-NAR041321020,5,1.0580836275843746,0.48653539282885055,0.6789894101059704,0.8019513764414923,0.9258313138942518,1.0580836275843746,NA,NA,NA,NA,NA,NA,NA,NA,NA,NA,NA,NA,NA,NA,NA,NA,NA,NA,NA,041321,2021-04-13
NAR041321021,NAR,CJF_1,CJF,1,R,R-NAR041321021,7,1.2928667231644049,0.4397351181005986,0.6992943805855318,0.8618100774533419,0.967835329428785,1.0782158924710732,1.2042305657121872,1.2928667231644049,NA,NA,NA,NA,NA,NA,NA,NA,NA,NA,NA,NA,NA,NA,NA,NA,NA,041321,2021-04-13
NAR041321022,NAR,CJF_1,CJF,1,R,R-NAR041321022,12,1.5436433643730123,0.4596800182546657,0.652037553252578,0.7674147255740228,0.8563501582205696,0.9666641310725314,1.0896361025982,1.1754303784996343,1.2599121686870687,1.350676272364729,1.4149986363674902,1.4963392698098121,1.5436433643730123,NA,NA,NA,NA,NA,NA,NA,NA,NA,NA,NA,NA,041321,2021-04-13
NAR041321023,NAR,CJF_1,CJF,1,R,R-NAR041321023,9,1.3462267440223554,0.48148122415318184,0.6083926423929941,0.7454936831964394,0.8577416014103719,0.9610417646998095,1.0656301013466631,1.134496876872955,1.242903427873779,1.3462267440223554,NA,NA,NA,NA,NA,NA,NA,NA,NA,NA,NA,NA,NA,NA,NA,041321,2021-04-13
NAR041321024,NAR,CJF_1,CJF,1,R,R-NAR041321024,8,1.4756852579725093,0.5305992120687514,0.7052528828248678,0.876863190936426,1.034711996041681,1.144704463433416,1.2546969308251508,1.3585694873748742,1.4756852579725093,NA,NA,NA,NA,NA,NA,NA,NA,NA,NA,NA,NA,NA,NA,NA,NA,041321,2021-04-13
NAR041321025,NAR,CJF_1,CJF,1,R,R-NAR041321025,10,1.5052155438456634,0.46860299320409493,0.7003531846791708,0.842039019290631,0.9609930114016549,1.0912074065135937,1.1778763122558156,1.2590205347468832,1.342716062364922,1.452538883604791,1.5052155438456634,NA,NA,NA,NA,NA,NA,NA,NA,NA,NA,NA,NA,NA,NA,041321,2021-04-13
NAR041321026,NAR,CJF_1,CJF,1,R,R-NAR041321026,10,1.2860128156708361,0.47966526981688706,0.6572063258904198,0.7716179326590519,0.8322593786953537,0.9414242248172466,1.0023364249630873,1.0767716578900823,1.13108332684149,1.2060600679875635,1.2860128156708361,NA,NA,NA,NA,NA,NA,NA,NA,NA,NA,NA,NA,NA,NA,041321,2021-04-13
NAR041321027,NAR,CJF_1,CJF,1,R,R-NAR041321027,16,1.683529619269706,0.5175777145657052,0.6931029833556156,0.7935152794367617,0.8810162480289205,0.9653889783445029,1.024200719484906,1.0981420717595736,1.1482173868987484,1.2033775581569839,1.2531912074933644,1.3288275118077182,1.3966373447521447,1.4900081668717493,1.552733143697117,1.6371058740126987,1.683529619269706,NA,NA,NA,NA,NA,NA,NA,NA,041321,2021-04-13
NAR041321028,NAR,CJF_1,CJF,1,R,R-NAR041321028,15,1.6155031132078492,0.457650529248894,0.6615377792092035,0.7731474730645725,0.878097827212666,0.9629008807659934,1.0491649785350556,1.1355983577770568,1.195055815244078,1.2806740316417429,1.3438687403845702,1.4012192722644587,1.450280138748398,1.5076306706282872,1.5537694486807572,1.6155031132078492,NA,NA,NA,NA,NA,NA,NA,NA,NA,041321,2021-04-13
NAR041321029,NAR,CJF_1,CJF,1,R,R-NAR041321029,11,1.4310559675286227,0.4920318142581761,0.7214346268550641,0.8580217832919486,0.9657097117595839,1.0471347400610906,1.143009382347222,1.219584413365495,1.274746541500873,1.3325449974393715,1.3960387673071186,1.4310559675286227,NA,NA,NA,NA,NA,NA,NA,NA,NA,NA,NA,NA,NA,041321,2021-04-13
NAR041321030,NAR,CJF_1,CJF,1,R,R-NAR041321030,15,1.8379887842358176,0.5770497133856163,0.7655677080043604,0.8998068604342716,1.0138129431302183,1.1246088423196339,1.217635783677699,1.2849418777936343,1.3429904571919353,1.3925275934765193,1.459460651790496,1.5436031142328852,1.616583503757964,1.6920280051856584,1.7504496203859174,1.8379887842358176,NA,NA,NA,NA,NA,NA,NA,NA,NA,041321,2021-04-13
NAR041321031,NAR,CJF_1,CJF,1,R,R-NAR041321031,11,1.4134037827681039,0.3761921030169745,0.5723383438888097,0.7139669460677688,0.8398877368598476,0.9258855732507432,1.0141742387562727,1.118955850328314,1.210320479628108,1.2882681266556557,1.34468402712335,1.4134037827681039,NA,NA,NA,NA,NA,NA,NA,NA,NA,NA,NA,NA,NA,041321,2021-04-13
NAR041321032,NAR,CJF_1,CJF,1,R,R-NAR041321032,11,1.406248029762952,0.5674173425875092,0.7074154238417434,0.8168350160808031,0.8934007924864378,0.9788287684296778,1.0496860908488488,1.149405338699088,1.2045342072442244,1.2751121480463237,1.3205406722026405,1.406248029762952,NA,NA,NA,NA,NA,NA,NA,NA,NA,NA,NA,NA,NA,041321,2021-04-13
NAR041321033,NAR,CJF_1,CJF,1,R,R-NAR041321033,8,1.4279352166570813,0.54152781076752,0.6832688868428739,0.8929609830105345,1.0319295395881938,1.1553124193215643,1.256262048194322,1.3584509383682524,1.4279352166570813,NA,NA,NA,NA,NA,NA,NA,NA,NA,NA,NA,NA,NA,NA,NA,NA,041321,2021-04-13
NAR041321034,NAR,CJF_1,CJF,1,R,R-NAR041321034,11,1.3115246380622194,0.4400129612181915,0.6088080420667787,0.725595218762014,0.8095269942028561,0.8739057397063971,0.9597005750810468,1.0268739104853009,1.0951092517466778,1.169464775738041,1.2395631769332256,1.3115246380622194,NA,NA,NA,NA,NA,NA,NA,NA,NA,NA,NA,NA,NA,041321,2021-04-13
NAR041321035,NAR,CJF_1,CJF,1,R,R-NAR041321035,10,1.3562486081230412,0.5923556786855048,0.7352928870814919,0.8340293340931146,0.9144376596073562,0.9930159403823086,1.0631523450378872,1.1347331189521017,1.210422661209782,1.2770603124349924,1.3562486081230412,NA,NA,NA,NA,NA,NA,NA,NA,NA,NA,NA,NA,NA,NA,041321,2021-04-13
NAR041321036,NAR,CJF_1,CJF,1,R,R-NAR041321036,5,0.9629372755563428,0.4248534746563742,0.6349433816054253,0.7436051662115705,0.8531596353210402,0.9629372755563428,NA,NA,NA,NA,NA,NA,NA,NA,NA,NA,NA,NA,NA,NA,NA,NA,NA,NA,NA,041321,2021-04-13
NAR041321037,NAR,CJF_1,CJF,1,R,R-NAR041321037,3,0.813642774861875,0.4811301649949641,0.6893685673082286,0.813642774861875,NA,NA,NA,NA,NA,NA,NA,NA,NA,NA,NA,NA,NA,NA,NA,NA,NA,NA,NA,NA,NA,041321,2021-04-13
NAR041321038,NAR,CJF_1,CJF,1,R,R-NAR041321038,3,0.7439378969549266,0.32906864849026457,0.549329285802804,0.7439378969549266,NA,NA,NA,NA,NA,NA,NA,NA,NA,NA,NA,NA,NA,NA,NA,NA,NA,NA,NA,NA,NA,041321,2021-04-13
NAR041321039,NAR,CJF_1,CJF,1,R,R-NAR041321039,2,0.7077079295177491,0.4947083075443735,0.7077079295177491,NA,NA,NA,NA,NA,NA,NA,NA,NA,NA,NA,NA,NA,NA,NA,NA,NA,NA,NA,NA,NA,NA,041321,2021-04-13
NAR041321040,NAR,CJF_1,CJF,1,R,R-NAR041321040,5,1.0426099467238155,0.45630405759835513,0.6589388935189396,0.7768181359925754,0.9043272029400389,1.0426099467238155,NA,NA,NA,NA,NA,NA,NA,NA,NA,NA,NA,NA,NA,NA,NA,NA,NA,NA,NA,041321,2021-04-13
NAR041321041,NAR,CJF_1,CJF,1,R,R-NAR041321041,5,1.078324814791292,0.4893335291668169,0.6938906096536387,0.8483238374577108,0.9343747221302297,1.078324814791292,NA,NA,NA,NA,NA,NA,NA,NA,NA,NA,NA,NA,NA,NA,NA,NA,NA,NA,NA,041321,2021-04-13
NAR041321042,NAR,CJF_1,CJF,1,R,R-NAR041321042,2,0.7097451147239833,0.5209662889007611,0.7097451147239833,NA,NA,NA,NA,NA,NA,NA,NA,NA,NA,NA,NA,NA,NA,NA,NA,NA,NA,NA,NA,NA,NA,041321,2021-04-13
NAR041321043,NAR,CJF_1,CJF,1,R,R-NAR041321043,5,0.9792573131518912,0.4415291286726075,0.6485829682271373,0.7361568254616411,0.8780929012731401,0.9792573131518912,NA,NA,NA,NA,NA,NA,NA,NA,NA,NA,NA,NA,NA,NA,NA,NA,NA,NA,NA,041321,2021-04-13
NAR041321044,NAR,CJF_1,CJF,1,R,R-NAR041321044,2,0.6872187133307214,0.45260060332002117,0.6872187133307214,NA,NA,NA,NA,NA,NA,NA,NA,NA,NA,NA,NA,NA,NA,NA,NA,NA,NA,NA,NA,NA,NA,041321,2021-04-13
NAR041421001,NAR,CJF_1,CJF,1,R,R-NAR041421001,8,1.0782987283517407,0.3900265188870303,0.5209505583981976,0.628385391857483,0.7278006220500433,0.8354362545280642,0.9027566749997671,0.9876899008468922,1.0782987283517407,NA,NA,NA,NA,NA,NA,NA,NA,NA,NA,NA,NA,NA,NA,NA,NA,041421,2021-04-14
NAR041421002,NAR,CJF_1,CJF,1,R,R-NAR041421002,2,0.794749194942289,0.5403229259761905,0.794749194942289,NA,NA,NA,NA,NA,NA,NA,NA,NA,NA,NA,NA,NA,NA,NA,NA,NA,NA,NA,NA,NA,NA,041421,2021-04-14
NAR041421003,NAR,CJF_1,CJF,1,R,R-NAR041421003,6,1.1353856812173388,0.4337506450115731,0.6776796420467366,0.8195294979673184,0.9236741593287998,1.0010890649561308,1.1353856812173388,NA,NA,NA,NA,NA,NA,NA,NA,NA,NA,NA,NA,NA,NA,NA,NA,NA,NA,041421,2021-04-14
NAR041421004,NAR,CJF_1,CJF,1,R,R-NAR041421004,3,0.8024644710413797,0.37831249301205505,0.6362279670439877,0.8024644710413797,NA,NA,NA,NA,NA,NA,NA,NA,NA,NA,NA,NA,NA,NA,NA,NA,NA,NA,NA,NA,NA,041421,2021-04-14
NAR041421005,NAR,CJF_1,CJF,1,R,R-NAR041421005,10,1.5869094017696888,0.622094317380869,0.706408185706922,0.8118676103487833,0.9595286953098671,1.118183854561879,1.2320836112675844,1.3412077273397547,1.4329404308388192,1.5147005569377887,1.5869094017696888,NA,NA,NA,NA,NA,NA,NA,NA,NA,NA,NA,NA,NA,NA,041421,2021-04-14
NAR041421006,NAR,CJF_1,CJF,1,R,R-NAR041421006,14,1.4901522616166476,0.3031078839443375,0.5321408738731166,0.68760740236668,0.803158991786688,0.8829888699337995,0.9652224282496015,1.0312443579212933,1.089774605807649,1.1588143481847508,1.2314331858257928,1.2947707940495283,1.3436863212611245,1.3941107548254261,1.4901522616166476,NA,NA,NA,NA,NA,NA,NA,NA,NA,NA,041421,2021-04-14
NAR041421007,NAR,CJF_1,CJF,1,R,R-NAR041421007,6,1.1042910251946625,0.4284334327102075,0.6592223566455149,0.8040970051369355,0.9006240790123385,0.9981759018752246,1.1042910251946625,NA,NA,NA,NA,NA,NA,NA,NA,NA,NA,NA,NA,NA,NA,NA,NA,NA,NA,041421,2021-04-14
NAR041421008,NAR,CJF_1,CJF,1,R,R-NAR041421008,4,0.9347819513358524,0.504889554324451,0.6429597307600057,0.7824357101834543,0.9347819513358524,NA,NA,NA,NA,NA,NA,NA,NA,NA,NA,NA,NA,NA,NA,NA,NA,NA,NA,NA,NA,041421,2021-04-14
NAR041421009,NAR,CJF_1,CJF,1,R,R-NAR041421009,3,0.9418169830058138,0.44188295120640614,0.660877138491898,0.9418169830058138,NA,NA,NA,NA,NA,NA,NA,NA,NA,NA,NA,NA,NA,NA,NA,NA,NA,NA,NA,NA,NA,041421,2021-04-14
NAR041421010,NAR,CJF_1,CJF,1,R,R-NAR041421010,8,1.2595826504603564,0.5194022305935101,0.6940079218088292,0.8142150454562018,0.9363040914713573,1.040686383554801,1.1349606837605346,1.1887319438725537,1.2595826504603564,NA,NA,NA,NA,NA,NA,NA,NA,NA,NA,NA,NA,NA,NA,NA,NA,041421,2021-04-14
NAR041421011,NAR,CJF_1,CJF,1,R,R-NAR041421011,2,0.7411906978991176,0.526688912993865,0.7411906978991176,NA,NA,NA,NA,NA,NA,NA,NA,NA,NA,NA,NA,NA,NA,NA,NA,NA,NA,NA,NA,NA,NA,041421,2021-04-14
NAR041421012,NAR,CJF_1,CJF,1,R,R-NAR041421012,2,0.7596767550100267,0.5612442626698942,0.7596767550100267,NA,NA,NA,NA,NA,NA,NA,NA,NA,NA,NA,NA,NA,NA,NA,NA,NA,NA,NA,NA,NA,NA,041421,2021-04-14
NAR041421013,NAR,CJF_1,CJF,1,R,R-NAR041421013,2,0.7006653276404626,0.4683949071806091,0.7006653276404626,NA,NA,NA,NA,NA,NA,NA,NA,NA,NA,NA,NA,NA,NA,NA,NA,NA,NA,NA,NA,NA,NA,041421,2021-04-14
NAR041421014,NAR,CJF_1,CJF,1,R,R-NAR041421014,2,0.7020024217774745,0.5170665002305551,0.7020024217774745,NA,NA,NA,NA,NA,NA,NA,NA,NA,NA,NA,NA,NA,NA,NA,NA,NA,NA,NA,NA,NA,NA,041421,2021-04-14
NAR041421015,NAR,CJF_1,CJF,1,R,R-NAR041421015,2,0.6579461622095095,0.42600604765313965,0.6579461622095095,NA,NA,NA,NA,NA,NA,NA,NA,NA,NA,NA,NA,NA,NA,NA,NA,NA,NA,NA,NA,NA,NA,041421,2021-04-14
NAR041421016,NAR,CJF_1,CJF,1,R,R-NAR041421016,15,1.5824099356519565,0.4186993880992791,0.5998429949199136,0.733582441326065,0.8400447947422476,0.9150357128930451,0.9955439825911045,1.07636191703551,1.1367431193090545,1.199066660347136,1.259757527367026,1.325965745934179,1.38828928697226,1.4412107989340062,1.507109352754814,1.5824099356519565,NA,NA,NA,NA,NA,NA,NA,NA,NA,041421,2021-04-14
NAR041421017,NAR,CJF_1,CJF,1,R,R-NAR041421017,8,1.4076809920901214,0.464214317581038,0.6297082635812769,0.8121378550070063,0.9465691626824089,1.071218604318214,1.1891886680877473,1.2887621252813464,1.4076809920901214,NA,NA,NA,NA,NA,NA,NA,NA,NA,NA,NA,NA,NA,NA,NA,NA,041421,2021-04-14
NAR041421018,NAR,CJF_1,CJF,1,R,R-NAR041421018,2,0.7122477811737038,0.48394224578373246,0.7122477811737038,NA,NA,NA,NA,NA,NA,NA,NA,NA,NA,NA,NA,NA,NA,NA,NA,NA,NA,NA,NA,NA,NA,041421,2021-04-14
NAR041421019,NAR,CJF_1,CJF,1,R,R-NAR041421019,13,1.658856512738007,0.34469422915659,0.5683174304818184,0.7547786437567178,0.878569084340922,1.0142712458012841,1.101675250733753,1.1727627791491726,1.28567556872201,1.3597410273564687,1.424355660401412,1.5030843921429602,1.5882860192549841,1.658856512738007,NA,NA,NA,NA,NA,NA,NA,NA,NA,NA,NA,041421,2021-04-14
NAR041421020,NAR,CJF_1,CJF,1,R,R-NAR041421020,7,1.194289852475543,0.37600841929227324,0.617200054700408,0.7894419304307543,0.9128554366780113,1.0131973407232555,1.0849647889442338,1.194289852475543,NA,NA,NA,NA,NA,NA,NA,NA,NA,NA,NA,NA,NA,NA,NA,NA,NA,041421,2021-04-14
NAR041421021,NAR,CJF_1,CJF,1,R,R-NAR041421021,6,1.1549072232898128,0.4315464180324869,0.6680096051400813,0.8448954496081016,0.9397187203583022,1.0426661741957166,1.1549072232898128,NA,NA,NA,NA,NA,NA,NA,NA,NA,NA,NA,NA,NA,NA,NA,NA,NA,NA,041421,2021-04-14
NAR041421022,NAR,CJF_1,CJF,1,R,R-NAR041421022,12,1.6510921404480263,0.3676750391002459,0.6392632363975946,0.7872003078673994,0.9074058981918618,1.004215286519515,1.1009410762868201,1.1907757950479634,1.2654668773076212,1.3428809485456046,1.416849484280507,1.5391391156188878,1.6510921404480263,NA,NA,NA,NA,NA,NA,NA,NA,NA,NA,NA,NA,041421,2021-04-14
NAR041421023,NAR,CJF_1,CJF,1,R,R-NAR041421023,7,1.2411645346461049,0.36970858478820157,0.6573356717193761,0.7981770373529762,0.9520685228944681,1.047815173140422,1.1365356790952537,1.2411645346461049,NA,NA,NA,NA,NA,NA,NA,NA,NA,NA,NA,NA,NA,NA,NA,NA,NA,041421,2021-04-14
NAR041421024,NAR,CJF_1,CJF,1,R,R-NAR041421024,4,0.8935151374977446,0.41917061884324797,0.5978520735619566,0.7229596524498796,0.8935151374977446,NA,NA,NA,NA,NA,NA,NA,NA,NA,NA,NA,NA,NA,NA,NA,NA,NA,NA,NA,NA,041421,2021-04-14
NAR041421025,NAR,CJF_1,CJF,1,R,R-NAR041421025,5,0.9945125505280502,0.4384038099102558,0.6218666172256905,0.7622980939337763,0.8656248636198844,0.9945125505280502,NA,NA,NA,NA,NA,NA,NA,NA,NA,NA,NA,NA,NA,NA,NA,NA,NA,NA,NA,041421,2021-04-14
NAR041421026,NAR,CJF_1,CJF,1,R,R-NAR041421026,13,1.4879860225207697,0.3760123213220767,0.5739332115772329,0.7026378454871668,0.7939783128445602,0.9021177652678737,0.9608704205342007,1.029812241137035,1.1096789493747599,1.1844948674086226,1.2656461694295091,1.3411978097617554,1.4144546982700685,1.4879860225207697,NA,NA,NA,NA,NA,NA,NA,NA,NA,NA,NA,041421,2021-04-14
NAR041421027,NAR,CJF_1,CJF,1,R,R-NAR041421027,14,1.6526213504188507,0.3630131741799275,0.6219624314668859,0.7959259696552224,0.9355288334834364,1.0397891291389256,1.1239893331874669,1.1907146319121666,1.2518768005456127,1.327143173169713,1.3940648506569326,1.4580085843360058,1.5187779954444112,1.5803329216028972,1.6526213504188507,NA,NA,NA,NA,NA,NA,NA,NA,NA,NA,041421,2021-04-14
NAR041421028,NAR,CJF_1,CJF,1,R,R-NAR041421028,7,1.2704143810968611,0.5290098364782465,0.7380618295466916,0.8725477962377075,1.0003483327848768,1.0952725010041753,1.1754902128775644,1.2704143810968611,NA,NA,NA,NA,NA,NA,NA,NA,NA,NA,NA,NA,NA,NA,NA,NA,NA,041421,2021-04-14
NAR041421029,NAR,CJF_1,CJF,1,R,R-NAR041421029,16,1.6356869774215008,0.5983592728797382,0.7293818318968528,0.8533914019499347,0.9248953547123662,1.0044700332164678,1.0643967657552136,1.1284796032695497,1.1875900832401696,1.2374054586169296,1.28722083399369,1.3525280503602157,1.4174271404426781,1.4908050825508736,1.5240708801602312,1.5827732338467875,1.6356869774215008,NA,NA,NA,NA,NA,NA,NA,NA,041421,2021-04-14
NAR041421030,NAR,CJF_1,CJF,1,R,R-NAR041421030,5,0.9722810209124028,0.48868085980618464,0.6585684507114249,0.7470412726785335,0.8436294812778424,0.9722810209124028,NA,NA,NA,NA,NA,NA,NA,NA,NA,NA,NA,NA,NA,NA,NA,NA,NA,NA,NA,041421,2021-04-14
NAR041421031,NAR,CJF_1,CJF,1,R,R-NAR041421031,10,1.2390041580541602,0.44659569543194055,0.6005915574173645,0.71224048127535,0.802376974931153,0.8952251576946552,0.9878537794276914,1.0478651751262296,1.097688497485368,1.1701605335700729,1.2390041580541602,NA,NA,NA,NA,NA,NA,NA,NA,NA,NA,NA,NA,NA,NA,041421,2021-04-14
NAR041421032,NAR,CJF_1,CJF,1,R,R-NAR041421032,11,1.239878865316383,0.3757831054361812,0.5720934287069749,0.675177294047027,0.7495123846421967,0.8023549141754128,0.8965404633438931,0.9651257989900863,1.0363123283626605,1.1132486126842116,1.1786853871078091,1.239878865316383,NA,NA,NA,NA,NA,NA,NA,NA,NA,NA,NA,NA,NA,041421,2021-04-14
NAR041421033,NAR,CJF_1,CJF,1,R,R-NAR041421033,11,1.4477507732292365,0.4654393074324827,0.6530015853197038,0.7783399897208545,0.8798910926476838,0.9741068667024136,1.041948915822879,1.1318397259731867,1.207038491172522,1.2856929500540415,1.3531110576667724,1.4477507732292365,NA,NA,NA,NA,NA,NA,NA,NA,NA,NA,NA,NA,NA,041421,2021-04-14
NAR041521001,NAR,CJF_1,CJF,1,R,R-NAR041521001,1,0.41778414108746664,0.41778414108746664,NA,NA,NA,NA,NA,NA,NA,NA,NA,NA,NA,NA,NA,NA,NA,NA,NA,NA,NA,NA,NA,NA,NA,041521,2021-04-15
NAR041521002,NAR,CJF_1,CJF,1,R,R-NAR041521002,1,0.5287205082503023,0.5287205082503023,NA,NA,NA,NA,NA,NA,NA,NA,NA,NA,NA,NA,NA,NA,NA,NA,NA,NA,NA,NA,NA,NA,NA,041521,2021-04-15
NAR041521003,NAR,CJF_1,CJF,1,R,R-NAR041521003,2,0.684857582170512,0.46414752994206965,0.684857582170512,NA,NA,NA,NA,NA,NA,NA,NA,NA,NA,NA,NA,NA,NA,NA,NA,NA,NA,NA,NA,NA,NA,041521,2021-04-15
NAR041521004,NAR,CJF_1,CJF,1,R,R-NAR041521004,1,0.7464903955088094,0.7464903955088094,NA,NA,NA,NA,NA,NA,NA,NA,NA,NA,NA,NA,NA,NA,NA,NA,NA,NA,NA,NA,NA,NA,NA,041521,2021-04-15
NAR041521005,NAR,CJF_1,CJF,1,R,R-NAR041521005,2,0.6678830582334194,0.4433959406967991,0.6678830582334194,NA,NA,NA,NA,NA,NA,NA,NA,NA,NA,NA,NA,NA,NA,NA,NA,NA,NA,NA,NA,NA,NA,041521,2021-04-15
NAR041521006,NAR,CJF_1,CJF,1,R,R-NAR041521006,5,1.1795029037230618,0.5537456615735251,0.7585405938881139,0.895114760695281,1.0420141920968282,1.1795029037230618,NA,NA,NA,NA,NA,NA,NA,NA,NA,NA,NA,NA,NA,NA,NA,NA,NA,NA,NA,041521,2021-04-15
NAR041521007,NAR,CJF_1,CJF,1,R,R-NAR041521007,5,0.9951565719304061,0.44936968833047525,0.661885567131218,0.7748857887389208,0.9000549757111184,0.9951565719304061,NA,NA,NA,NA,NA,NA,NA,NA,NA,NA,NA,NA,NA,NA,NA,NA,NA,NA,NA,041521,2021-04-15
NAR041521008,NAR,CJF_1,CJF,1,R,R-NAR041521008,17,1.8114587991712312,0.5105886119624242,0.7104574376309819,0.8167642277798157,0.9197907842675952,0.9999911018981027,1.072878592176291,1.1441259656239522,1.2153733390716137,1.2825881188280108,1.352195375445144,1.4181462183861206,1.4910337086643077,1.5639211989424966,1.6318883387291048,1.6938065879788147,1.7438678393997302,1.8114587991712312,NA,NA,NA,NA,NA,NA,NA,041521,2021-04-15
NAR041521009,NAR,CJF_1,CJF,1,R,R-NAR041521009,5,1.0324024800510578,0.4992440074628558,0.6810808743861424,0.8197930674220522,0.9483117265285949,1.0324024800510578,NA,NA,NA,NA,NA,NA,NA,NA,NA,NA,NA,NA,NA,NA,NA,NA,NA,NA,NA,041521,2021-04-15
NAR041521010,NAR,CJF_1,CJF,1,R,R-NAR041521010,5,0.9825646374204214,0.4515263049419,0.6409995470068481,0.7442160341506425,0.8653046056698601,0.9825646374204214,NA,NA,NA,NA,NA,NA,NA,NA,NA,NA,NA,NA,NA,NA,NA,NA,NA,NA,NA,041521,2021-04-15
NAR041521011,NAR,CJF_1,CJF,1,R,R-NAR041521011,7,1.3410884430012309,0.4065408886310957,0.7069403412806949,0.899531060048683,1.056152542838011,1.1694797785541287,1.2712936397726284,1.3410884430012309,NA,NA,NA,NA,NA,NA,NA,NA,NA,NA,NA,NA,NA,NA,NA,NA,NA,041521,2021-04-15
NAR041521012,NAR,CJF_1,CJF,1,R,R-NAR041521012,1,0.5026133491651734,0.5026133491651734,NA,NA,NA,NA,NA,NA,NA,NA,NA,NA,NA,NA,NA,NA,NA,NA,NA,NA,NA,NA,NA,NA,NA,041521,2021-04-15
NAR041521013,NAR,CJF_1,CJF,1,R,R-NAR041521013,2,0.6762316976659108,0.48872803068631804,0.6762316976659108,NA,NA,NA,NA,NA,NA,NA,NA,NA,NA,NA,NA,NA,NA,NA,NA,NA,NA,NA,NA,NA,NA,041521,2021-04-15
NAR041521014,NAR,CJF_1,CJF,1,R,R-NAR041521014,2,0.6513297636001047,0.4291344198320971,0.6513297636001047,NA,NA,NA,NA,NA,NA,NA,NA,NA,NA,NA,NA,NA,NA,NA,NA,NA,NA,NA,NA,NA,NA,041521,2021-04-15
NAR041521015,NAR,CJF_1,CJF,1,R,R-NAR041521015,11,1.5169245114201264,0.5200803050986667,0.6576304194830166,0.7872476379798783,0.8905208881450623,1.01392730624258,1.0802056173081551,1.1747713209473944,1.255635985807492,1.3331185895256112,1.4189767466389072,1.5169245114201264,NA,NA,NA,NA,NA,NA,NA,NA,NA,NA,NA,NA,NA,041521,2021-04-15
NAR041521016,NAR,CJF_1,CJF,1,R,R-NAR041521016,9,1.3308710209871935,0.4662109309698441,0.6518596506775427,0.7873971794735997,0.9123029427806157,1.0104431853789855,1.0996615877411398,1.1791997369715312,1.2481061207128807,1.3308710209871935,NA,NA,NA,NA,NA,NA,NA,NA,NA,NA,NA,NA,NA,NA,NA,041521,2021-04-15
NAR041521017,NAR,CJF_1,CJF,1,R,R-NAR041521017,10,1.5527267027988125,0.5010195635405565,0.7026066463900509,0.8078058484684417,0.9483673692460208,1.067671307304517,1.181195991666704,1.2716036612436539,1.381409481473532,1.4537925934402198,1.5527267027988125,NA,NA,NA,NA,NA,NA,NA,NA,NA,NA,NA,NA,NA,NA,041521,2021-04-15
NAR041521018,NAR,CJF_1,CJF,1,R,R-NAR041521018,9,1.370108149351991,0.6134653755174028,0.7445829766704067,0.8462018159049618,0.9384504417703784,1.0434095957919818,1.1326432723663526,1.222527679932729,1.2926089044457993,1.370108149351991,NA,NA,NA,NA,NA,NA,NA,NA,NA,NA,NA,NA,NA,NA,NA,041521,2021-04-15
NAR041521019,NAR,CJF_1,CJF,1,R,R-NAR041521019,5,1.0421091453542926,0.5054541909952204,0.7093295970544771,0.8161306890235334,0.9115112734525657,1.0421091453542926,NA,NA,NA,NA,NA,NA,NA,NA,NA,NA,NA,NA,NA,NA,NA,NA,NA,NA,NA,041521,2021-04-15
NAR041521020,NAR,CJF_1,CJF,1,R,R-NAR041521020,12,1.50354700696882,0.5608918114456015,0.7054167594229137,0.8212617399608115,0.922485459083942,0.9863314613041465,1.046840670621978,1.1451026337694803,1.2259690979899611,1.3009120502591862,1.3645705340160175,1.4367392487729873,1.50354700696882,NA,NA,NA,NA,NA,NA,NA,NA,NA,NA,NA,NA,041521,2021-04-15
NAR041521021,NAR,CJF_1,CJF,1,R,R-NAR041521021,5,1.0253617064772818,0.4410894587497197,0.6205587749000687,0.7939201182683968,0.91722474399899,1.0253617064772818,NA,NA,NA,NA,NA,NA,NA,NA,NA,NA,NA,NA,NA,NA,NA,NA,NA,NA,NA,041521,2021-04-15
NAR041521022,NAR,CJF_1,CJF,1,R,R-NAR041521022,5,1.1573347346712688,0.5974470697141633,0.7960504095544841,0.9420967041468192,1.050124981957344,1.1573347346712688,NA,NA,NA,NA,NA,NA,NA,NA,NA,NA,NA,NA,NA,NA,NA,NA,NA,NA,NA,041521,2021-04-15
NAR041521023,NAR,CJF_1,CJF,1,R,R-NAR041521023,11,1.3197454262256256,0.294290856935856,0.5498138758122253,0.6634047846025265,0.7782954701850978,0.8447546211442164,0.9070883381192935,0.9998259733821584,1.0718233869212028,1.1645610221840683,1.2344957187310928,1.3197454262256256,NA,NA,NA,NA,NA,NA,NA,NA,NA,NA,NA,NA,NA,041521,2021-04-15
NAR041521024,NAR,CJF_1,CJF,1,R,R-NAR041521024,9,1.4810562086403105,0.506417997312078,0.7197879200547781,0.8851123037970682,1.0104485743406972,1.1235496688963813,1.21247848604682,1.2978266433917875,1.3858602955908583,1.4810562086403105,NA,NA,NA,NA,NA,NA,NA,NA,NA,NA,NA,NA,NA,NA,NA,041521,2021-04-15
NAR041521025,NAR,CJF_1,CJF,1,R,R-NAR041521025,5,1.2858764159952523,0.5647428205474299,0.8282940743740546,0.9788947908464121,1.1497261800332095,1.2858764159952523,NA,NA,NA,NA,NA,NA,NA,NA,NA,NA,NA,NA,NA,NA,NA,NA,NA,NA,NA,041521,2021-04-15
NAR041521026,NAR,CJF_1,CJF,1,R,R-NAR041521026,5,1.0295819674383182,0.42101770421283574,0.6576467618220285,0.7703357676620972,0.9344598323453196,1.0295819674383182,NA,NA,NA,NA,NA,NA,NA,NA,NA,NA,NA,NA,NA,NA,NA,NA,NA,NA,NA,041521,2021-04-15
NAR041521027,NAR,CJF_1,CJF,1,R,R-NAR041521027,5,1.1418243089900981,0.5396617571510199,0.7828693312561885,0.907152755493616,1.0443092238864802,1.1418243089900981,NA,NA,NA,NA,NA,NA,NA,NA,NA,NA,NA,NA,NA,NA,NA,NA,NA,NA,NA,041521,2021-04-15
NAR041521028,NAR,CJF_1,CJF,1,R,R-NAR041521028,4,0.8224808799406705,0.39394492886194965,0.5819238910876363,0.7056612151173774,0.8224808799406705,NA,NA,NA,NA,NA,NA,NA,NA,NA,NA,NA,NA,NA,NA,NA,NA,NA,NA,NA,NA,041521,2021-04-15
NAR041521029,NAR,CJF_1,CJF,1,R,R-NAR041521029,15,1.6061399844986362,0.47320292902149635,0.6479137365716208,0.7578752861998859,0.867170377691831,0.9828843005565148,1.0478089658409409,1.1304818016083744,1.1958975176665536,1.2591736232671538,1.322449728867753,1.3988791406250154,1.454438669894185,1.5172237247210318,1.5507558625920346,1.6061399844986362,NA,NA,NA,NA,NA,NA,NA,NA,NA,041521,2021-04-15
NAR041521030,NAR,CJF_1,CJF,1,R,R-NAR041521030,10,1.4265691108730714,0.5119529681956246,0.6957413971128217,0.8178971816573326,0.9010478206778009,1.0099304413596821,1.1167060685347485,1.1912047037381408,1.2617845100649177,1.334878482930434,1.4265691108730714,NA,NA,NA,NA,NA,NA,NA,NA,NA,NA,NA,NA,NA,NA,041521,2021-04-15
NAR041521031,NAR,CJF_1,CJF,1,R,R-NAR041521031,12,1.6867095666035026,0.4990350400980513,0.7047125358310075,0.850251292529538,0.972131805682166,1.052339492839381,1.1673799130879112,1.2880639944328334,1.3796718364302132,1.4699704139725118,1.528687055904481,1.595327389900877,1.6867095666035026,NA,NA,NA,NA,NA,NA,NA,NA,NA,NA,NA,NA,041521,2021-04-15
NAR041521032,NAR,CJF_1,CJF,1,R,R-NAR041521032,16,1.7471094375636502,0.5750677574935922,0.7486258294748368,0.8563198604557214,0.9530316997448225,1.0366625705555257,1.0905095860459688,1.1600246545601403,1.2185866405328762,1.275567266628064,1.3618143311344477,1.425608704498541,1.4940889391945815,1.562051756981555,1.6247821873771682,1.678629202867611,1.7471094375636502,NA,NA,NA,NA,NA,NA,NA,NA,041521,2021-04-15
NAR041521033,NAR,CJF_1,CJF,1,R,R-NAR041521033,8,1.455877530680624,0.5282810339204327,0.7193225693922443,0.881828363797391,1.0098693744102683,1.1269768600397325,1.2470488670319992,1.3613767433922206,1.455877530680624,NA,NA,NA,NA,NA,NA,NA,NA,NA,NA,NA,NA,NA,NA,NA,NA,041521,2021-04-15
NAR041521034,NAR,CJF_1,CJF,1,R,R-NAR041521034,7,1.279090873486408,0.6255674260204427,0.7726358904663884,0.904400919617355,1.0189950041151157,1.1182856533178978,1.1887773665033323,1.279090873486408,NA,NA,NA,NA,NA,NA,NA,NA,NA,NA,NA,NA,NA,NA,NA,NA,NA,041521,2021-04-15
NAR041521YPE01,NAR,CJF_1,CJF,1,R,R-NAR041521YPE01,7,1.3033109450154554,0.3572655456149447,0.6029457833674439,0.8459285888549146,0.9716798262992394,1.0832148550315561,1.1861045165373734,1.3033109450154554,NA,NA,NA,NA,NA,NA,NA,NA,NA,NA,NA,NA,NA,NA,NA,NA,NA,041521,2021-04-15
NAR041621001,NAR,CJF_1,CJF,1,R,R-NAR041621001,5,0.879555230919498,0.4115929968721959,0.5866580098602825,0.6963865217897558,0.7886122898231449,0.879555230919498,NA,NA,NA,NA,NA,NA,NA,NA,NA,NA,NA,NA,NA,NA,NA,NA,NA,NA,NA,041621,2021-04-16
NAR041621002,NAR,CJF_1,CJF,1,R,R-NAR041621002,5,0.902784513342505,0.36387334324174414,0.5492246412781596,0.6882381148054704,0.795109781781478,0.902784513342505,NA,NA,NA,NA,NA,NA,NA,NA,NA,NA,NA,NA,NA,NA,NA,NA,NA,NA,NA,041621,2021-04-16
NAR041621003,NAR,CJF_1,CJF,1,R,R-NAR041621003,7,1.461200052253455,0.5227250461439986,0.7731264820960158,0.9404679260699621,1.097330445388113,1.2170988360505486,1.3078733727812089,1.461200052253455,NA,NA,NA,NA,NA,NA,NA,NA,NA,NA,NA,NA,NA,NA,NA,NA,NA,041621,2021-04-16
NAR041621004,NAR,CJF_1,CJF,1,R,R-NAR041621004,10,1.2564040420689957,0.4440073757399771,0.5341680209291473,0.641881923276922,0.7526328757852192,0.8579787717769989,0.9467749763169631,1.0369356215061343,1.113583625404012,1.193603201364674,1.2564040420689957,NA,NA,NA,NA,NA,NA,NA,NA,NA,NA,NA,NA,NA,NA,041621,2021-04-16
NAR041621005,NAR,CJF_1,CJF,1,R,R-NAR041621005,24,2.152606267219963,0.4835264569799998,0.6605442968895,0.8025040020481629,0.9246031509774024,1.0354076965300554,1.0983051780526147,1.1504952185091268,1.2266387909806868,1.3014180381903724,1.3656798449748058,1.453308021463746,1.5082267124440085,1.5633354040650649,1.6268200478981638,1.698093481632765,1.7594366372526553,1.7997449120220421,1.8484291390034708,1.9126909457879036,1.9635166609825416,2.0151195391285137,2.072179718321986,2.109569341926829,2.152606267219963,041621,2021-04-16
NAR041621006,NAR,CJF_1,CJF,1,R,R-NAR041621006,17,1.8153647947725142,0.4261470478097065,0.6437120219275132,0.7756487631884218,0.8806368031716094,0.9888191800302024,1.089218876863509,1.1638700928197148,1.2688581328029023,1.333926338132891,1.3918119736379033,1.486423106920709,1.5494971957759123,1.6087768375554004,1.6377196553079063,1.7013938543634202,1.7528908161176209,1.8153647947725142,NA,NA,NA,NA,NA,NA,NA,041621,2021-04-16
NAR041621007,NAR,CJF_1,CJF,1,R,R-NAR041621007,19,1.9684626102167497,0.4624815976748035,0.655265090086498,0.8420569172440375,0.9732447093520092,1.0571505363951446,1.149047126567565,1.2442736704081254,1.342830167916826,1.4220751854988123,1.5129722267336676,1.5762357180570798,1.6148586779105076,1.651151233033361,1.6987645049536417,1.7543685400032094,1.8186315802641864,1.8665761590399095,1.9218488872340354,1.9684626102167497,NA,NA,NA,NA,NA,041621,2021-04-16
NAR041621008,NAR,CJF_1,CJF,1,R,R-NAR041621008,9,1.60856948621521,0.6006755404376433,0.8123574604894017,0.9955489577698488,1.1222138904878165,1.2840615775285649,1.340588142091044,1.4050738537902847,1.517087307820022,1.60856948621521,NA,NA,NA,NA,NA,NA,NA,NA,NA,NA,NA,NA,NA,NA,NA,041621,2021-04-16
NAR041621009,NAR,CJF_1,CJF,1,R,R-NAR041621009,14,1.5849248928647415,0.4411383906816054,0.6210489104915262,0.7301532068887548,0.8335615307123502,0.9149728317568607,0.9931427127568307,1.0639489361695231,1.1144258218167744,1.1884734652740077,1.2552514011267104,1.3423586747448542,1.4319205008920908,1.4986984367447937,1.5849248928647415,NA,NA,NA,NA,NA,NA,NA,NA,NA,NA,041621,2021-04-16
NAR041621010,NAR,CJF_1,CJF,1,R,R-NAR041621010,6,1.269970365898185,0.4528684090354628,0.6936653373651424,0.8226814358171511,0.9602323632711535,1.1437992104468406,1.269970365898185,NA,NA,NA,NA,NA,NA,NA,NA,NA,NA,NA,NA,NA,NA,NA,NA,NA,NA,041621,2021-04-16
NAR041621011,NAR,CJF_1,CJF,1,R,R-NAR041621011,5,1.0651868117058418,0.6536517699531664,0.8203645259465985,0.8864465814116326,0.9837000491591552,1.0651868117058418,NA,NA,NA,NA,NA,NA,NA,NA,NA,NA,NA,NA,NA,NA,NA,NA,NA,NA,NA,041621,2021-04-16
NAR041621012,NAR,CJF_1,CJF,1,R,R-NAR041621012,23,2.0794055229823187,0.5141912420009076,0.6819511785570318,0.8182025231729471,0.9312820632302306,1.021639445360068,1.1026791438971992,1.1692518689397065,1.2399929876730003,1.3019476723935317,1.371626291966941,1.4428986602801783,1.5043220954207668,1.5466605167447554,1.6049780573544412,1.658677557642152,1.7201009927827402,1.7670574544287037,1.8259062446183323,1.8878609293388646,1.9358798901447147,1.9870047454814659,2.03138656217647,2.0794055229823187,NA,041621,2021-04-16
NAR041621013,NAR,CJF_1,CJF,1,R,R-NAR041621013,13,1.6442736803264506,0.4222802340338609,0.6165192304838749,0.789335394691924,0.9160194649020823,1.0147573998701644,1.101165481974189,1.193096071415793,1.275266484371136,1.3639602003265896,1.4406081059443534,1.4977852146174029,1.5656737394114357,1.6442736803264506,NA,NA,NA,NA,NA,NA,NA,NA,NA,NA,NA,041621,2021-04-16
NAR041621014,NAR,CJF_1,CJF,1,R,R-NAR041621014,15,1.6503841357289375,0.6180638265120952,0.7469294419834163,0.8678273907611485,0.9708011987463991,1.0558508659391694,1.1238603067418145,1.1884036037777699,1.2704290844050279,1.3298079227123165,1.3854996386523255,1.414857589905086,1.4532881008543819,1.5180523764909262,1.5713828416671916,1.6503841357289375,NA,NA,NA,NA,NA,NA,NA,NA,NA,041621,2021-04-16
NAR101520001,NAR,CJF_1,CJF,1,R,R-NAR101520001,15,1.616197386830084,0.565920819421723,0.715947567817843,0.8175958803382193,0.9164057405159973,0.9668371648180317,1.0321569861138378,1.1059921644374375,1.1713119857332437,1.2156737733919287,1.2733530302117724,1.3278011027308654,1.3782325270328997,1.4528531692728064,1.5032845935748416,1.5516630294505847,NA,NA,NA,NA,NA,NA,NA,NA,NA,101520,2020-10-15
NAR101520002,NAR,CJF_1,CJF,1,R,R-NAR101520002,8,1.3581123511043793,0.43885123472100257,0.6408754549224894,0.787803113590669,0.9192637373179018,1.0236590155993668,1.123224940671978,1.1928200455699385,1.2711158490474053,NA,NA,NA,NA,NA,NA,NA,NA,NA,NA,NA,NA,NA,NA,NA,NA,101520,2020-10-15
NAR101520003,NAR,CJF_1,CJF,1,R,R-NAR101520003,4,1.090597063465431,0.5182292322766344,0.7463987562118055,0.8662910823226508,0.9852236477127355,NA,NA,NA,NA,NA,NA,NA,NA,NA,NA,NA,NA,NA,NA,NA,NA,NA,NA,NA,NA,101520,2020-10-15
NAR101520004,NAR,CJF_1,CJF,1,R,R-NAR101520004,1,0.6836172973696756,0.49449085851827057,NA,NA,NA,NA,NA,NA,NA,NA,NA,NA,NA,NA,NA,NA,NA,NA,NA,NA,NA,NA,NA,NA,NA,101520,2020-10-15
NAR101520005,NAR,CJF_1,CJF,1,R,R-NAR101520005,1,0.6880397317827485,0.4644303887349226,NA,NA,NA,NA,NA,NA,NA,NA,NA,NA,NA,NA,NA,NA,NA,NA,NA,NA,NA,NA,NA,NA,NA,101520,2020-10-15
NAR101520006,NAR,CJF_1,CJF,1,R,R-NAR101520006,1,0.6502120929225402,0.4312364258191562,NA,NA,NA,NA,NA,NA,NA,NA,NA,NA,NA,NA,NA,NA,NA,NA,NA,NA,NA,NA,NA,NA,NA,101520,2020-10-15
NAR101520007,NAR,CJF_1,CJF,1,R,R-NAR101520007,4,1.0204634668175478,0.47616379272414006,0.6836534379453535,0.846746495958193,0.9488518959045027,NA,NA,NA,NA,NA,NA,NA,NA,NA,NA,NA,NA,NA,NA,NA,NA,NA,NA,NA,NA,101520,2020-10-15
NAR101520008,NAR,CJF_1,CJF,1,R,R-NAR101520008,0,0.47678373693000287,NA,NA,NA,NA,NA,NA,NA,NA,NA,NA,NA,NA,NA,NA,NA,NA,NA,NA,NA,NA,NA,NA,NA,NA,101520,2020-10-15
NAR101520009,NAR,CJF_1,CJF,1,R,R-NAR101520009,0,0.4160240070117726,NA,NA,NA,NA,NA,NA,NA,NA,NA,NA,NA,NA,NA,NA,NA,NA,NA,NA,NA,NA,NA,NA,NA,NA,101520,2020-10-15
NAR101520010,NAR,CJF_1,CJF,1,R,R-NAR101520010,0,0.6954332844468477,NA,NA,NA,NA,NA,NA,NA,NA,NA,NA,NA,NA,NA,NA,NA,NA,NA,NA,NA,NA,NA,NA,NA,NA,101520,2020-10-15
NAR101520011,NAR,CJF_1,CJF,1,R,R-NAR101520011,0,0.6530695049351607,NA,NA,NA,NA,NA,NA,NA,NA,NA,NA,NA,NA,NA,NA,NA,NA,NA,NA,NA,NA,NA,NA,NA,NA,101520,2020-10-15
NAR101520012,NAR,CJF_1,CJF,1,R,R-NAR101520012,5,1.0464009810755397,0.52439582393964,0.6297420626383387,0.7914933814891119,0.9173139660891083,0.9989194285000729,NA,NA,NA,NA,NA,NA,NA,NA,NA,NA,NA,NA,NA,NA,NA,NA,NA,NA,NA,101520,2020-10-15
NAR101520013,NAR,CJF_1,CJF,1,R,R-NAR101520013,5,1.0222907720997751,0.4771343013772538,0.6239204792477852,0.7464582956653067,0.8452373086100019,0.940762080481489,NA,NA,NA,NA,NA,NA,NA,NA,NA,NA,NA,NA,NA,NA,NA,NA,NA,NA,NA,101520,2020-10-15
NAR101520014,NAR,CJF_1,CJF,1,R,R-NAR101520014,5,1.0458597221415442,0.49359378254828085,0.6752941046835967,0.7770306922571059,0.8641594000062288,0.9443637723154752,NA,NA,NA,NA,NA,NA,NA,NA,NA,NA,NA,NA,NA,NA,NA,NA,NA,NA,NA,101520,2020-10-15
NAR101520015,NAR,CJF_1,CJF,1,R,R-NAR101520015,16,1.7734013013402343,0.44521577127252115,0.6459298988766172,0.7838316309450023,0.8938795958015988,0.9836837452349586,1.067601969508045,1.143910241992579,1.2075846508424277,1.2560391561151734,1.3205755782791613,1.3681680702377677,1.4508673585589955,1.4972409145657437,1.5591912967873138,1.6228657056371627,1.6827351385927354,NA,NA,NA,NA,NA,NA,NA,NA,101520,2020-10-15
NAR101520016,NAR,CJF_1,CJF,1,R,R-NAR101520016,6,1.1215789902868019,0.3708675743695583,0.5728654174238323,0.7176908702211777,0.8385796105435127,0.9038457881600692,1.00667442808322,NA,NA,NA,NA,NA,NA,NA,NA,NA,NA,NA,NA,NA,NA,NA,NA,NA,NA,101520,2020-10-15
NAR101520017,NAR,CJF_1,CJF,1,R,R-NAR101520017,9,1.323084356765243,0.41874919413728795,0.6113022569571624,0.6980238934263339,0.8096562659185257,0.9180933690097003,0.9728004849441259,1.0569164446728256,1.1394656829633025,1.2347959988578492,NA,NA,NA,NA,NA,NA,NA,NA,NA,NA,NA,NA,NA,NA,NA,101520,2020-10-15
NAR101520018,NAR,CJF_1,CJF,1,R,R-NAR101520018,5,1.3543379675342444,0.5781811875544707,0.8241201615037738,0.9713355935793315,1.087566420767229,1.1936452158851778,NA,NA,NA,NA,NA,NA,NA,NA,NA,NA,NA,NA,NA,NA,NA,NA,NA,NA,NA,101520,2020-10-15
NAR101520019,NAR,CJF_1,CJF,1,R,R-NAR101520019,1,0.959952864938076,0.7096905642568782,NA,NA,NA,NA,NA,NA,NA,NA,NA,NA,NA,NA,NA,NA,NA,NA,NA,NA,NA,NA,NA,NA,NA,101520,2020-10-15
NAR101520020,NAR,CJF_1,CJF,1,R,R-NAR101520020,3,1.1083099098277087,0.48612020557020535,0.8595855521540761,0.9580266983513458,NA,NA,NA,NA,NA,NA,NA,NA,NA,NA,NA,NA,NA,NA,NA,NA,NA,NA,NA,NA,NA,101520,2020-10-15
NAR101520021,NAR,CJF_1,CJF,1,R,R-NAR101520021,2,1.1640891082093958,0.6911997044877732,0.993991681538386,NA,NA,NA,NA,NA,NA,NA,NA,NA,NA,NA,NA,NA,NA,NA,NA,NA,NA,NA,NA,NA,NA,101520,2020-10-15
NAR101520022,NAR,CJF_1,CJF,1,R,R-NAR101520022,3,1.0901634218657452,0.7119946031511385,0.828800092870545,0.9635376606468496,NA,NA,NA,NA,NA,NA,NA,NA,NA,NA,NA,NA,NA,NA,NA,NA,NA,NA,NA,NA,NA,101520,2020-10-15
NAR101520023,NAR,CJF_1,CJF,1,R,R-NAR101520023,4,1.0491588075650946,0.507428553370582,0.6974056572252888,0.8365117022971742,0.9462060852727052,NA,NA,NA,NA,NA,NA,NA,NA,NA,NA,NA,NA,NA,NA,NA,NA,NA,NA,NA,NA,101520,2020-10-15
NAR101520024,NAR,CJF_1,CJF,1,R,R-NAR101520024,3,1.0013799284825087,0.6254504642903611,0.7596498123300837,0.8719000044380947,NA,NA,NA,NA,NA,NA,NA,NA,NA,NA,NA,NA,NA,NA,NA,NA,NA,NA,NA,NA,NA,101520,2020-10-15
NAR101520025,NAR,CJF_1,CJF,1,R,R-NAR101520025,2,0.9180496313819715,0.501701798884882,0.8221223740660357,NA,NA,NA,NA,NA,NA,NA,NA,NA,NA,NA,NA,NA,NA,NA,NA,NA,NA,NA,NA,NA,NA,101520,2020-10-15
NAR101520026,NAR,CJF_1,CJF,1,R,R-NAR101520026,2,0.7970441982987997,0.4014775158440388,0.6699660293604338,NA,NA,NA,NA,NA,NA,NA,NA,NA,NA,NA,NA,NA,NA,NA,NA,NA,NA,NA,NA,NA,NA,101520,2020-10-15
NAR101520027,NAR,CJF_1,CJF,1,R,R-NAR101520027,0,0.6618021961335429,NA,NA,NA,NA,NA,NA,NA,NA,NA,NA,NA,NA,NA,NA,NA,NA,NA,NA,NA,NA,NA,NA,NA,NA,101520,2020-10-15
NAR101520028,NAR,CJF_1,CJF,1,R,R-NAR101520028,3,1.047365096148709,0.528166114517086,0.7125613295204409,0.8901592118481074,NA,NA,NA,NA,NA,NA,NA,NA,NA,NA,NA,NA,NA,NA,NA,NA,NA,NA,NA,NA,NA,101520,2020-10-15
NAR101520029,NAR,CJF_1,CJF,1,R,R-NAR101520029,0,0.6392708324358356,NA,NA,NA,NA,NA,NA,NA,NA,NA,NA,NA,NA,NA,NA,NA,NA,NA,NA,NA,NA,NA,NA,NA,NA,101520,2020-10-15
NAR101520030,NAR,CJF_1,CJF,1,R,R-NAR101520030,3,1.1513487769199289,0.6065224233630846,0.8694434824158002,1.0168371453767162,NA,NA,NA,NA,NA,NA,NA,NA,NA,NA,NA,NA,NA,NA,NA,NA,NA,NA,NA,NA,NA,101520,2020-10-15
NAR101520031,NAR,CJF_1,CJF,1,R,R-NAR101520031,3,0.9567287215536473,0.45699814710570996,0.6574493018299759,0.8257368148015105,NA,NA,NA,NA,NA,NA,NA,NA,NA,NA,NA,NA,NA,NA,NA,NA,NA,NA,NA,NA,NA,101520,2020-10-15
NAR101520032,NAR,CJF_1,CJF,1,R,R-NAR101520032,14,1.6116862450577338,0.45582060329807433,0.6123309723403858,0.7581089229104893,0.8372631886327699,0.9028941783617086,0.9907954723184281,1.060303628605145,1.136573422888532,1.1867893603041202,1.2495358785941661,1.336444477432002,1.403068162279825,1.4590530425732,1.5170233131043434,NA,NA,NA,NA,NA,NA,NA,NA,NA,NA,101520,2020-10-15
NAR101520033,NAR,CJF_1,CJF,1,R,R-NAR101520033,4,0.9870454899164537,0.4321507066468253,0.619926109721891,0.7557117652444878,0.8743932068610535,NA,NA,NA,NA,NA,NA,NA,NA,NA,NA,NA,NA,NA,NA,NA,NA,NA,NA,NA,NA,101520,2020-10-15
NAR101520034,NAR,CJF_1,CJF,1,R,R-NAR101520034,4,1.0525464429456628,0.45351321740311856,0.6857205938888884,0.8253573380490049,0.9229462419637707,NA,NA,NA,NA,NA,NA,NA,NA,NA,NA,NA,NA,NA,NA,NA,NA,NA,NA,NA,NA,101520,2020-10-15
NAR101520035,NAR,CJF_1,CJF,1,R,R-NAR101520035,0,0.7389367892501879,NA,NA,NA,NA,NA,NA,NA,NA,NA,NA,NA,NA,NA,NA,NA,NA,NA,NA,NA,NA,NA,NA,NA,NA,101520,2020-10-15
NAR101520036,NAR,CJF_1,CJF,1,R,R-NAR101520036,4,1.034590341941763,0.43443163356633563,0.6544603666703857,0.8019539952120893,0.9091646290465696,NA,NA,NA,NA,NA,NA,NA,NA,NA,NA,NA,NA,NA,NA,NA,NA,NA,NA,NA,NA,101520,2020-10-15
NAR101520037,NAR,CJF_1,CJF,1,R,R-NAR101520037,9,1.272521935056647,0.3586619486594158,0.5843145971551282,0.6858915289886054,0.7830566110963788,0.8495612611782306,0.9519101293160115,1.0558028700624005,1.1185577226727925,1.195539828864719,NA,NA,NA,NA,NA,NA,NA,NA,NA,NA,NA,NA,NA,NA,NA,101520,2020-10-15
NAR101520038,NAR,CJF_1,CJF,1,R,R-NAR101520038,0,0.5912828045803048,NA,NA,NA,NA,NA,NA,NA,NA,NA,NA,NA,NA,NA,NA,NA,NA,NA,NA,NA,NA,NA,NA,NA,NA,101520,2020-10-15
NAR101520039,NAR,CJF_1,CJF,1,R,R-NAR101520039,6,1.1563852852030199,0.509731224962257,0.6829727970055985,0.8025190778807872,0.9171806683123674,0.9998116330098045,1.0978053035912596,NA,NA,NA,NA,NA,NA,NA,NA,NA,NA,NA,NA,NA,NA,NA,NA,NA,NA,101520,2020-10-15
NAR101520040,NAR,CJF_1,CJF,1,R,R-NAR101520040,6,1.1287860259064695,0.4387640422506918,0.6208746875905475,0.7562612133521404,0.869846409910988,0.9493761645074053,1.0527861849631395,NA,NA,NA,NA,NA,NA,NA,NA,NA,NA,NA,NA,NA,NA,NA,NA,NA,NA,101520,2020-10-15
NAR101520041,NAR,CJF_1,CJF,1,R,R-NAR101520041,4,1.1603436262572706,0.7347139204280966,0.8367420684730317,0.9279764192271551,1.0547728761754274,NA,NA,NA,NA,NA,NA,NA,NA,NA,NA,NA,NA,NA,NA,NA,NA,NA,NA,NA,NA,101520,2020-10-15
NAR101520042,NAR,CJF_1,CJF,1,R,R-NAR101520042,4,0.9467053934152863,0.4806425169017463,0.6415578534881244,0.7615081334278219,0.8457651967987563,NA,NA,NA,NA,NA,NA,NA,NA,NA,NA,NA,NA,NA,NA,NA,NA,NA,NA,NA,NA,101520,2020-10-15
NAR101520043,NAR,CJF_1,CJF,1,R,R-NAR101520043,5,1.0025918995553547,0.4520323635813445,0.6253607603258253,0.7239321952472475,0.8632753261599272,0.948211933222174,NA,NA,NA,NA,NA,NA,NA,NA,NA,NA,NA,NA,NA,NA,NA,NA,NA,NA,NA,101520,2020-10-15
NAR101520044,NAR,CJF_1,CJF,1,R,R-NAR101520044,4,1.2092316304214,0.5988283789630876,0.8220528927468964,0.9635138338486093,1.0845338817797976,NA,NA,NA,NA,NA,NA,NA,NA,NA,NA,NA,NA,NA,NA,NA,NA,NA,NA,NA,NA,101520,2020-10-15
NAR101520045,NAR,CJF_1,CJF,1,R,R-NAR101520045,3,0.9643996958178651,0.5380898587228525,0.7142077992412503,0.8730953798361132,NA,NA,NA,NA,NA,NA,NA,NA,NA,NA,NA,NA,NA,NA,NA,NA,NA,NA,NA,NA,NA,101520,2020-10-15
NAR101520046,NAR,CJF_1,CJF,1,R,R-NAR101520046,7,1.2546511340915547,0.4188607532574407,0.6731998805005264,0.8215090212000349,0.9480793916051078,1.0351337503440439,1.125317621196688,1.1980906203015453,NA,NA,NA,NA,NA,NA,NA,NA,NA,NA,NA,NA,NA,NA,NA,NA,NA,101520,2020-10-15
NAR101520047,NAR,CJF_1,CJF,1,R,R-NAR101520047,21,1.9664454926712687,0.42532885693384814,0.5804232741976998,0.7049829420135766,0.8038492004294286,0.9044652026917201,0.9960694510356464,1.0685713738739382,1.1428230405586686,1.219495377267375,1.2638832206816675,1.3100208079423976,1.358579065227105,1.4279893918638848,1.4717063091006402,1.5178438963613714,1.5580613259052492,1.6514153180956133,1.72149657090993,1.7933275675706852,1.8478059825722453,1.9119670776697075,NA,NA,NA,101520,2020-10-15
NAR101520048,NAR,CJF_1,CJF,1,R,R-NAR101520048,0,0.6899701872721401,NA,NA,NA,NA,NA,NA,NA,NA,NA,NA,NA,NA,NA,NA,NA,NA,NA,NA,NA,NA,NA,NA,NA,NA,101520,2020-10-15
NAR101520049,NAR,CJF_1,CJF,1,R,R-NAR101520049,0,0.67926223441935,NA,NA,NA,NA,NA,NA,NA,NA,NA,NA,NA,NA,NA,NA,NA,NA,NA,NA,NA,NA,NA,NA,NA,NA,101520,2020-10-15
NAR101520050,NAR,CJF_1,CJF,1,R,R-NAR101520050,0,0.7383260863258723,NA,NA,NA,NA,NA,NA,NA,NA,NA,NA,NA,NA,NA,NA,NA,NA,NA,NA,NA,NA,NA,NA,NA,NA,101520,2020-10-15
NAR101520051,NAR,CJF_1,CJF,1,R,R-NAR101520051,2,0.8165894991739673,0.37246215657719084,0.6764744333800434,NA,NA,NA,NA,NA,NA,NA,NA,NA,NA,NA,NA,NA,NA,NA,NA,NA,NA,NA,NA,NA,NA,101520,2020-10-15
NAR101520052,NAR,CJF_1,CJF,1,R,R-NAR101520052,0,0.48387383501405096,NA,NA,NA,NA,NA,NA,NA,NA,NA,NA,NA,NA,NA,NA,NA,NA,NA,NA,NA,NA,NA,NA,NA,NA,101520,2020-10-15
NAR101520053,NAR,CJF_1,CJF,1,R,R-NAR101520053,0,0.7402485063052991,NA,NA,NA,NA,NA,NA,NA,NA,NA,NA,NA,NA,NA,NA,NA,NA,NA,NA,NA,NA,NA,NA,NA,NA,101520,2020-10-15
NAR101520054,NAR,CJF_1,CJF,1,R,R-NAR101520054,0,0.6518662131141092,NA,NA,NA,NA,NA,NA,NA,NA,NA,NA,NA,NA,NA,NA,NA,NA,NA,NA,NA,NA,NA,NA,NA,NA,101520,2020-10-15
NAR101520055,NAR,CJF_1,CJF,1,R,R-NAR101520055,0,0.69005996849635,NA,NA,NA,NA,NA,NA,NA,NA,NA,NA,NA,NA,NA,NA,NA,NA,NA,NA,NA,NA,NA,NA,NA,NA,101520,2020-10-15
NAR101520056,NAR,CJF_1,CJF,1,R,R-NAR101520056,3,1.1124227323113733,0.5409799020035458,0.8176860465324948,0.9630364808782447,NA,NA,NA,NA,NA,NA,NA,NA,NA,NA,NA,NA,NA,NA,NA,NA,NA,NA,NA,NA,NA,101520,2020-10-15
NAR101520057,NAR,CJF_1,CJF,1,R,R-NAR101520057,4,1.0597349887082028,0.5488032773937771,0.6919858097173923,0.7944447366125089,0.9184327837795484,NA,NA,NA,NA,NA,NA,NA,NA,NA,NA,NA,NA,NA,NA,NA,NA,NA,NA,NA,NA,101520,2020-10-15
NAR101520058,NAR,CJF_1,CJF,1,R,R-NAR101520058,4,1.1614488785673844,0.5177996033269737,0.7558903459232967,0.8920696523341762,1.017223586881717,NA,NA,NA,NA,NA,NA,NA,NA,NA,NA,NA,NA,NA,NA,NA,NA,NA,NA,NA,NA,101520,2020-10-15
NAR101520059,NAR,CJF_1,CJF,1,R,R-NAR101520059,5,1.2025388771364267,0.5693753114211058,0.823477233158632,0.9093931995001907,0.9731814537944061,1.1007579623828374,NA,NA,NA,NA,NA,NA,NA,NA,NA,NA,NA,NA,NA,NA,NA,NA,NA,NA,NA,101520,2020-10-15
NAR101520060,NAR,CJF_1,CJF,1,R,R-NAR101520060,4,0.9493951620016015,0.4309066740613627,0.6075255865945023,0.7335431104044753,0.8331510295850261,NA,NA,NA,NA,NA,NA,NA,NA,NA,NA,NA,NA,NA,NA,NA,NA,NA,NA,NA,NA,101520,2020-10-15
NAR101520061,NAR,CJF_1,CJF,1,R,R-NAR101520061,4,1.0425542164316604,0.5679211107128429,0.7312448237976011,0.8305526456186487,0.9608923598892812,NA,NA,NA,NA,NA,NA,NA,NA,NA,NA,NA,NA,NA,NA,NA,NA,NA,NA,NA,NA,101520,2020-10-15
NAR101520062,NAR,CJF_1,CJF,1,R,R-NAR101520062,4,0.9911100720172292,0.3977890608906418,0.6172893889391914,0.7544701212509499,0.8847981920041128,NA,NA,NA,NA,NA,NA,NA,NA,NA,NA,NA,NA,NA,NA,NA,NA,NA,NA,NA,NA,101520,2020-10-15
NAR101520063,NAR,CJF_1,CJF,1,R,R-NAR101520063,0,0.5575796904240606,NA,NA,NA,NA,NA,NA,NA,NA,NA,NA,NA,NA,NA,NA,NA,NA,NA,NA,NA,NA,NA,NA,NA,NA,101520,2020-10-15
NAR101520064,NAR,CJF_1,CJF,1,R,R-NAR101520064,1,0.7867314179783318,0.5817786626217646,NA,NA,NA,NA,NA,NA,NA,NA,NA,NA,NA,NA,NA,NA,NA,NA,NA,NA,NA,NA,NA,NA,NA,101520,2020-10-15
NAR101520065,NAR,CJF_1,CJF,1,R,R-NAR101520065,8,1.1906228265641876,0.35748165651103686,0.5218425665989154,0.671791820807129,0.7628021548374422,0.8531028651140833,0.9294650020135057,1.0302196423230614,1.127253098037088,NA,NA,NA,NA,NA,NA,NA,NA,NA,NA,NA,NA,NA,NA,NA,NA,101520,2020-10-15
NAR101520066,NAR,CJF_1,CJF,1,R,R-NAR101520066,3,0.9137156825942203,0.48292961388179007,0.6541116292003022,0.7973357612868194,NA,NA,NA,NA,NA,NA,NA,NA,NA,NA,NA,NA,NA,NA,NA,NA,NA,NA,NA,NA,NA,101520,2020-10-15
NAR101520067,NAR,CJF_1,CJF,1,R,R-NAR101520067,22,2.090866009014034,0.4384228354929866,0.583874576130921,0.7396208855751372,0.8624593741109617,0.9477759728886669,1.034637844464554,1.1189315112250757,1.1883165403295852,1.2618150470476452,1.3378817585810687,1.4144708108954933,1.4797423623864543,1.5373092994313187,1.589217486064451,1.6308528534361202,1.6632383335635115,1.7043513601541795,1.7716905252243245,1.8703704888598582,1.9397555179643677,2.0081176150516957,2.0507759144405475,NA,NA,101520,2020-10-15
NAR101520068,NAR,CJF_1,CJF,1,R,R-NAR101520068,6,1.1093063452604444,0.45192979535020233,0.6573102190578922,0.8147265343606326,0.9140523314055893,0.999655145805605,1.071601308413028,NA,NA,NA,NA,NA,NA,NA,NA,NA,NA,NA,NA,NA,NA,NA,NA,NA,NA,101520,2020-10-15
NAR101520069,NAR,CJF_1,CJF,1,R,R-NAR101520069,4,1.0658126997415462,0.6887355867383808,0.8121589538323016,0.9115862647628907,0.9973203914175561,NA,NA,NA,NA,NA,NA,NA,NA,NA,NA,NA,NA,NA,NA,NA,NA,NA,NA,NA,NA,101520,2020-10-15
NAR101520070,NAR,CJF_1,CJF,1,R,R-NAR101520070,4,1.0714610236200512,0.519593899892743,0.6948874469763402,0.8581976751967444,0.9679537861617837,NA,NA,NA,NA,NA,NA,NA,NA,NA,NA,NA,NA,NA,NA,NA,NA,NA,NA,NA,NA,101520,2020-10-15
NAR101520071,NAR,CJF_1,CJF,1,R,R-NAR101520071,4,1.108096201639031,0.5454716324843144,0.7478845315605633,0.8713722752435445,0.9880153369893455,NA,NA,NA,NA,NA,NA,NA,NA,NA,NA,NA,NA,NA,NA,NA,NA,NA,NA,NA,NA,101520,2020-10-15
NAR101520072,NAR,CJF_1,CJF,1,R,R-NAR101520072,5,0.9353458826188272,0.4549375845839978,0.5476029919100018,0.6385905088268009,0.7394263527327719,0.8099330243331415,NA,NA,NA,NA,NA,NA,NA,NA,NA,NA,NA,NA,NA,NA,NA,NA,NA,NA,NA,101520,2020-10-15
NAR101520073,NAR,CJF_1,CJF,1,R,R-NAR101520073,4,1.0887969569560758,0.5128544741539653,0.7283494242340451,0.842012246727529,0.9823342490769676,NA,NA,NA,NA,NA,NA,NA,NA,NA,NA,NA,NA,NA,NA,NA,NA,NA,NA,NA,NA,101520,2020-10-15
NAR101520074,NAR,CJF_1,CJF,1,R,R-NAR101520074,15,1.765430941167349,0.46446377080111145,0.6664859730557386,0.7862317789012316,0.8942683002574117,0.9837265717109888,1.0625684854134752,1.129232502503527,1.2047956359913443,1.27130395058942,1.350770178907007,1.423523144303277,1.4806637303804637,1.523753475999916,1.5852657690299978,1.670352333530679,NA,NA,NA,NA,NA,NA,NA,NA,NA,101520,2020-10-15
NAR101520075,NAR,CJF_1,CJF,1,R,R-NAR101520075,10,1.253108752793423,0.41944438000399437,0.575574145754919,0.6950033398872977,0.7847194555406487,0.8747240113021334,0.9306564216904303,1.010468177850772,1.086497747333221,1.1467892246156783,1.1864066625877152,NA,NA,NA,NA,NA,NA,NA,NA,NA,NA,NA,NA,NA,NA,101520,2020-10-15
NAR101520076,NAR,CJF_1,CJF,1,R,R-NAR101520076,5,0.9783458002175849,0.3646491872075047,0.4807204067912839,0.5828075680517761,0.7125342252336473,0.80454411865816855,NA,NA,NA,NA,NA,NA,NA,NA,NA,NA,NA,NA,NA,NA,NA,NA,NA,NA,NA,101520,2020-10-15
NAR101520077,NAR,CJF_1,CJF,1,R,R-NAR101520077,4,0.995593636640729,0.4454095524939876,0.6551565700448123,0.7824897299615821,0.8993256412885443,NA,NA,NA,NA,NA,NA,NA,NA,NA,NA,NA,NA,NA,NA,NA,NA,NA,NA,NA,NA,101520,2020-10-15
NAR101520078,NAR,CJF_1,CJF,1,R,R-NAR101520078,4,1.203916457750753,0.6075667243231404,0.7737795017277816,0.9384481971767273,1.0704102864858926,NA,NA,NA,NA,NA,NA,NA,NA,NA,NA,NA,NA,NA,NA,NA,NA,NA,NA,NA,NA,101520,2020-10-15
NAR101520079,NAR,CJF_1,CJF,1,R,R-NAR101520079,5,1.121923070562309,0.37327957178667015,0.6362106967237122,0.7929620852157191,0.9049893428490458,1.0048876971325407,NA,NA,NA,NA,NA,NA,NA,NA,NA,NA,NA,NA,NA,NA,NA,NA,NA,NA,NA,101520,2020-10-15
NAR101520080,NAR,CJF_1,CJF,1,R,R-NAR101520080,4,1.0997847406514243,0.4814115702809056,0.703022701584619,0.8276214458725706,0.9581155534944661,NA,NA,NA,NA,NA,NA,NA,NA,NA,NA,NA,NA,NA,NA,NA,NA,NA,NA,NA,NA,101520,2020-10-15
NAR101520081,NAR,CJF_1,CJF,1,R,R-NAR101520081,4,0.9878483222521413,0.5045670796034079,0.6828722897822558,0.7852762288414986,0.8884852170435672,NA,NA,NA,NA,NA,NA,NA,NA,NA,NA,NA,NA,NA,NA,NA,NA,NA,NA,NA,NA,101520,2020-10-15
NAR101520082,NAR,CJF_1,CJF,1,R,R-NAR101520082,9,1.2980046905179479,0.4764399181310782,0.6287063912714694,0.7267878961330332,0.8246821280581389,0.9054913981352396,1.017353236237081,1.1020289537312788,1.165940534896832,1.233718563479482,NA,NA,NA,NA,NA,NA,NA,NA,NA,NA,NA,NA,NA,NA,NA,101520,2020-10-15
NAR101520083,NAR,CJF_1,CJF,1,R,R-NAR101520083,6,1.0298293672504046,0.4741345137190417,0.5861857039310124,0.6967284616634426,0.8308667233679785,0.9238835071363367,0.974198780309239,NA,NA,NA,NA,NA,NA,NA,NA,NA,NA,NA,NA,NA,NA,NA,NA,NA,NA,101520,2020-10-15
NAR101520084,NAR,CJF_1,CJF,1,R,R-NAR101520084,3,0.9097411771053657,0.590025660100164,0.688660022798165,0.8089036231250294,NA,NA,NA,NA,NA,NA,NA,NA,NA,NA,NA,NA,NA,NA,NA,NA,NA,NA,NA,NA,NA,101520,2020-10-15
NAR101520085,NAR,CJF_1,CJF,1,R,R-NAR101520085,0,0.5698275235412126,NA,NA,NA,NA,NA,NA,NA,NA,NA,NA,NA,NA,NA,NA,NA,NA,NA,NA,NA,NA,NA,NA,NA,NA,101520,2020-10-15
NAR101520086,NAR,CJF_1,CJF,1,R,R-NAR101520086,0,0.467293249850543,NA,NA,NA,NA,NA,NA,NA,NA,NA,NA,NA,NA,NA,NA,NA,NA,NA,NA,NA,NA,NA,NA,NA,NA,101520,2020-10-15
NAR101520087,NAR,CJF_1,CJF,1,R,R-NAR101520087,4,0.8464136559458377,0.3629777448226729,0.5583378613212647,0.676261573724215,0.7885168910323075,NA,NA,NA,NA,NA,NA,NA,NA,NA,NA,NA,NA,NA,NA,NA,NA,NA,NA,NA,NA,101520,2020-10-15
NAR101520088,NAR,CJF_1,CJF,1,R,R-NAR101520088,4,0.8679200540202137,0.4300067797884562,0.5959194788309757,0.6632252891750945,0.7479455088096885,NA,NA,NA,NA,NA,NA,NA,NA,NA,NA,NA,NA,NA,NA,NA,NA,NA,NA,NA,NA,101520,2020-10-15
NAR101520089,NAR,CJF_1,CJF,1,R,R-NAR101520089,3,1.0590550436946893,0.5221874427032283,0.687793683906547,0.9295060823896811,NA,NA,NA,NA,NA,NA,NA,NA,NA,NA,NA,NA,NA,NA,NA,NA,NA,NA,NA,NA,NA,101520,2020-10-15
NAR101520090,NAR,CJF_1,CJF,1,R,R-NAR101520090,3,0.9176759419770221,0.44695387441988965,0.5981795977523094,0.7699809083021794,NA,NA,NA,NA,NA,NA,NA,NA,NA,NA,NA,NA,NA,NA,NA,NA,NA,NA,NA,NA,NA,101520,2020-10-15
NAR101520091,NAR,CJF_1,CJF,1,R,R-NAR101520091,4,1.145942476801348,0.5300587779927296,0.7462998859321612,0.8644319008847658,1.0031193686761075,NA,NA,NA,NA,NA,NA,NA,NA,NA,NA,NA,NA,NA,NA,NA,NA,NA,NA,NA,NA,101520,2020-10-15
NAR101520092,NAR,CJF_1,CJF,1,R,R-NAR101520092,4,1.0342716284034688,0.48183522088643665,0.678353009105738,0.8359862565373488,0.9315612550576007,NA,NA,NA,NA,NA,NA,NA,NA,NA,NA,NA,NA,NA,NA,NA,NA,NA,NA,NA,NA,101520,2020-10-15
NAR101520093,NAR,CJF_1,CJF,1,R,R-NAR101520093,4,0.9383988854146128,0.416242770939751,0.6227866009489518,0.7288754419862539,0.8561469517305785,NA,NA,NA,NA,NA,NA,NA,NA,NA,NA,NA,NA,NA,NA,NA,NA,NA,NA,NA,NA,101520,2020-10-15
NAR101520094,NAR,CJF_1,CJF,1,R,R-NAR101520094,0,0.4616061551661393,NA,NA,NA,NA,NA,NA,NA,NA,NA,NA,NA,NA,NA,NA,NA,NA,NA,NA,NA,NA,NA,NA,NA,NA,101520,2020-10-15
NAR101520095,NAR,CJF_1,CJF,1,R,R-NAR101520095,10,1.6433578107934206,0.5569279467987842,0.7216950712670333,0.9184499054332165,1.0328211773652771,1.0944712740663822,1.187771868964965,1.2603389983305298,1.326728705715687,1.4205796005122189,1.4853184082035282,NA,NA,NA,NA,NA,NA,NA,NA,NA,NA,NA,NA,NA,NA,101520,2020-10-15
NAR101520096,NAR,CJF_1,CJF,1,R,R-NAR101520096,13,1.4474950234532429,0.2932216520525334,0.48873577637012533,0.6186453784340762,0.7364389559052651,0.8221295278951547,0.9065206574417137,0.981493716129886,1.041751865338632,1.1180739008939924,1.1770078404474782,1.2506566894803908,1.3095658618219486,1.3805415243324135,NA,NA,NA,NA,NA,NA,NA,NA,NA,NA,NA,101520,2020-10-15
NAR101520097,NAR,CJF_1,CJF,1,R,R-NAR101520097,3,0.9906442555553241,0.5540513978880054,0.7039526098280053,0.8672988735830669,NA,NA,NA,NA,NA,NA,NA,NA,NA,NA,NA,NA,NA,NA,NA,NA,NA,NA,NA,NA,NA,101520,2020-10-15
NAR101520098,NAR,CJF_1,CJF,1,R,R-NAR101520098,9,1.3062928223573884,0.4464830745296392,0.6644894270029497,0.7574038514108868,0.8882416633213863,0.973537409802297,1.0474688901923808,1.113824193188581,1.188734571152757,1.2408739164021387,NA,NA,NA,NA,NA,NA,NA,NA,NA,NA,NA,NA,NA,NA,NA,101520,2020-10-15
NAR101520099,NAR,CJF_1,CJF,1,R,R-NAR101520099,5,1.4552654028873022,0.612405305042215,0.9774956970181615,1.1196711016645042,1.2398902210309661,1.363879243134063,NA,NA,NA,NA,NA,NA,NA,NA,NA,NA,NA,NA,NA,NA,NA,NA,NA,NA,NA,101520,2020-10-15
NAR101520100,NAR,CJF_1,CJF,1,R,R-NAR101520100,7,1.2381543313531624,0.3696332046147303,0.6312779966505333,0.8140360878843929,0.9297677121927685,1.0245275311098472,1.0991990432518635,1.1568194391237636,NA,NA,NA,NA,NA,NA,NA,NA,NA,NA,NA,NA,NA,NA,NA,NA,NA,101520,2020-10-15
NAR101520101,NAR,CJF_1,CJF,1,R,R-NAR101520101,0,0.6696607437438196,NA,NA,NA,NA,NA,NA,NA,NA,NA,NA,NA,NA,NA,NA,NA,NA,NA,NA,NA,NA,NA,NA,NA,NA,101520,2020-10-15
NAR101520102,NAR,CJF_1,CJF,1,R,R-NAR101520102,1,0.7607495177906829,0.5206792260697221,NA,NA,NA,NA,NA,NA,NA,NA,NA,NA,NA,NA,NA,NA,NA,NA,NA,NA,NA,NA,NA,NA,NA,101520,2020-10-15
NAR101520103,NAR,CJF_1,CJF,1,R,R-NAR101520103,5,1.237350792424911,0.580854690049935,0.7182511988662555,0.8249657127064431,0.9489647888627669,1.09286446073958,NA,NA,NA,NA,NA,NA,NA,NA,NA,NA,NA,NA,NA,NA,NA,NA,NA,NA,NA,101520,2020-10-15
NAR101520104,NAR,CJF_1,CJF,1,R,R-NAR101520104,0,0.6204388043428191,NA,NA,NA,NA,NA,NA,NA,NA,NA,NA,NA,NA,NA,NA,NA,NA,NA,NA,NA,NA,NA,NA,NA,NA,101520,2020-10-15
NAR101520105,NAR,CJF_1,CJF,1,R,R-NAR101520105,4,1.1083568228317608,0.48833837866882196,0.7253071306920964,0.850736298682187,0.9729669763966398,NA,NA,NA,NA,NA,NA,NA,NA,NA,NA,NA,NA,NA,NA,NA,NA,NA,NA,NA,NA,101520,2020-10-15
NAR101520106,NAR,CJF_1,CJF,1,R,R-NAR101520106,11,1.560263015332654,0.45844629052478714,0.5988690846117946,0.738089995171754,0.8451087419439901,0.9249010694045432,1.008411187691473,1.1228655161164613,1.2243356117104405,1.301039125169449,1.3913558482842998,1.4655995245665956,NA,NA,NA,NA,NA,NA,NA,NA,NA,NA,NA,NA,NA,101520,2020-10-15
NAR101520107,NAR,CJF_1,CJF,1,R,R-NAR101520107,6,1.3340820249910232,0.4888823525863194,0.633993672442171,0.7988820752598506,0.9512700370386784,1.069327632009729,1.1728319431348315,NA,NA,NA,NA,NA,NA,NA,NA,NA,NA,NA,NA,NA,NA,NA,NA,NA,NA,101520,2020-10-15
NAR101620001,NAR,CJF_1,CJF,1,R,R-NAR101620001,0,0.6740965991083145,NA,NA,NA,NA,NA,NA,NA,NA,NA,NA,NA,NA,NA,NA,NA,NA,NA,NA,NA,NA,NA,NA,NA,NA,101620,2020-10-16
NAR101620002,NAR,CJF_1,CJF,1,R,R-NAR101620002,2,0.7826361265818371,0.328205008229144,0.5898624296570478,NA,NA,NA,NA,NA,NA,NA,NA,NA,NA,NA,NA,NA,NA,NA,NA,NA,NA,NA,NA,NA,NA,101620,2020-10-16
NAR101620003,NAR,CJF_1,CJF,1,R,R-NAR101620003,6,1.1890957378411056,0.4926055209719787,0.7011845850860198,0.8202930381942022,0.9269297543596696,0.9961113354378504,1.0860991068834598,NA,NA,NA,NA,NA,NA,NA,NA,NA,NA,NA,NA,NA,NA,NA,NA,NA,NA,101620,2020-10-16
NAR101620004,NAR,CJF_1,CJF,1,R,R-NAR101620004,4,1.183789480637003,0.5816657563528175,0.830072914390664,0.9592919618430599,1.0851673636731411,NA,NA,NA,NA,NA,NA,NA,NA,NA,NA,NA,NA,NA,NA,NA,NA,NA,NA,NA,NA,101620,2020-10-16
NAR101620005,NAR,CJF_1,CJF,1,R,R-NAR101620005,8,1.2655832557372924,0.5501647467613756,0.6681224018485389,0.7848194205259601,0.8618929105289427,0.9440633261681355,1.0560655046801781,1.1233472288815696,1.1906289530829612,NA,NA,NA,NA,NA,NA,NA,NA,NA,NA,NA,NA,NA,NA,NA,NA,101620,2020-10-16
NAR101620006,NAR,CJF_1,CJF,1,R,R-NAR101620006,9,1.646821612427822,0.5983335720243558,0.7657780085290652,0.9004987057347897,1.009436648783357,1.1137943310533887,1.2067719553511014,1.3002217245214713,1.4041072619188453,1.550680161969547,NA,NA,NA,NA,NA,NA,NA,NA,NA,NA,NA,NA,NA,NA,NA,101620,2020-10-16
NAR101620007,NAR,CJF_1,CJF,1,R,R-NAR101620007,6,1.1898810023930015,0.5900037481367224,0.7679933671406174,0.8818109161220145,0.9911315136037715,1.0698187351806405,1.128324862712874,NA,NA,NA,NA,NA,NA,NA,NA,NA,NA,NA,NA,NA,NA,NA,NA,NA,NA,101620,2020-10-16
NAR101620008,NAR,CJF_1,CJF,1,R,R-NAR101620008,6,1.2136228518551344,0.4848064599764383,0.7152278259262669,0.7917553782386959,0.8626571580578489,0.9436042985309562,1.0650250092406164,NA,NA,NA,NA,NA,NA,NA,NA,NA,NA,NA,NA,NA,NA,NA,NA,NA,NA,101620,2020-10-16
NAR101620009,NAR,CJF_1,CJF,1,R,R-NAR101620009,4,1.0380002271316582,0.5708222450727635,0.7041297469149583,0.8365879433052813,0.9331525128953654,NA,NA,NA,NA,NA,NA,NA,NA,NA,NA,NA,NA,NA,NA,NA,NA,NA,NA,NA,NA,101620,2020-10-16
NAR101620010,NAR,CJF_1,CJF,1,R,R-NAR101620010,5,1.1718642939725135,0.5333022467237704,0.6351579209921219,0.7812184887001338,0.9102584251250393,1.0563677407294678,NA,NA,NA,NA,NA,NA,NA,NA,NA,NA,NA,NA,NA,NA,NA,NA,NA,NA,NA,101620,2020-10-16
NAR101620011,NAR,CJF_1,CJF,1,R,R-NAR101620011,4,1.0588108433342074,0.4471091951456629,0.6458594884629391,0.8005817089531255,0.916411810153591,NA,NA,NA,NA,NA,NA,NA,NA,NA,NA,NA,NA,NA,NA,NA,NA,NA,NA,NA,NA,101620,2020-10-16
NAR101620012,NAR,CJF_1,CJF,1,R,R-NAR101620012,6,1.3033443691412665,0.570234043972531,0.7424967658404402,0.8913192194199551,0.9794380948141588,1.0905356664804289,1.1920160114668332,NA,NA,NA,NA,NA,NA,NA,NA,NA,NA,NA,NA,NA,NA,NA,NA,NA,NA,101620,2020-10-16
NAR101620013,NAR,CJF_1,CJF,1,R,R-NAR101620013,1,0.6700966736946512,0.4579393744352244,NA,NA,NA,NA,NA,NA,NA,NA,NA,NA,NA,NA,NA,NA,NA,NA,NA,NA,NA,NA,NA,NA,NA,101620,2020-10-16
NAR101620014,NAR,CJF_1,CJF,1,R,R-NAR101620014,1,0.6592580995735884,0.4557085443788221,NA,NA,NA,NA,NA,NA,NA,NA,NA,NA,NA,NA,NA,NA,NA,NA,NA,NA,NA,NA,NA,NA,NA,101620,2020-10-16
NAR101720001,NAR,CJF_1,CJF,1,R,R-NAR101720001,4,1.141029353120147,0.5130162445564288,0.7251601190251749,0.8763774622343508,1.0160516579396706,NA,NA,NA,NA,NA,NA,NA,NA,NA,NA,NA,NA,NA,NA,NA,NA,NA,NA,NA,NA,101720,2020-10-17
NAR101720002,NAR,CJF_1,CJF,1,R,R-NAR101720002,5,1.0482858442171399,0.3849051009711227,0.5490626140621203,0.6642679748671254,0.8005740663741124,0.9263297925301087,NA,NA,NA,NA,NA,NA,NA,NA,NA,NA,NA,NA,NA,NA,NA,NA,NA,NA,NA,101720,2020-10-17
NAR101720003,NAR,CJF_1,CJF,1,R,R-NAR101720003,1,0.7780698035438167,0.5312164937239002,NA,NA,NA,NA,NA,NA,NA,NA,NA,NA,NA,NA,NA,NA,NA,NA,NA,NA,NA,NA,NA,NA,NA,101720,2020-10-17
NAR101720004,NAR,CJF_1,CJF,1,R,R-NAR101720004,4,0.9164373827202693,0.5096886063916064,0.6588065352928885,0.7751008348925116,0.8535609612673607,NA,NA,NA,NA,NA,NA,NA,NA,NA,NA,NA,NA,NA,NA,NA,NA,NA,NA,NA,NA,101720,2020-10-17
NAR101720005,NAR,CJF_1,CJF,1,R,R-NAR101720005,1,0.7508219354100862,0.5072761960003768,NA,NA,NA,NA,NA,NA,NA,NA,NA,NA,NA,NA,NA,NA,NA,NA,NA,NA,NA,NA,NA,NA,NA,101720,2020-10-17
NAR101720006,NAR,CJF_1,CJF,1,R,R-NAR101720006,0,0.5702375950544046,NA,NA,NA,NA,NA,NA,NA,NA,NA,NA,NA,NA,NA,NA,NA,NA,NA,NA,NA,NA,NA,NA,NA,NA,101720,2020-10-17
NAR101720007,NAR,CJF_1,CJF,1,R,R-NAR101720007,1,0.7509116296919417,0.5504216088088177,NA,NA,NA,NA,NA,NA,NA,NA,NA,NA,NA,NA,NA,NA,NA,NA,NA,NA,NA,NA,NA,NA,NA,101720,2020-10-17
NAR101720008,NAR,CJF_1,CJF,1,R,R-NAR101720008,7,1.306818169633957,0.44070121411755253,0.692305307201436,0.8251459470206528,0.9137063735667978,1.0483855751341142,1.1162504055710665,1.2019218110625247,NA,NA,NA,NA,NA,NA,NA,NA,NA,NA,NA,NA,NA,NA,NA,NA,NA,101720,2020-10-17
NAR101720009,NAR,CJF_1,CJF,1,R,R-NAR101720009,0,0.554787460082794,NA,NA,NA,NA,NA,NA,NA,NA,NA,NA,NA,NA,NA,NA,NA,NA,NA,NA,NA,NA,NA,NA,NA,NA,101720,2020-10-17
NAR101720010,NAR,CJF_1,CJF,1,R,R-NAR101720010,1,0.6181792382351976,0.4192448172413804,NA,NA,NA,NA,NA,NA,NA,NA,NA,NA,NA,NA,NA,NA,NA,NA,NA,NA,NA,NA,NA,NA,NA,101720,2020-10-17
NAR101720011,NAR,CJF_1,CJF,1,R,R-NAR101720011,4,1.0407153705589587,0.4897684261432512,0.6730906882453652,0.782129284846937,0.9246658681007468,NA,NA,NA,NA,NA,NA,NA,NA,NA,NA,NA,NA,NA,NA,NA,NA,NA,NA,NA,NA,101720,2020-10-17
NAR101720012,NAR,CJF_1,CJF,1,R,R-NAR101720012,1,0.6585677716167423,0.43668042287636766,NA,NA,NA,NA,NA,NA,NA,NA,NA,NA,NA,NA,NA,NA,NA,NA,NA,NA,NA,NA,NA,NA,NA,101720,2020-10-17
NAR101720013,NAR,CJF_1,CJF,1,R,R-NAR101720013,6,0.9369367068992513,0.44570745038956294,0.579285137247652,0.6457584975279254,0.7405879075534256,0.8051683689410751,0.8611659521412742,NA,NA,NA,NA,NA,NA,NA,NA,NA,NA,NA,NA,NA,NA,NA,NA,NA,NA,101720,2020-10-17
NAR101720014,NAR,CJF_1,CJF,1,R,R-NAR101720014,3,0.9105806048699769,0.4888142037662615,0.6692085152848133,0.8127916987516504,NA,NA,NA,NA,NA,NA,NA,NA,NA,NA,NA,NA,NA,NA,NA,NA,NA,NA,NA,NA,NA,101720,2020-10-17
NAR101720015,NAR,CJF_1,CJF,1,R,R-NAR101720015,5,1.1210830861121184,0.4093339890625414,0.6147830639206172,0.7551331482500994,0.8946244383177134,1.0139649497108663,NA,NA,NA,NA,NA,NA,NA,NA,NA,NA,NA,NA,NA,NA,NA,NA,NA,NA,NA,101720,2020-10-17
NAR101720016,NAR,CJF_1,CJF,1,R,R-NAR101720016,0,0.5162075342272155,NA,NA,NA,NA,NA,NA,NA,NA,NA,NA,NA,NA,NA,NA,NA,NA,NA,NA,NA,NA,NA,NA,NA,NA,101720,2020-10-17
NAR101720017,NAR,CJF_1,CJF,1,R,R-NAR101720017,0,0.7933200967631403,NA,NA,NA,NA,NA,NA,NA,NA,NA,NA,NA,NA,NA,NA,NA,NA,NA,NA,NA,NA,NA,NA,NA,NA,101720,2020-10-17
NAR101720018,NAR,CJF_1,CJF,1,R,R-NAR101720018,4,1.0292721361965114,0.492284079025985,0.6973088259073762,0.8079153831386735,0.9516168685085924,NA,NA,NA,NA,NA,NA,NA,NA,NA,NA,NA,NA,NA,NA,NA,NA,NA,NA,NA,NA,101720,2020-10-17
NAR101720019,NAR,CJF_1,CJF,1,R,R-NAR101720019,22,2.030628484434637,0.5141541380615968,0.7606418591387432,0.8806118548767446,0.9800694829629657,1.0469126314503776,1.0968897823073032,1.163360425573993,1.2362546300349204,1.2961775437004686,1.342632492943007,1.38896327377864,1.452656725872386,1.505535236309163,1.5687320147752812,1.6285307600339214,1.6715876760689823,1.728236724933957,1.7979812330012197,1.8477100470443306,1.8974388610874418,1.9408682823432233,1.9807755019846196,NA,NA,101720,2020-10-17
NAR101720020,NAR,CJF_1,CJF,1,R,R-NAR101720020,3,1.0449516411388506,0.48357512148230003,0.6981854640535615,0.8655851595075351,NA,NA,NA,NA,NA,NA,NA,NA,NA,NA,NA,NA,NA,NA,NA,NA,NA,NA,NA,NA,NA,101720,2020-10-17
NAR101720021,NAR,CJF_1,CJF,1,R,R-NAR101720021,2,0.9299478449779575,0.6343132315028498,0.81787309604218,NA,NA,NA,NA,NA,NA,NA,NA,NA,NA,NA,NA,NA,NA,NA,NA,NA,NA,NA,NA,NA,NA,101720,2020-10-17
NAR101720022,NAR,CJF_1,CJF,1,R,R-NAR101720022,4,1.138699880806994,0.5974871177709193,0.7621901914246488,0.8878485598118208,1.0107488092548322,NA,NA,NA,NA,NA,NA,NA,NA,NA,NA,NA,NA,NA,NA,NA,NA,NA,NA,NA,NA,101720,2020-10-17
NAR101720023,NAR,CJF_1,CJF,1,R,R-NAR101720023,10,1.4091299031080309,0.46536829526730134,0.6458323436359588,0.7881404305551852,0.9044533541505337,0.98618379390465,1.0789227395435568,1.157079701689474,1.1973687754461493,1.268954928496049,1.337831823118322,NA,NA,NA,NA,NA,NA,NA,NA,NA,NA,NA,NA,NA,NA,101720,2020-10-17
NAR101820001,NAR,CJF_1,CJF,1,R,R-NAR101820001,4,0.8815914770950701,0.4395353016171469,0.5852591910700872,0.6950643961731497,0.7903758326321418,NA,NA,NA,NA,NA,NA,NA,NA,NA,NA,NA,NA,NA,NA,NA,NA,NA,NA,NA,NA,101820,2020-10-18
NAR101820002,NAR,CJF_1,CJF,1,R,R-NAR101820002,4,1.0894851268909687,0.47426243363153997,0.660097807249429,0.8137437232779168,0.9377404772140888,NA,NA,NA,NA,NA,NA,NA,NA,NA,NA,NA,NA,NA,NA,NA,NA,NA,NA,NA,NA,101820,2020-10-18
NAR101820003,NAR,CJF_1,CJF,1,R,R-NAR101820003,0,0.5365685649956486,NA,NA,NA,NA,NA,NA,NA,NA,NA,NA,NA,NA,NA,NA,NA,NA,NA,NA,NA,NA,NA,NA,NA,NA,101820,2020-10-18
NAR101820004,NAR,CJF_1,CJF,1,R,R-NAR101820004,1,0.8059019691565004,0.6140661479927433,NA,NA,NA,NA,NA,NA,NA,NA,NA,NA,NA,NA,NA,NA,NA,NA,NA,NA,NA,NA,NA,NA,NA,101820,2020-10-18
NAR101820005,NAR,CJF_1,CJF,1,R,R-NAR101820005,1,0.6842395638067587,0.4728856467720402,NA,NA,NA,NA,NA,NA,NA,NA,NA,NA,NA,NA,NA,NA,NA,NA,NA,NA,NA,NA,NA,NA,NA,101820,2020-10-18
NAR101820006,NAR,CJF_1,CJF,1,R,R-NAR101820006,1,0.7498888541261177,0.5167772002782675,NA,NA,NA,NA,NA,NA,NA,NA,NA,NA,NA,NA,NA,NA,NA,NA,NA,NA,NA,NA,NA,NA,NA,101820,2020-10-18
NAR101820007,NAR,CJF_1,CJF,1,R,R-NAR101820007,0,0.6266248262614275,NA,NA,NA,NA,NA,NA,NA,NA,NA,NA,NA,NA,NA,NA,NA,NA,NA,NA,NA,NA,NA,NA,NA,NA,101820,2020-10-18
NAR101820008,NAR,CJF_1,CJF,1,R,R-NAR101820008,16,1.697950644132986,0.391844076123465,0.49523721435661655,0.6024269119291221,0.6939461433198163,0.8031551777680963,0.8850619536043065,0.9415647504981244,1.019553909788882,1.1004510171872046,1.1726242802628326,1.2233111809415202,1.2963730552489379,1.373352546101808,1.428845674557737,1.5000092691954776,1.573192200708993,NA,NA,NA,NA,NA,NA,NA,NA,101820,2020-10-18
NAR101820009,NAR,CJF_1,CJF,1,R,R-NAR101820009,1,0.7246538925593935,0.4159091323221866,NA,NA,NA,NA,NA,NA,NA,NA,NA,NA,NA,NA,NA,NA,NA,NA,NA,NA,NA,NA,NA,NA,NA,101820,2020-10-18
NAR101820010,NAR,CJF_1,CJF,1,R,R-NAR101820010,1,0.6728442491128326,0.45733112501118794,NA,NA,NA,NA,NA,NA,NA,NA,NA,NA,NA,NA,NA,NA,NA,NA,NA,NA,NA,NA,NA,NA,NA,101820,2020-10-18
NAR101820011,NAR,CJF_1,CJF,1,R,R-NAR101820011,1,0.5441013114453953,0.3178199282816616,NA,NA,NA,NA,NA,NA,NA,NA,NA,NA,NA,NA,NA,NA,NA,NA,NA,NA,NA,NA,NA,NA,NA,101820,2020-10-18
NAR101820012,NAR,CJF_1,CJF,1,R,R-NAR101820012,1,0.7423207111543878,0.4982678465131614,NA,NA,NA,NA,NA,NA,NA,NA,NA,NA,NA,NA,NA,NA,NA,NA,NA,NA,NA,NA,NA,NA,NA,101820,2020-10-18
NAR101820013,NAR,CJF_1,CJF,1,R,R-NAR101820013,0,0.6635595084295014,NA,NA,NA,NA,NA,NA,NA,NA,NA,NA,NA,NA,NA,NA,NA,NA,NA,NA,NA,NA,NA,NA,NA,NA,101820,2020-10-18
NAR101820014,NAR,CJF_1,CJF,1,R,R-NAR101820014,0,0.5048800823813187,NA,NA,NA,NA,NA,NA,NA,NA,NA,NA,NA,NA,NA,NA,NA,NA,NA,NA,NA,NA,NA,NA,NA,NA,101820,2020-10-18
NAR101820015,NAR,CJF_1,CJF,1,R,R-NAR101820015,0,0.5972845631302744,NA,NA,NA,NA,NA,NA,NA,NA,NA,NA,NA,NA,NA,NA,NA,NA,NA,NA,NA,NA,NA,NA,NA,NA,101820,2020-10-18
NAR101820016,NAR,CJF_1,CJF,1,R,R-NAR101820016,1,0.9059713972245069,0.6858113941286397,NA,NA,NA,NA,NA,NA,NA,NA,NA,NA,NA,NA,NA,NA,NA,NA,NA,NA,NA,NA,NA,NA,NA,101820,2020-10-18
NAR101820017,NAR,CJF_1,CJF,1,R,R-NAR101820017,1,0.6506666990873986,0.4598500653321071,NA,NA,NA,NA,NA,NA,NA,NA,NA,NA,NA,NA,NA,NA,NA,NA,NA,NA,NA,NA,NA,NA,NA,101820,2020-10-18
NAR101820018,NAR,CJF_1,CJF,1,R,R-NAR101820018,7,1.4899599734421067,0.38660633463742544,0.5706796751329773,0.8123447971380823,0.9588309829464834,1.1286210203165101,1.2524712019577966,1.3795159691447754,NA,NA,NA,NA,NA,NA,NA,NA,NA,NA,NA,NA,NA,NA,NA,NA,NA,101820,2020-10-18
NAR101820019,NAR,CJF_1,CJF,1,R,R-NAR101820019,14,1.5647582693364162,0.5179645916044654,0.722409813242435,0.8433039482268356,0.9320193050667241,0.9924663725589248,1.0408836844040144,1.0972711184710695,1.1698970862387046,1.21941903484497,1.2731497615047032,1.326880488164437,1.3846708482493155,1.438401574909049,1.4799534012933484,NA,NA,NA,NA,NA,NA,NA,NA,NA,NA,101820,2020-10-18
NAR101820020,NAR,CJF_1,CJF,1,R,R-NAR101820020,0,0.49983334585982975,NA,NA,NA,NA,NA,NA,NA,NA,NA,NA,NA,NA,NA,NA,NA,NA,NA,NA,NA,NA,NA,NA,NA,NA,101820,2020-10-18
NAR101820021,NAR,CJF_1,CJF,1,R,R-NAR101820021,0,0.7176276583511092,NA,NA,NA,NA,NA,NA,NA,NA,NA,NA,NA,NA,NA,NA,NA,NA,NA,NA,NA,NA,NA,NA,NA,NA,101820,2020-10-18
NAR101820022,NAR,CJF_1,CJF,1,R,R-NAR101820022,0,0.4986357685254168,NA,NA,NA,NA,NA,NA,NA,NA,NA,NA,NA,NA,NA,NA,NA,NA,NA,NA,NA,NA,NA,NA,NA,NA,101820,2020-10-18
NAR101820023,NAR,CJF_1,CJF,1,R,R-NAR101820023,0,0.7606734467030062,NA,NA,NA,NA,NA,NA,NA,NA,NA,NA,NA,NA,NA,NA,NA,NA,NA,NA,NA,NA,NA,NA,NA,NA,101820,2020-10-18
NAR101820024,NAR,CJF_1,CJF,1,R,R-NAR101820024,0,0.6213610378205866,NA,NA,NA,NA,NA,NA,NA,NA,NA,NA,NA,NA,NA,NA,NA,NA,NA,NA,NA,NA,NA,NA,NA,NA,101820,2020-10-18
NAR101820025,NAR,CJF_1,CJF,1,R,R-NAR101820025,10,1.5569332609992166,0.46303911675431675,0.6669206334739066,0.800486295940005,0.9068677561768225,1.008354675108329,1.1323150989085207,1.2007294439100074,1.31064392716727,1.3774267584003184,1.464597741305326,NA,NA,NA,NA,NA,NA,NA,NA,NA,NA,NA,NA,NA,NA,101820,2020-10-18
NAR101820026,NAR,CJF_1,CJF,1,R,R-NAR101820026,11,1.4124436185089546,0.5065887708691182,0.6381219159080723,0.7496726303246838,0.8333356661371416,0.9190846692789626,1.0327213510249367,1.1163843868373948,1.2000474226498534,1.2509368275364832,1.3167034000559608,1.3764313812551703,NA,NA,NA,NA,NA,NA,NA,NA,NA,NA,NA,NA,NA,101820,2020-10-18
NAR101820027,NAR,CJF_1,CJF,1,R,R-NAR101820027,5,1.120771119876894,0.6600515892725491,0.7825604306909847,0.8600877705553983,0.9395337383755973,1.0326298747805636,NA,NA,NA,NA,NA,NA,NA,NA,NA,NA,NA,NA,NA,NA,NA,NA,NA,NA,NA,101820,2020-10-18
NAR101820028,NAR,CJF_1,CJF,1,R,R-NAR101820028,3,0.8505570925687622,0.31394181146155103,0.5128287652564656,0.7100369514219032,NA,NA,NA,NA,NA,NA,NA,NA,NA,NA,NA,NA,NA,NA,NA,NA,NA,NA,NA,NA,NA,101820,2020-10-18
NAR101820029,NAR,CJF_1,CJF,1,R,R-NAR101820029,0,0.45451623533376495,NA,NA,NA,NA,NA,NA,NA,NA,NA,NA,NA,NA,NA,NA,NA,NA,NA,NA,NA,NA,NA,NA,NA,NA,101820,2020-10-18
NAR101820030,NAR,CJF_1,CJF,1,R,R-NAR101820030,0,0.44634748650192557,NA,NA,NA,NA,NA,NA,NA,NA,NA,NA,NA,NA,NA,NA,NA,NA,NA,NA,NA,NA,NA,NA,NA,NA,101820,2020-10-18
NAR101820031,NAR,CJF_1,CJF,1,R,R-NAR101820031,0,0.40396880237251925,NA,NA,NA,NA,NA,NA,NA,NA,NA,NA,NA,NA,NA,NA,NA,NA,NA,NA,NA,NA,NA,NA,NA,NA,101820,2020-10-18
NAR101820032,NAR,CJF_1,CJF,1,R,R-NAR101820032,0,0.5418665171203789,NA,NA,NA,NA,NA,NA,NA,NA,NA,NA,NA,NA,NA,NA,NA,NA,NA,NA,NA,NA,NA,NA,NA,NA,101820,2020-10-18
NAR101820033,NAR,CJF_1,CJF,1,R,R-NAR101820033,0,0.4609963502301914,NA,NA,NA,NA,NA,NA,NA,NA,NA,NA,NA,NA,NA,NA,NA,NA,NA,NA,NA,NA,NA,NA,NA,NA,101820,2020-10-18
NAR101820034,NAR,CJF_1,CJF,1,R,R-NAR101820034,0,0.5898331588189394,NA,NA,NA,NA,NA,NA,NA,NA,NA,NA,NA,NA,NA,NA,NA,NA,NA,NA,NA,NA,NA,NA,NA,NA,101820,2020-10-18
NAR101820035,NAR,CJF_1,CJF,1,R,R-NAR101820035,19,2.0458981063389734,0.47815049149379885,0.6670389950597111,0.7804043194489736,0.9146671273042151,1.000679326025998,1.0797525488005508,1.165603636273757,1.2412879266989831,1.3135027291505952,1.3823285992528789,1.447604425757259,1.5232081605581977,1.5886450983111555,1.6573904127891503,1.7159689302191667,1.7913309981472394,1.832723186957756,1.8808932404669263,1.9497191105692104,NA,NA,NA,NA,NA,101820,2020-10-18
NAR101820036,NAR,CJF_1,CJF,1,R,R-NAR101820036,1,0.7218612147668525,0.5108584173050054,NA,NA,NA,NA,NA,NA,NA,NA,NA,NA,NA,NA,NA,NA,NA,NA,NA,NA,NA,NA,NA,NA,NA,101820,2020-10-18
NAR101820037,NAR,CJF_1,CJF,1,R,R-NAR101820037,0,0.42701774209947113,NA,NA,NA,NA,NA,NA,NA,NA,NA,NA,NA,NA,NA,NA,NA,NA,NA,NA,NA,NA,NA,NA,NA,NA,101820,2020-10-18
NAR101820038,NAR,CJF_1,CJF,1,R,R-NAR101820038,0,0.4308361443842767,NA,NA,NA,NA,NA,NA,NA,NA,NA,NA,NA,NA,NA,NA,NA,NA,NA,NA,NA,NA,NA,NA,NA,NA,101820,2020-10-18
NAR101820039,NAR,CJF_1,CJF,1,R,R-NAR101820039,2,0.8047407344365233,0.3744323665310295,0.5858085609002719,NA,NA,NA,NA,NA,NA,NA,NA,NA,NA,NA,NA,NA,NA,NA,NA,NA,NA,NA,NA,NA,NA,101820,2020-10-18
NAR101820040,NAR,CJF_1,CJF,1,R,R-NAR101820040,0,0.858451330374105,NA,NA,NA,NA,NA,NA,NA,NA,NA,NA,NA,NA,NA,NA,NA,NA,NA,NA,NA,NA,NA,NA,NA,NA,101820,2020-10-18
NAR101820041,NAR,CJF_1,CJF,1,R,R-NAR101820041,1,0.6206950374199405,0.4507198490372279,NA,NA,NA,NA,NA,NA,NA,NA,NA,NA,NA,NA,NA,NA,NA,NA,NA,NA,NA,NA,NA,NA,NA,101820,2020-10-18
NAR101820042,NAR,CJF_1,CJF,1,R,R-NAR101820042,0,0.5662405018489077,NA,NA,NA,NA,NA,NA,NA,NA,NA,NA,NA,NA,NA,NA,NA,NA,NA,NA,NA,NA,NA,NA,NA,NA,101820,2020-10-18
NAR101820043,NAR,CJF_1,CJF,1,R,R-NAR101820043,5,1.196824851934311,0.4406346376855224,0.6949309389593019,0.9287149990283464,0.9917024398869527,1.1011010596455435,NA,NA,NA,NA,NA,NA,NA,NA,NA,NA,NA,NA,NA,NA,NA,NA,NA,NA,NA,101820,2020-10-18
NAR101820044,NAR,CJF_1,CJF,1,R,R-NAR101820044,4,1.0285652633688087,0.4414734168244649,0.6560682858542838,0.7834961599871922,0.9056615318766169,NA,NA,NA,NA,NA,NA,NA,NA,NA,NA,NA,NA,NA,NA,NA,NA,NA,NA,NA,NA,101820,2020-10-18
NAR101820045,NAR,CJF_1,CJF,1,R,R-NAR101820045,6,1.2852292484168775,0.5853129582052842,0.8073967418663694,0.948867043171038,1.03514130898199,1.1113810751087525,1.1879457516570704,NA,NA,NA,NA,NA,NA,NA,NA,NA,NA,NA,NA,NA,NA,NA,NA,NA,NA,101820,2020-10-18
NAR101820046,NAR,CJF_1,CJF,1,R,R-NAR101820046,12,1.582742544750169,0.4264950497111705,0.6193747257588974,0.7977759349321443,0.8930872165250595,0.994385875234945,1.0820406379505307,1.1717565231608351,1.24081057401251,1.3168825632285135,1.3762189727081433,1.4405121980573854,1.5048054234066275,NA,NA,NA,NA,NA,NA,NA,NA,NA,NA,NA,NA,101820,2020-10-18
