fishid,id,light_type,reading,rep,agecap,waterbody,ann,rad
NAR071718001,R-NAR071718001,R,CJF_1,1,12,NAR,NA,1.15961758907294
NAR071718001,R-NAR071718001,R,CJF_1,1,12,NAR,1,0.24195177956201974
NAR071718001,R-NAR071718001,R,CJF_1,1,12,NAR,2,0.4177150985933383
NAR071718001,R-NAR071718001,R,CJF_1,1,12,NAR,3,0.5306504575921946
NAR071718001,R-NAR071718001,R,CJF_1,1,12,NAR,4,0.6345792689013963
NAR071718001,R-NAR071718001,R,CJF_1,1,12,NAR,5,0.7154203243131682
NAR071718001,R-NAR071718001,R,CJF_1,1,12,NAR,6,0.786969138698638
NAR071718001,R-NAR071718001,R,CJF_1,1,12,NAR,7,0.8441510515396842
NAR071718001,R-NAR071718001,R,CJF_1,1,12,NAR,8,0.9016186577173779
NAR071718001,R-NAR071718001,R,CJF_1,1,12,NAR,9,0.9486512495221806
NAR071718001,R-NAR071718001,R,CJF_1,1,12,NAR,10,1.0055474690265795
NAR071718001,R-NAR071718001,R,CJF_1,1,12,NAR,11,1.0675183490491005
NAR071718001,R-NAR071718001,R,CJF_1,1,12,NAR,12,1.1241288752168521
NAR071718001,R-NAR071718001,R,CJF_2,2,10,NAR,NA,1.10323153299209
NAR071718001,R-NAR071718001,R,CJF_2,2,10,NAR,1,0.20251959962114857
NAR071718001,R-NAR071718001,R,CJF_2,2,10,NAR,2,0.3838981620804729
NAR071718001,R-NAR071718001,R,CJF_2,2,10,NAR,3,0.5585577382045501
NAR071718001,R-NAR071718001,R,CJF_2,2,10,NAR,4,0.6444210870442474
NAR071718001,R-NAR071718001,R,CJF_2,2,10,NAR,5,0.7181456634058507
NAR071718001,R-NAR071718001,R,CJF_2,2,10,NAR,6,0.7950067475618168
NAR071718001,R-NAR071718001,R,CJF_2,2,10,NAR,7,0.8816311891843424
NAR071718001,R-NAR071718001,R,CJF_2,2,10,NAR,8,0.9634854447602181
NAR071718001,R-NAR071718001,R,CJF_2,2,10,NAR,9,1.0323283423885412
NAR071718001,R-NAR071718001,R,CJF_2,2,10,NAR,10,1.0684295377865145
NAR071718001,R-NAR071718001,R,CJF_3,3,10,NAR,NA,1.2377420099495875
NAR071718001,R-NAR071718001,R,CJF_3,3,10,NAR,1,0.3010360282905021
NAR071718001,R-NAR071718001,R,CJF_3,3,10,NAR,2,0.4935173350411014
NAR071718001,R-NAR071718001,R,CJF_3,3,10,NAR,3,0.7390809460162568
NAR071718001,R-NAR071718001,R,CJF_3,3,10,NAR,4,0.8138105815744303
NAR071718001,R-NAR071718001,R,CJF_3,3,10,NAR,5,0.8836691152733595
NAR071718001,R-NAR071718001,R,CJF_3,3,10,NAR,6,0.94387632093146
NAR071718001,R-NAR071718001,R,CJF_3,3,10,NAR,7,0.9897428480448096
NAR071718001,R-NAR071718001,R,CJF_3,3,10,NAR,8,1.057165830814116
NAR071718001,R-NAR071718001,R,CJF_3,3,10,NAR,9,1.093244716370146
NAR071718001,R-NAR071718001,R,CJF_3,3,10,NAR,10,1.1727545781099031
NAR071718002,R-NAR071718002,R,CJF_1,1,10,NAR,NA,1.2415364260048607
NAR071718002,R-NAR071718002,R,CJF_1,1,10,NAR,1,0.3587685879178015
NAR071718002,R-NAR071718002,R,CJF_1,1,10,NAR,2,0.5549544278483567
NAR071718002,R-NAR071718002,R,CJF_1,1,10,NAR,3,0.6793226713682743
NAR071718002,R-NAR071718002,R,CJF_1,1,10,NAR,4,0.7750186296042891
NAR071718002,R-NAR071718002,R,CJF_1,1,10,NAR,5,0.8612179963905052
NAR071718002,R-NAR071718002,R,CJF_1,1,10,NAR,6,0.9305701894714402
NAR071718002,R-NAR071718002,R,CJF_1,1,10,NAR,7,0.9807010609846434
NAR071718002,R-NAR071718002,R,CJF_1,1,10,NAR,8,1.0764426469542845
NAR071718002,R-NAR071718002,R,CJF_1,1,10,NAR,9,1.1362069931181673
NAR071718002,R-NAR071718002,R,CJF_1,1,10,NAR,10,1.2079789617951782
NAR071718002,R-NAR071718002,R,CJF_2,2,9,NAR,NA,1.1260867972522326
NAR071718002,R-NAR071718002,R,CJF_2,2,9,NAR,1,0.28237557873858815
NAR071718002,R-NAR071718002,R,CJF_2,2,9,NAR,2,0.4892181821848637
NAR071718002,R-NAR071718002,R,CJF_2,2,9,NAR,3,0.6534550143899259
NAR071718002,R-NAR071718002,R,CJF_2,2,9,NAR,4,0.7341918640659684
NAR071718002,R-NAR071718002,R,CJF_2,2,9,NAR,5,0.801351041866447
NAR071718002,R-NAR071718002,R,CJF_2,2,9,NAR,6,0.872493723285279
NAR071718002,R-NAR071718002,R,CJF_2,2,9,NAR,7,0.9506286357694559
NAR071718002,R-NAR071718002,R,CJF_2,2,9,NAR,8,1.0235596738699015
NAR071718002,R-NAR071718002,R,CJF_2,2,9,NAR,9,1.0855149772866481
NAR071718002,R-NAR071718002,R,CJF_3,3,9,NAR,NA,1.073933619096176
NAR071718002,R-NAR071718002,R,CJF_3,3,9,NAR,1,0.24110816936976087
NAR071718002,R-NAR071718002,R,CJF_3,3,9,NAR,2,0.4627411006511537
NAR071718002,R-NAR071718002,R,CJF_3,3,9,NAR,3,0.5780285204587572
NAR071718002,R-NAR071718002,R,CJF_3,3,9,NAR,4,0.6748986039364706
NAR071718002,R-NAR071718002,R,CJF_3,3,9,NAR,5,0.7243824098677606
NAR071718002,R-NAR071718002,R,CJF_3,3,9,NAR,6,0.764390787802975
NAR071718002,R-NAR071718002,R,CJF_3,3,9,NAR,7,0.8454654454318805
NAR071718002,R-NAR071718002,R,CJF_3,3,9,NAR,8,0.9228511532551805
NAR071718002,R-NAR071718002,R,CJF_3,3,9,NAR,9,1.0065477213651677
NAR071718004,R-NAR071718004,R,CJF_1,1,19,NAR,NA,1.853760001382838
NAR071718004,R-NAR071718004,R,CJF_1,1,19,NAR,1,0.4818916039031361
NAR071718004,R-NAR071718004,R,CJF_1,1,19,NAR,2,0.6453876315103478
NAR071718004,R-NAR071718004,R,CJF_1,1,19,NAR,3,0.7489542822825004
NAR071718004,R-NAR071718004,R,CJF_1,1,19,NAR,4,0.8480997057981883
NAR071718004,R-NAR071718004,R,CJF_1,1,19,NAR,5,0.9470406774387915
NAR071718004,R-NAR071718004,R,CJF_1,1,19,NAR,6,1.0177771468205812
NAR071718004,R-NAR071718004,R,CJF_1,1,19,NAR,7,1.0898233748915724
NAR071718004,R-NAR071718004,R,CJF_1,1,19,NAR,8,1.1594545374592466
NAR071718004,R-NAR071718004,R,CJF_1,1,19,NAR,9,1.2176237281355888
NAR071718004,R-NAR071718004,R,CJF_1,1,19,NAR,10,1.2808690254129966
NAR071718004,R-NAR071718004,R,CJF_1,1,19,NAR,11,1.339038216089339
NAR071718004,R-NAR071718004,R,CJF_1,1,19,NAR,12,1.3943419137928483
NAR071718004,R-NAR071718004,R,CJF_1,1,19,NAR,13,1.459347397228973
NAR071718004,R-NAR071718004,R,CJF_1,1,19,NAR,14,1.4950430715921683
NAR071718004,R-NAR071718004,R,CJF_1,1,19,NAR,15,1.578100844084975
NAR071718004,R-NAR071718004,R,CJF_1,1,19,NAR,16,1.6367204622308333
NAR071718004,R-NAR071718004,R,CJF_1,1,19,NAR,17,1.6873984808027935
NAR071718004,R-NAR071718004,R,CJF_1,1,19,NAR,18,1.7563747640258667
NAR071718004,R-NAR071718004,R,CJF_1,1,19,NAR,19,1.7995616104934444
NAR071718004,R-NAR071718004,R,CJF_2,2,17,NAR,NA,1.8623923954964692
NAR071718004,R-NAR071718004,R,CJF_2,2,17,NAR,1,0.4676797208711464
NAR071718004,R-NAR071718004,R,CJF_2,2,17,NAR,2,0.6092567899430869
NAR071718004,R-NAR071718004,R,CJF_2,2,17,NAR,3,0.7429639808359771
NAR071718004,R-NAR071718004,R,CJF_2,2,17,NAR,4,0.8464809594534541
NAR071718004,R-NAR071718004,R,CJF_2,2,17,NAR,5,0.937508206088757
NAR071718004,R-NAR071718004,R,CJF_2,2,17,NAR,6,1.037184265822374
NAR071718004,R-NAR071718004,R,CJF_2,2,17,NAR,7,1.1239139837647485
NAR071718004,R-NAR071718004,R,CJF_2,2,17,NAR,8,1.2010816689906756
NAR071718004,R-NAR071718004,R,CJF_2,2,17,NAR,9,1.3280202417339764
NAR071718004,R-NAR071718004,R,CJF_2,2,17,NAR,10,1.37916095867855
NAR071718004,R-NAR071718004,R,CJF_2,2,17,NAR,11,1.4432480174143663
NAR071718004,R-NAR071718004,R,CJF_2,2,17,NAR,12,1.491917644902278
NAR071718004,R-NAR071718004,R,CJF_2,2,17,NAR,13,1.5932858591732926
NAR071718004,R-NAR071718004,R,CJF_2,2,17,NAR,14,1.6750733982023442
NAR071718004,R-NAR071718004,R,CJF_2,2,17,NAR,15,1.7169744075406683
NAR071718004,R-NAR071718004,R,CJF_2,2,17,NAR,16,1.7576398721506612
NAR071718004,R-NAR071718004,R,CJF_2,2,17,NAR,17,1.808323979286168
NAR071718004,R-NAR071718004,R,CJF_3,3,19,NAR,NA,1.852478141780964
NAR071718004,R-NAR071718004,R,CJF_3,3,19,NAR,1,0.43757084311762784
NAR071718004,R-NAR071718004,R,CJF_3,3,19,NAR,2,0.6270712819966773
NAR071718004,R-NAR071718004,R,CJF_3,3,19,NAR,3,0.7427920333859112
NAR071718004,R-NAR071718004,R,CJF_3,3,19,NAR,4,0.8257280416315329
NAR071718004,R-NAR071718004,R,CJF_3,3,19,NAR,5,0.9182934304095707
NAR071718004,R-NAR071718004,R,CJF_3,3,19,NAR,6,0.9949675382257849
NAR071718004,R-NAR071718004,R,CJF_3,3,19,NAR,7,1.0622207645645139
NAR071718004,R-NAR071718004,R,CJF_3,3,19,NAR,8,1.1162125695461398
NAR071718004,R-NAR071718004,R,CJF_3,3,19,NAR,9,1.1996216375683697
NAR071718004,R-NAR071718004,R,CJF_3,3,19,NAR,10,1.2630343240274817
NAR071718004,R-NAR071718004,R,CJF_3,3,19,NAR,11,1.3298144905896019
NAR071718004,R-NAR071718004,R,CJF_3,3,19,NAR,12,1.384070856292907
NAR071718004,R-NAR071718004,R,CJF_3,3,19,NAR,13,1.4272226004672217
NAR071718004,R-NAR071718004,R,CJF_3,3,19,NAR,14,1.4961595668574539
NAR071718004,R-NAR071718004,R,CJF_3,3,19,NAR,15,1.5513620521139755
NAR071718004,R-NAR071718004,R,CJF_3,3,19,NAR,16,1.6321412605314853
NAR071718004,R-NAR071718004,R,CJF_3,3,19,NAR,17,1.6943432667157021
NAR071718004,R-NAR071718004,R,CJF_3,3,19,NAR,18,1.7553345926250226
NAR071718004,R-NAR071718004,R,CJF_3,3,19,NAR,19,1.809326397606649
NAR071718005,R-NAR071718005,R,CJF_1,1,8,NAR,NA,1.2526074513232235
NAR071718005,R-NAR071718005,R,CJF_1,1,8,NAR,1,0.4648194881503006
NAR071718005,R-NAR071718005,R,CJF_1,1,8,NAR,2,0.621475350377615
NAR071718005,R-NAR071718005,R,CJF_1,1,8,NAR,3,0.7974447137409156
NAR071718005,R-NAR071718005,R,CJF_1,1,8,NAR,4,0.8666651311877765
NAR071718005,R-NAR071718005,R,CJF_1,1,8,NAR,5,0.9604619051290414
NAR071718005,R-NAR071718005,R,CJF_1,1,8,NAR,6,1.073457423379517
NAR071718005,R-NAR071718005,R,CJF_1,1,8,NAR,7,1.1438910714555477
NAR071718005,R-NAR071718005,R,CJF_1,1,8,NAR,8,1.2302280424336067
NAR071718005,R-NAR071718005,R,CJF_2,2,8,NAR,NA,1.1871873054237758
NAR071718005,R-NAR071718005,R,CJF_2,2,8,NAR,1,0.37299102946836676
NAR071718005,R-NAR071718005,R,CJF_2,2,8,NAR,2,0.5732593522556719
NAR071718005,R-NAR071718005,R,CJF_2,2,8,NAR,3,0.6991464179058695
NAR071718005,R-NAR071718005,R,CJF_2,2,8,NAR,4,0.786552046778
NAR071718005,R-NAR071718005,R,CJF_2,2,8,NAR,5,0.8749526446461455
NAR071718005,R-NAR071718005,R,CJF_2,2,8,NAR,6,0.9805547163757102
NAR071718005,R-NAR071718005,R,CJF_2,2,8,NAR,7,1.0764131625717992
NAR071718005,R-NAR071718005,R,CJF_2,2,8,NAR,8,1.1530801969144369
NAR071718005,R-NAR071718005,R,CJF_3,3,8,NAR,NA,1.2387265513610612
NAR071718005,R-NAR071718005,R,CJF_3,3,8,NAR,1,0.4146922726849507
NAR071718005,R-NAR071718005,R,CJF_3,3,8,NAR,2,0.6031176209276805
NAR071718005,R-NAR071718005,R,CJF_3,3,8,NAR,3,0.7534558099987245
NAR071718005,R-NAR071718005,R,CJF_3,3,8,NAR,4,0.8456580365043919
NAR071718005,R-NAR071718005,R,CJF_3,3,8,NAR,5,0.9238428024634593
NAR071718005,R-NAR071718005,R,CJF_3,3,8,NAR,6,1.0338934745382058
NAR071718005,R-NAR071718005,R,CJF_3,3,8,NAR,7,1.1136531949318644
NAR071718005,R-NAR071718005,R,CJF_3,3,8,NAR,8,1.1952334527323056
NAR071718006,R-NAR071718006,R,CJF_1,1,8,NAR,NA,1.184597333532801
NAR071718006,R-NAR071718006,R,CJF_1,1,8,NAR,1,0.4426557659048236
NAR071718006,R-NAR071718006,R,CJF_1,1,8,NAR,2,0.5807684766276657
NAR071718006,R-NAR071718006,R,CJF_1,1,8,NAR,3,0.7145340846178533
NAR071718006,R-NAR071718006,R,CJF_1,1,8,NAR,4,0.7842528732863729
NAR071718006,R-NAR071718006,R,CJF_1,1,8,NAR,5,0.8785220537926101
NAR071718006,R-NAR071718006,R,CJF_1,1,8,NAR,6,0.9881097728351429
NAR071718006,R-NAR071718006,R,CJF_1,1,8,NAR,7,1.0759619782144039
NAR071718006,R-NAR071718006,R,CJF_1,1,8,NAR,8,1.1443559002687265
NAR071718006,R-NAR071718006,R,CJF_2,2,8,NAR,NA,1.2183544926831809
NAR071718006,R-NAR071718006,R,CJF_2,2,8,NAR,1,0.438721512675888
NAR071718006,R-NAR071718006,R,CJF_2,2,8,NAR,2,0.6113895205470147
NAR071718006,R-NAR071718006,R,CJF_2,2,8,NAR,3,0.7321516487093375
NAR071718006,R-NAR071718006,R,CJF_2,2,8,NAR,4,0.8447667524664672
NAR071718006,R-NAR071718006,R,CJF_2,2,8,NAR,5,0.9395106417509359
NAR071718006,R-NAR071718006,R,CJF_2,2,8,NAR,6,1.0225156286827717
NAR071718006,R-NAR071718006,R,CJF_2,2,8,NAR,7,1.1141933619072255
NAR071718006,R-NAR071718006,R,CJF_2,2,8,NAR,8,1.172143378471519
NAR071718006,R-NAR071718006,R,CJF_3,3,8,NAR,NA,1.1990175997604766
NAR071718006,R-NAR071718006,R,CJF_3,3,8,NAR,1,0.41985417418533855
NAR071718006,R-NAR071718006,R,CJF_3,3,8,NAR,2,0.5722584851534005
NAR071718006,R-NAR071718006,R,CJF_3,3,8,NAR,3,0.7120866636230604
NAR071718006,R-NAR071718006,R,CJF_3,3,8,NAR,4,0.8103478180320132
NAR071718006,R-NAR071718006,R,CJF_3,3,8,NAR,5,0.9011347875208375
NAR071718006,R-NAR071718006,R,CJF_3,3,8,NAR,6,0.9975720798115796
NAR071718006,R-NAR071718006,R,CJF_3,3,8,NAR,7,1.0701325940000845
NAR071718006,R-NAR071718006,R,CJF_3,3,8,NAR,8,1.1518002528978528
NAR071718007,R-NAR071718007,R,CJF_1,1,4,NAR,NA,1.0291051572569039
NAR071718007,R-NAR071718007,R,CJF_1,1,4,NAR,1,0.3852111332270732
NAR071718007,R-NAR071718007,R,CJF_1,1,4,NAR,2,0.6757623485379856
NAR071718007,R-NAR071718007,R,CJF_1,1,4,NAR,3,0.8266619217200301
NAR071718007,R-NAR071718007,R,CJF_1,1,4,NAR,4,0.9625626265461468
NAR071718007,R-NAR071718007,R,CJF_2,2,4,NAR,NA,1.0274518141090914
NAR071718007,R-NAR071718007,R,CJF_2,2,4,NAR,1,0.3688221563887112
NAR071718007,R-NAR071718007,R,CJF_2,2,4,NAR,2,0.6726091393688736
NAR071718007,R-NAR071718007,R,CJF_2,2,4,NAR,3,0.8375559372056869
NAR071718007,R-NAR071718007,R,CJF_2,2,4,NAR,4,0.9612299090325394
NAR071718007,R-NAR071718007,R,CJF_3,3,4,NAR,NA,1.0008737056031354
NAR071718007,R-NAR071718007,R,CJF_3,3,4,NAR,1,0.3587176313590925
NAR071718007,R-NAR071718007,R,CJF_3,3,4,NAR,2,0.6393286485715376
NAR071718007,R-NAR071718007,R,CJF_3,3,4,NAR,3,0.805567517071152
NAR071718007,R-NAR071718007,R,CJF_3,3,4,NAR,4,0.9227670914564882
NAR071718008,R-NAR071718008,R,CJF_1,1,4,NAR,NA,1.0587664631976939
NAR071718008,R-NAR071718008,R,CJF_1,1,4,NAR,1,0.4165409542387601
NAR071718008,R-NAR071718008,R,CJF_1,1,4,NAR,2,0.710627015428316
NAR071718008,R-NAR071718008,R,CJF_1,1,4,NAR,3,0.8899482761199614
NAR071718008,R-NAR071718008,R,CJF_1,1,4,NAR,4,1.0159851594869134
NAR071718008,R-NAR071718008,R,CJF_2,2,4,NAR,NA,1.0467595851439684
NAR071718008,R-NAR071718008,R,CJF_2,2,4,NAR,1,0.4037442900585052
NAR071718008,R-NAR071718008,R,CJF_2,2,4,NAR,2,0.6898919529022947
NAR071718008,R-NAR071718008,R,CJF_2,2,4,NAR,3,0.856505358900764
NAR071718008,R-NAR071718008,R,CJF_2,2,4,NAR,4,0.9946775124442833
NAR071718008,R-NAR071718008,R,CJF_3,3,4,NAR,NA,1.0385678310667017
NAR071718008,R-NAR071718008,R,CJF_3,3,4,NAR,1,0.37073099133188037
NAR071718008,R-NAR071718008,R,CJF_3,3,4,NAR,2,0.6693780466209815
NAR071718008,R-NAR071718008,R,CJF_3,3,4,NAR,3,0.8430237565433117
NAR071718008,R-NAR071718008,R,CJF_3,3,4,NAR,4,0.971219523029881
NAR071718009,R-NAR071718009,R,CJF_1,1,4,NAR,NA,0.8878391082088162
NAR071718009,R-NAR071718009,R,CJF_1,1,4,NAR,1,0.3793708802577018
NAR071718009,R-NAR071718009,R,CJF_1,1,4,NAR,2,0.5939202985726395
NAR071718009,R-NAR071718009,R,CJF_1,1,4,NAR,3,0.7161880830348519
NAR071718009,R-NAR071718009,R,CJF_1,1,4,NAR,4,0.8315113990457237
NAR071718009,R-NAR071718009,R,CJF_2,2,3,NAR,NA,0.8910515795490848
NAR071718009,R-NAR071718009,R,CJF_2,2,3,NAR,1,0.3597894450487419
NAR071718009,R-NAR071718009,R,CJF_2,2,3,NAR,2,0.7425843258858291
NAR071718009,R-NAR071718009,R,CJF_2,2,3,NAR,3,0.8382496537299693
NAR071718009,R-NAR071718009,R,CJF_3,3,4,NAR,NA,0.9533513310639153
NAR071718009,R-NAR071718009,R,CJF_3,3,4,NAR,1,0.4833783373554159
NAR071718009,R-NAR071718009,R,CJF_3,3,4,NAR,2,0.6571383696187464
NAR071718009,R-NAR071718009,R,CJF_3,3,4,NAR,3,0.7932877482455515
NAR071718009,R-NAR071718009,R,CJF_3,3,4,NAR,4,0.8899488604267323
NAR071718010,R-NAR071718010,R,CJF_1,1,12,NAR,NA,1.6102521599242936
NAR071718010,R-NAR071718010,R,CJF_1,1,12,NAR,1,0.4392170760479353
NAR071718010,R-NAR071718010,R,CJF_1,1,12,NAR,2,0.6982088971139644
NAR071718010,R-NAR071718010,R,CJF_1,1,12,NAR,3,0.8184550997517628
NAR071718010,R-NAR071718010,R,CJF_1,1,12,NAR,4,0.9226721527615387
NAR071718010,R-NAR071718010,R,CJF_1,1,12,NAR,5,1.0315140597189225
NAR071718010,R-NAR071718010,R,CJF_1,1,12,NAR,6,1.1089014437470488
NAR071718010,R-NAR071718010,R,CJF_1,1,12,NAR,7,1.2024896068056146
NAR071718010,R-NAR071718010,R,CJF_1,1,12,NAR,8,1.2811121239149446
NAR071718010,R-NAR071718010,R,CJF_1,1,12,NAR,9,1.3370700986382344
NAR071718010,R-NAR071718010,R,CJF_1,1,12,NAR,10,1.400123193471539
NAR071718010,R-NAR071718010,R,CJF_1,1,12,NAR,11,1.4887708242052902
NAR071718010,R-NAR071718010,R,CJF_1,1,12,NAR,12,1.5501290586053933
NAR071718010,R-NAR071718010,R,CJF_2,2,12,NAR,NA,1.6148967962955485
NAR071718010,R-NAR071718010,R,CJF_2,2,12,NAR,1,0.48431481478226934
NAR071718010,R-NAR071718010,R,CJF_2,2,12,NAR,2,0.7052468074154123
NAR071718010,R-NAR071718010,R,CJF_2,2,12,NAR,3,0.8066144582139089
NAR071718010,R-NAR071718010,R,CJF_2,2,12,NAR,4,0.8986517212351531
NAR071718010,R-NAR071718010,R,CJF_2,2,12,NAR,5,1.0216146422071544
NAR071718010,R-NAR071718010,R,CJF_2,2,12,NAR,6,1.1208503286195668
NAR071718010,R-NAR071718010,R,CJF_2,2,12,NAR,7,1.2056577585486965
NAR071718010,R-NAR071718010,R,CJF_2,2,12,NAR,8,1.2781688963806257
NAR071718010,R-NAR071718010,R,CJF_2,2,12,NAR,9,1.3379824769988962
NAR071718010,R-NAR071718010,R,CJF_2,2,12,NAR,10,1.4092270000795537
NAR071718010,R-NAR071718010,R,CJF_2,2,12,NAR,11,1.4787722335915345
NAR071718010,R-NAR071718010,R,CJF_2,2,12,NAR,12,1.566978242658019
NAR071718010,R-NAR071718010,R,CJF_3,3,12,NAR,NA,1.6230817047945518
NAR071718010,R-NAR071718010,R,CJF_3,3,12,NAR,1,0.5313481770959894
NAR071718010,R-NAR071718010,R,CJF_3,3,12,NAR,2,0.7258772867329817
NAR071718010,R-NAR071718010,R,CJF_3,3,12,NAR,3,0.8379578269156045
NAR071718010,R-NAR071718010,R,CJF_3,3,12,NAR,4,0.9424881814771994
NAR071718010,R-NAR071718010,R,CJF_3,3,12,NAR,5,1.052241583704765
NAR071718010,R-NAR071718010,R,CJF_3,3,12,NAR,6,1.1428351360018323
NAR071718010,R-NAR071718010,R,CJF_3,3,12,NAR,7,1.2281969654776572
NAR071718010,R-NAR071718010,R,CJF_3,3,12,NAR,8,1.2903394663345384
NAR071718010,R-NAR071718010,R,CJF_3,3,12,NAR,9,1.3693146791668636
NAR071718010,R-NAR071718010,R,CJF_3,3,12,NAR,10,1.4192527184926045
NAR071718010,R-NAR071718010,R,CJF_3,3,12,NAR,11,1.516224212277901
NAR071718010,R-NAR071718010,R,CJF_3,3,12,NAR,12,1.5818487449120973
NAR071718011,R-NAR071718011,R,CJF_1,1,9,NAR,NA,1.4982555057723639
NAR071718011,R-NAR071718011,R,CJF_1,1,9,NAR,1,0.455724708078009
NAR071718011,R-NAR071718011,R,CJF_1,1,9,NAR,2,0.6647320704533164
NAR071718011,R-NAR071718011,R,CJF_1,1,9,NAR,3,0.8302885845210999
NAR071718011,R-NAR071718011,R,CJF_1,1,9,NAR,4,0.961725401572721
NAR071718011,R-NAR071718011,R,CJF_1,1,9,NAR,5,1.071259076713938
NAR071718011,R-NAR071718011,R,CJF_1,1,9,NAR,6,1.1754013338585754
NAR071718011,R-NAR071718011,R,CJF_1,1,9,NAR,7,1.2558453059371937
NAR071718011,R-NAR071718011,R,CJF_1,1,9,NAR,8,1.340957847926359
NAR071718011,R-NAR071718011,R,CJF_1,1,9,NAR,9,1.4357689537796352
NAR071718011,R-NAR071718011,R,CJF_2,2,9,NAR,NA,1.5130200027293486
NAR071718011,R-NAR071718011,R,CJF_2,2,9,NAR,1,0.4635373489827552
NAR071718011,R-NAR071718011,R,CJF_2,2,9,NAR,2,0.6914617303537122
NAR071718011,R-NAR071718011,R,CJF_2,2,9,NAR,3,0.8511376097434062
NAR071718011,R-NAR071718011,R,CJF_2,2,9,NAR,4,0.9884301116270044
NAR071718011,R-NAR071718011,R,CJF_2,2,9,NAR,5,1.0751611396416205
NAR071718011,R-NAR071718011,R,CJF_2,2,9,NAR,6,1.2138548825301019
NAR071718011,R-NAR071718011,R,CJF_2,2,9,NAR,7,1.28939422179167
NAR071718011,R-NAR071718011,R,CJF_2,2,9,NAR,8,1.3750268803433088
NAR071718011,R-NAR071718011,R,CJF_2,2,9,NAR,9,1.4642575188257847
NAR071718011,R-NAR071718011,R,CJF_3,3,9,NAR,NA,1.5433946047961231
NAR071718011,R-NAR071718011,R,CJF_3,3,9,NAR,1,0.5173635940565685
NAR071718011,R-NAR071718011,R,CJF_3,3,9,NAR,2,0.7323045006755652
NAR071718011,R-NAR071718011,R,CJF_3,3,9,NAR,3,0.8800547070143441
NAR071718011,R-NAR071718011,R,CJF_3,3,9,NAR,4,1.0133112843971548
NAR071718011,R-NAR071718011,R,CJF_3,3,9,NAR,5,1.1154600298659516
NAR071718011,R-NAR071718011,R,CJF_3,3,9,NAR,6,1.2340496425985392
NAR071718011,R-NAR071718011,R,CJF_3,3,9,NAR,7,1.3192817770618601
NAR071718011,R-NAR071718011,R,CJF_3,3,9,NAR,8,1.4016151857339874
NAR071718011,R-NAR071718011,R,CJF_3,3,9,NAR,9,1.4984422233620824
NAR071718012,R-NAR071718012,R,CJF_1,1,7,NAR,NA,1.3814973044173546
NAR071718012,R-NAR071718012,R,CJF_1,1,7,NAR,1,0.5443833151821879
NAR071718012,R-NAR071718012,R,CJF_1,1,7,NAR,2,0.714560204955938
NAR071718012,R-NAR071718012,R,CJF_1,1,7,NAR,3,0.8668880834330864
NAR071718012,R-NAR071718012,R,CJF_1,1,7,NAR,4,0.9360115068110015
NAR071718012,R-NAR071718012,R,CJF_1,1,7,NAR,5,1.143381776944746
NAR071718012,R-NAR071718012,R,CJF_1,1,7,NAR,6,1.2430368351234111
NAR071718012,R-NAR071718012,R,CJF_1,1,7,NAR,7,1.3216188204949098
NAR071718012,R-NAR071718012,R,CJF_2,2,8,NAR,NA,1.3596605613099013
NAR071718012,R-NAR071718012,R,CJF_2,2,8,NAR,1,0.5448333711220165
NAR071718012,R-NAR071718012,R,CJF_2,2,8,NAR,2,0.7298661615300269
NAR071718012,R-NAR071718012,R,CJF_2,2,8,NAR,3,0.85616596482701
NAR071718012,R-NAR071718012,R,CJF_2,2,8,NAR,4,0.9590894115251173
NAR071718012,R-NAR071718012,R,CJF_2,2,8,NAR,5,1.0530316492031
NAR071718012,R-NAR071718012,R,CJF_2,2,8,NAR,6,1.1516775684792753
NAR071718012,R-NAR071718012,R,CJF_2,2,8,NAR,7,1.2369226999213065
NAR071718012,R-NAR071718012,R,CJF_2,2,8,NAR,8,1.321741677187078
NAR071718012,R-NAR071718012,R,CJF_3,3,9,NAR,NA,1.291344454908086
NAR071718012,R-NAR071718012,R,CJF_3,3,9,NAR,1,0.48716576903913544
NAR071718012,R-NAR071718012,R,CJF_3,3,9,NAR,2,0.5581948894412673
NAR071718012,R-NAR071718012,R,CJF_3,3,9,NAR,3,0.66837806810522
NAR071718012,R-NAR071718012,R,CJF_3,3,9,NAR,4,0.8040338771545081
NAR071718012,R-NAR071718012,R,CJF_3,3,9,NAR,5,0.9021362358807213
NAR071718012,R-NAR071718012,R,CJF_3,3,9,NAR,6,0.9865571667304514
NAR071718012,R-NAR071718012,R,CJF_3,3,9,NAR,7,1.080292127783761
NAR071718012,R-NAR071718012,R,CJF_3,3,9,NAR,8,1.1586002443073997
NAR071718012,R-NAR071718012,R,CJF_3,3,9,NAR,9,1.2519007792173809
NAR071718013,R-NAR071718013,R,CJF_1,1,7,NAR,NA,1.3719510125537062
NAR071718013,R-NAR071718013,R,CJF_1,1,7,NAR,1,0.4365093080367782
NAR071718013,R-NAR071718013,R,CJF_1,1,7,NAR,2,0.7931008623724825
NAR071718013,R-NAR071718013,R,CJF_1,1,7,NAR,3,0.9226635829206912
NAR071718013,R-NAR071718013,R,CJF_1,1,7,NAR,4,1.035735468270821
NAR071718013,R-NAR071718013,R,CJF_1,1,7,NAR,5,1.1339678776249549
NAR071718013,R-NAR071718013,R,CJF_1,1,7,NAR,6,1.2396794084632812
NAR071718013,R-NAR071718013,R,CJF_1,1,7,NAR,7,1.3051676813660371
NAR071718013,R-NAR071718013,R,CJF_2,2,7,NAR,NA,1.2747714236415857
NAR071718013,R-NAR071718013,R,CJF_2,2,7,NAR,1,0.37021051663818
NAR071718013,R-NAR071718013,R,CJF_2,2,7,NAR,2,0.743141445331214
NAR071718013,R-NAR071718013,R,CJF_2,2,7,NAR,3,0.8285464479115985
NAR071718013,R-NAR071718013,R,CJF_2,2,7,NAR,4,0.9411555710405178
NAR071718013,R-NAR071718013,R,CJF_2,2,7,NAR,5,1.0421898530659686
NAR071718013,R-NAR071718013,R,CJF_2,2,7,NAR,6,1.147971766317072
NAR071718013,R-NAR071718013,R,CJF_2,2,7,NAR,7,1.2083045864824482
NAR071718013,R-NAR071718013,R,CJF_3,3,7,NAR,NA,1.2854078610471835
NAR071718013,R-NAR071718013,R,CJF_3,3,7,NAR,1,0.3591979930705026
NAR071718013,R-NAR071718013,R,CJF_3,3,7,NAR,2,0.7104726638859085
NAR071718013,R-NAR071718013,R,CJF_3,3,7,NAR,3,0.8232373800867002
NAR071718013,R-NAR071718013,R,CJF_3,3,7,NAR,4,0.938891924834882
NAR071718013,R-NAR071718013,R,CJF_3,3,7,NAR,5,1.044879767699442
NAR071718013,R-NAR071718013,R,CJF_3,3,7,NAR,6,1.1521632921602825
NAR071718013,R-NAR071718013,R,CJF_3,3,7,NAR,7,1.2078231931238306
NAR071718014,R-NAR071718014,R,CJF_1,1,9,NAR,NA,1.4150538045754122
NAR071718014,R-NAR071718014,R,CJF_1,1,9,NAR,1,0.34302285856782583
NAR071718014,R-NAR071718014,R,CJF_1,1,9,NAR,2,0.5579624150353419
NAR071718014,R-NAR071718014,R,CJF_1,1,9,NAR,3,0.7914037280091311
NAR071718014,R-NAR071718014,R,CJF_1,1,9,NAR,4,0.968229633524667
NAR071718014,R-NAR071718014,R,CJF_1,1,9,NAR,5,1.0353846813559413
NAR071718014,R-NAR071718014,R,CJF_1,1,9,NAR,6,1.1207735494228135
NAR071718014,R-NAR071718014,R,CJF_1,1,9,NAR,7,1.2152346715623725
NAR071718014,R-NAR071718014,R,CJF_1,1,9,NAR,8,1.2841250419646562
NAR071718014,R-NAR071718014,R,CJF_1,1,9,NAR,9,1.373916068932536
NAR071718014,R-NAR071718014,R,CJF_2,2,10,NAR,NA,1.412460194949433
NAR071718014,R-NAR071718014,R,CJF_2,2,10,NAR,1,0.3375407091044298
NAR071718014,R-NAR071718014,R,CJF_2,2,10,NAR,2,0.5459185422614491
NAR071718014,R-NAR071718014,R,CJF_2,2,10,NAR,3,0.7633320835244394
NAR071718014,R-NAR071718014,R,CJF_2,2,10,NAR,4,0.8743229335979223
NAR071718014,R-NAR071718014,R,CJF_2,2,10,NAR,5,0.9459578292215645
NAR071718014,R-NAR071718014,R,CJF_2,2,10,NAR,6,1.0279834698091939
NAR071718014,R-NAR071718014,R,CJF_2,2,10,NAR,7,1.1023284391488708
NAR071718014,R-NAR071718014,R,CJF_2,2,10,NAR,8,1.2012716784143938
NAR071718014,R-NAR071718014,R,CJF_2,2,10,NAR,9,1.2802854163000337
NAR071718014,R-NAR071718014,R,CJF_2,2,10,NAR,10,1.3654235692516383
NAR071718014,R-NAR071718014,R,CJF_3,3,10,NAR,NA,1.4052249487433286
NAR071718014,R-NAR071718014,R,CJF_3,3,10,NAR,1,0.3774608094275121
NAR071718014,R-NAR071718014,R,CJF_3,3,10,NAR,2,0.5502710397332892
NAR071718014,R-NAR071718014,R,CJF_3,3,10,NAR,3,0.7564170606346747
NAR071718014,R-NAR071718014,R,CJF_3,3,10,NAR,4,0.8777219336753421
NAR071718014,R-NAR071718014,R,CJF_3,3,10,NAR,5,0.970177341459351
NAR071718014,R-NAR071718014,R,CJF_3,3,10,NAR,6,1.0474789845013468
NAR071718014,R-NAR071718014,R,CJF_3,3,10,NAR,7,1.1066110608738409
NAR071718014,R-NAR071718014,R,CJF_3,3,10,NAR,8,1.1960257483621708
NAR071718014,R-NAR071718014,R,CJF_3,3,10,NAR,9,1.2945625967375354
NAR071718014,R-NAR071718014,R,CJF_3,3,10,NAR,10,1.376425320223049
NAR071718015,R-NAR071718015,R,CJF_1,1,12,NAR,NA,1.633281395175233
NAR071718015,R-NAR071718015,R,CJF_1,1,12,NAR,1,0.45703902894196546
NAR071718015,R-NAR071718015,R,CJF_1,1,12,NAR,2,0.7058916138349913
NAR071718015,R-NAR071718015,R,CJF_1,1,12,NAR,3,0.8308145229075986
NAR071718015,R-NAR071718015,R,CJF_1,1,12,NAR,4,0.9396392550240902
NAR071718015,R-NAR071718015,R,CJF_1,1,12,NAR,5,1.0200749265884532
NAR071718015,R-NAR071718015,R,CJF_1,1,12,NAR,6,1.1686415828171133
NAR071718015,R-NAR071718015,R,CJF_1,1,12,NAR,7,1.2481392343455051
NAR071718015,R-NAR071718015,R,CJF_1,1,12,NAR,8,1.3153183956697758
NAR071718015,R-NAR071718015,R,CJF_1,1,12,NAR,9,1.396705890574165
NAR071718015,R-NAR071718015,R,CJF_1,1,12,NAR,10,1.4771415621385282
NAR071718015,R-NAR071718015,R,CJF_1,1,12,NAR,11,1.5424446833908554
NAR071718015,R-NAR071718015,R,CJF_1,1,12,NAR,12,1.5973191578150598
NAR071718015,R-NAR071718015,R,CJF_2,2,11,NAR,NA,1.5714610587224838
NAR071718015,R-NAR071718015,R,CJF_2,2,11,NAR,1,0.43303221715076007
NAR071718015,R-NAR071718015,R,CJF_2,2,11,NAR,2,0.6483067350174356
NAR071718015,R-NAR071718015,R,CJF_2,2,11,NAR,3,0.8067302671485893
NAR071718015,R-NAR071718015,R,CJF_2,2,11,NAR,4,0.9262104691457127
NAR071718015,R-NAR071718015,R,CJF_2,2,11,NAR,5,1.0025928458652513
NAR071718015,R-NAR071718015,R,CJF_2,2,11,NAR,6,1.1077469233811805
NAR071718015,R-NAR071718015,R,CJF_2,2,11,NAR,7,1.1750560204659704
NAR071718015,R-NAR071718015,R,CJF_2,2,11,NAR,8,1.2776074647304894
NAR071718015,R-NAR071718015,R,CJF_2,2,11,NAR,9,1.3511007261869876
NAR071718015,R-NAR071718015,R,CJF_2,2,11,NAR,10,1.4321629837297156
NAR071718015,R-NAR071718015,R,CJF_2,2,11,NAR,11,1.5030536119348032
NAR071718015,R-NAR071718015,R,CJF_3,3,10,NAR,NA,1.4675148875812882
NAR071718015,R-NAR071718015,R,CJF_3,3,10,NAR,1,0.33035881664617345
NAR071718015,R-NAR071718015,R,CJF_3,3,10,NAR,2,0.5604322919364675
NAR071718015,R-NAR071718015,R,CJF_3,3,10,NAR,3,0.6897825675907676
NAR071718015,R-NAR071718015,R,CJF_3,3,10,NAR,4,0.8616657907563472
NAR071718015,R-NAR071718015,R,CJF_3,3,10,NAR,5,0.9800544358227409
NAR071718015,R-NAR071718015,R,CJF_3,3,10,NAR,6,1.08284615980357
NAR071718015,R-NAR071718015,R,CJF_3,3,10,NAR,7,1.1815008350947294
NAR071718015,R-NAR071718015,R,CJF_3,3,10,NAR,8,1.2535365751845453
NAR071718015,R-NAR071718015,R,CJF_3,3,10,NAR,9,1.3491262425148944
NAR071718015,R-NAR071718015,R,CJF_3,3,10,NAR,10,1.4135824512019872
NAR071718016,R-NAR071718016,R,CJF_1,1,12,NAR,NA,1.4404367570601646
NAR071718016,R-NAR071718016,R,CJF_1,1,12,NAR,1,0.26656794211640616
NAR071718016,R-NAR071718016,R,CJF_1,1,12,NAR,2,0.5401120191294504
NAR071718016,R-NAR071718016,R,CJF_1,1,12,NAR,3,0.6835596097223451
NAR071718016,R-NAR071718016,R,CJF_1,1,12,NAR,4,0.8003504061035991
NAR071718016,R-NAR071718016,R,CJF_1,1,12,NAR,5,0.9164946227304728
NAR071718016,R-NAR071718016,R,CJF_1,1,12,NAR,6,0.9869479655850838
NAR071718016,R-NAR071718016,R,CJF_1,1,12,NAR,7,1.0720001579873513
NAR071718016,R-NAR071718016,R,CJF_1,1,12,NAR,8,1.1373716910746163
NAR071718016,R-NAR071718016,R,CJF_1,1,12,NAR,9,1.1691102950536032
NAR071718016,R-NAR071718016,R,CJF_1,1,12,NAR,10,1.2585977174688359
NAR071718016,R-NAR071718016,R,CJF_1,1,12,NAR,11,1.3195340205431356
NAR071718016,R-NAR071718016,R,CJF_1,1,12,NAR,12,1.406803827951886
NAR071718016,R-NAR071718016,R,CJF_2,2,12,NAR,NA,1.4754198430452927
NAR071718016,R-NAR071718016,R,CJF_2,2,12,NAR,1,0.27402112762244574
NAR071718016,R-NAR071718016,R,CJF_2,2,12,NAR,2,0.5631209012212388
NAR071718016,R-NAR071718016,R,CJF_2,2,12,NAR,3,0.705749474966855
NAR071718016,R-NAR071718016,R,CJF_2,2,12,NAR,4,0.8135651721886799
NAR071718016,R-NAR071718016,R,CJF_2,2,12,NAR,5,0.943095492237071
NAR071718016,R-NAR071718016,R,CJF_2,2,12,NAR,6,1.0114982699165371
NAR071718016,R-NAR071718016,R,CJF_2,2,12,NAR,7,1.0797273475927907
NAR071718016,R-NAR071718016,R,CJF_2,2,12,NAR,8,1.161054678966269
NAR071718016,R-NAR071718016,R,CJF_2,2,12,NAR,9,1.207569133815956
NAR071718016,R-NAR071718016,R,CJF_2,2,12,NAR,10,1.279348979145874
NAR071718016,R-NAR071718016,R,CJF_2,2,12,NAR,11,1.3771516318670283
NAR071718016,R-NAR071718016,R,CJF_2,2,12,NAR,12,1.4336791312173858
NAR071718016,R-NAR071718016,R,CJF_3,3,11,NAR,NA,1.457837256485655
NAR071718016,R-NAR071718016,R,CJF_3,3,11,NAR,1,0.2789287678159332
NAR071718016,R-NAR071718016,R,CJF_3,3,11,NAR,2,0.5289154258752813
NAR071718016,R-NAR071718016,R,CJF_3,3,11,NAR,3,0.6718982640391741
NAR071718016,R-NAR071718016,R,CJF_3,3,11,NAR,4,0.7937703766675106
NAR071718016,R-NAR071718016,R,CJF_3,3,11,NAR,5,0.9171053746784898
NAR071718016,R-NAR071718016,R,CJF_3,3,11,NAR,6,0.9968947954363943
NAR071718016,R-NAR071718016,R,CJF_3,3,11,NAR,7,1.0817285888507229
NAR071718016,R-NAR071718016,R,CJF_3,3,11,NAR,8,1.176386302341509
NAR071718016,R-NAR071718016,R,CJF_3,3,11,NAR,9,1.263742282084051
NAR071718016,R-NAR071718016,R,CJF_3,3,11,NAR,10,1.3322448973828562
NAR071718016,R-NAR071718016,R,CJF_3,3,11,NAR,11,1.4122991433771532
NAR071718017,R-NAR071718017,R,CJF_1,1,4,NAR,NA,1.048263379925214
NAR071718017,R-NAR071718017,R,CJF_1,1,4,NAR,1,0.5623721379574812
NAR071718017,R-NAR071718017,R,CJF_1,1,4,NAR,2,0.740809699720336
NAR071718017,R-NAR071718017,R,CJF_1,1,4,NAR,3,0.8984153670771644
NAR071718017,R-NAR071718017,R,CJF_1,1,4,NAR,4,0.9973118403584967
NAR071718017,R-NAR071718017,R,CJF_2,2,3,NAR,NA,0.9979957529455794
NAR071718017,R-NAR071718017,R,CJF_2,2,3,NAR,1,0.4877770399926491
NAR071718017,R-NAR071718017,R,CJF_2,2,3,NAR,2,0.7864601478482403
NAR071718017,R-NAR071718017,R,CJF_2,2,3,NAR,3,0.9543003600517269
NAR071718017,R-NAR071718017,R,CJF_3,3,4,NAR,NA,0.9913369672129057
NAR071718017,R-NAR071718017,R,CJF_3,3,4,NAR,1,0.5001308278271452
NAR071718017,R-NAR071718017,R,CJF_3,3,4,NAR,2,0.7531702715318516
NAR071718017,R-NAR071718017,R,CJF_3,3,4,NAR,3,0.9109575917448366
NAR071718017,R-NAR071718017,R,CJF_3,3,4,NAR,4,0.9675213372719935
NAR071718018,R-NAR071718018,R,CJF_1,1,6,NAR,NA,1.1238715888983346
NAR071718018,R-NAR071718018,R,CJF_1,1,6,NAR,1,0.4290091755187357
NAR071718018,R-NAR071718018,R,CJF_1,1,6,NAR,2,0.6413462422901381
NAR071718018,R-NAR071718018,R,CJF_1,1,6,NAR,3,0.8008149945669952
NAR071718018,R-NAR071718018,R,CJF_1,1,6,NAR,4,0.9244236729506523
NAR071718018,R-NAR071718018,R,CJF_1,1,6,NAR,5,0.9818429816194328
NAR071718018,R-NAR071718018,R,CJF_1,1,6,NAR,6,1.0467366381444803
NAR071718018,R-NAR071718018,R,CJF_2,2,5,NAR,NA,1.1823303705992663
NAR071718018,R-NAR071718018,R,CJF_2,2,5,NAR,1,0.4658729781879091
NAR071718018,R-NAR071718018,R,CJF_2,2,5,NAR,2,0.6903116375047361
NAR071718018,R-NAR071718018,R,CJF_2,2,5,NAR,3,0.8533025658896141
NAR071718018,R-NAR071718018,R,CJF_2,2,5,NAR,4,0.9953781155024629
NAR071718018,R-NAR071718018,R,CJF_2,2,5,NAR,5,1.1361368824321545
NAR071718018,R-NAR071718018,R,CJF_3,3,6,NAR,NA,1.1287847631554586
NAR071718018,R-NAR071718018,R,CJF_3,3,6,NAR,1,0.4412120234952045
NAR071718018,R-NAR071718018,R,CJF_3,3,6,NAR,2,0.6587004858192276
NAR071718018,R-NAR071718018,R,CJF_3,3,6,NAR,3,0.8011775545914799
NAR071718018,R-NAR071718018,R,CJF_3,3,6,NAR,4,0.9578723137035567
NAR071718018,R-NAR071718018,R,CJF_3,3,6,NAR,5,1.0083623518285734
NAR071718018,R-NAR071718018,R,CJF_3,3,6,NAR,6,1.0949791133516553
NAR071718019,R-NAR071718019,R,CJF_1,1,8,NAR,NA,1.1499318084843932
NAR071718019,R-NAR071718019,R,CJF_1,1,8,NAR,1,0.29412550282520833
NAR071718019,R-NAR071718019,R,CJF_1,1,8,NAR,2,0.5875942867536093
NAR071718019,R-NAR071718019,R,CJF_1,1,8,NAR,3,0.6940550427029538
NAR071718019,R-NAR071718019,R,CJF_1,1,8,NAR,4,0.7857080935553654
NAR071718019,R-NAR071718019,R,CJF_1,1,8,NAR,5,0.8810630706820104
NAR071718019,R-NAR071718019,R,CJF_1,1,8,NAR,6,0.9555199279568707
NAR071718019,R-NAR071718019,R,CJF_1,1,8,NAR,7,1.006570983346023
NAR071718019,R-NAR071718019,R,CJF_1,1,8,NAR,8,1.0838938728838086
NAR071718019,R-NAR071718019,R,CJF_2,2,8,NAR,NA,1.1517107781094904
NAR071718019,R-NAR071718019,R,CJF_2,2,8,NAR,1,0.30827021023415024
NAR071718019,R-NAR071718019,R,CJF_2,2,8,NAR,2,0.5795540282741589
NAR071718019,R-NAR071718019,R,CJF_2,2,8,NAR,3,0.6939587740809803
NAR071718019,R-NAR071718019,R,CJF_2,2,8,NAR,4,0.7736855343039362
NAR071718019,R-NAR071718019,R,CJF_2,2,8,NAR,5,0.8505718047117197
NAR071718019,R-NAR071718019,R,CJF_2,2,8,NAR,6,0.9293073947292102
NAR071718019,R-NAR071718019,R,CJF_2,2,8,NAR,7,1.0147151345825114
NAR071718019,R-NAR071718019,R,CJF_2,2,8,NAR,8,1.0999898536345885
NAR071718019,R-NAR071718019,R,CJF_3,3,8,NAR,NA,1.1523316209179002
NAR071718019,R-NAR071718019,R,CJF_3,3,8,NAR,1,0.29696395080582627
NAR071718019,R-NAR071718019,R,CJF_3,3,8,NAR,2,0.56894345255064
NAR071718019,R-NAR071718019,R,CJF_3,3,8,NAR,3,0.6713118423286588
NAR071718019,R-NAR071718019,R,CJF_3,3,8,NAR,4,0.7700540944242242
NAR071718019,R-NAR071718019,R,CJF_3,3,8,NAR,5,0.8716852896831137
NAR071718019,R-NAR071718019,R,CJF_3,3,8,NAR,6,0.9498064249192503
NAR071718019,R-NAR071718019,R,CJF_3,3,8,NAR,7,1.0130843296226044
NAR071718019,R-NAR071718019,R,CJF_3,3,8,NAR,8,1.0883165216954167
NAR071718020,R-NAR071718020,R,CJF_1,1,5,NAR,NA,1.274028424851074
NAR071718020,R-NAR071718020,R,CJF_1,1,5,NAR,1,0.48329059645843647
NAR071718020,R-NAR071718020,R,CJF_1,1,5,NAR,2,0.7311134110972166
NAR071718020,R-NAR071718020,R,CJF_1,1,5,NAR,3,0.906339285452459
NAR071718020,R-NAR071718020,R,CJF_1,1,5,NAR,4,1.0628573054105785
NAR071718020,R-NAR071718020,R,CJF_1,1,5,NAR,5,1.2141685241846425
NAR071718020,R-NAR071718020,R,CJF_2,2,5,NAR,NA,1.2803530043960447
NAR071718020,R-NAR071718020,R,CJF_2,2,5,NAR,1,0.5580828527022175
NAR071718020,R-NAR071718020,R,CJF_2,2,5,NAR,2,0.7542027405688938
NAR071718020,R-NAR071718020,R,CJF_2,2,5,NAR,3,0.9362336016330326
NAR071718020,R-NAR071718020,R,CJF_2,2,5,NAR,4,1.087755373230003
NAR071718020,R-NAR071718020,R,CJF_2,2,5,NAR,5,1.2310198327639332
NAR071718020,R-NAR071718020,R,CJF_3,3,5,NAR,NA,1.3125069378339065
NAR071718020,R-NAR071718020,R,CJF_3,3,5,NAR,1,0.5365891280037645
NAR071718020,R-NAR071718020,R,CJF_3,3,5,NAR,2,0.7759160474203961
NAR071718020,R-NAR071718020,R,CJF_3,3,5,NAR,3,0.9269205664843704
NAR071718020,R-NAR071718020,R,CJF_3,3,5,NAR,4,1.0826719150891608
NAR071718020,R-NAR071718020,R,CJF_3,3,5,NAR,5,1.2574246811351841
NAR071718021,R-NAR071718021,R,CJF_1,1,11,NAR,NA,1.5534201925085562
NAR071718021,R-NAR071718021,R,CJF_1,1,11,NAR,1,0.3621518245292418
NAR071718021,R-NAR071718021,R,CJF_1,1,11,NAR,2,0.5985417497379112
NAR071718021,R-NAR071718021,R,CJF_1,1,11,NAR,3,0.7637835452782751
NAR071718021,R-NAR071718021,R,CJF_1,1,11,NAR,4,0.9106689118556358
NAR071718021,R-NAR071718021,R,CJF_1,1,11,NAR,5,1.035519776702726
NAR071718021,R-NAR071718021,R,CJF_1,1,11,NAR,6,1.1221167695857808
NAR071718021,R-NAR071718021,R,CJF_1,1,11,NAR,7,1.2041246552280849
NAR071718021,R-NAR071718021,R,CJF_1,1,11,NAR,8,1.2924031896036365
NAR071718021,R-NAR071718021,R,CJF_1,1,11,NAR,9,1.3685959437494337
NAR071718021,R-NAR071718021,R,CJF_1,1,11,NAR,10,1.4210726546724621
NAR071718021,R-NAR071718021,R,CJF_1,1,11,NAR,11,1.5013989988222687
NAR071718021,R-NAR071718021,R,CJF_2,2,11,NAR,NA,1.5461817291804727
NAR071718021,R-NAR071718021,R,CJF_2,2,11,NAR,1,0.3337846751015442
NAR071718021,R-NAR071718021,R,CJF_2,2,11,NAR,2,0.5935888997103729
NAR071718021,R-NAR071718021,R,CJF_2,2,11,NAR,3,0.7820790480658473
NAR071718021,R-NAR071718021,R,CJF_2,2,11,NAR,4,0.914894799799004
NAR071718021,R-NAR071718021,R,CJF_2,2,11,NAR,5,1.0434637249837386
NAR071718021,R-NAR071718021,R,CJF_2,2,11,NAR,6,1.1294284201106024
NAR071718021,R-NAR071718021,R,CJF_2,2,11,NAR,7,1.2090713060012146
NAR071718021,R-NAR071718021,R,CJF_2,2,11,NAR,8,1.2819658345636324
NAR071718021,R-NAR071718021,R,CJF_2,2,11,NAR,9,1.3482088669706227
NAR071718021,R-NAR071718021,R,CJF_2,2,11,NAR,10,1.4325931097884235
NAR071718021,R-NAR071718021,R,CJF_2,2,11,NAR,11,1.5009111248832412
NAR071718021,R-NAR071718021,R,CJF_3,3,11,NAR,NA,1.5884084938988663
NAR071718021,R-NAR071718021,R,CJF_3,3,11,NAR,1,0.35951212712339475
NAR071718021,R-NAR071718021,R,CJF_3,3,11,NAR,2,0.6197117683444846
NAR071718021,R-NAR071718021,R,CJF_3,3,11,NAR,3,0.8018503570029322
NAR071718021,R-NAR071718021,R,CJF_3,3,11,NAR,4,0.9551899490245527
NAR071718021,R-NAR071718021,R,CJF_3,3,11,NAR,5,1.0801247314346833
NAR071718021,R-NAR071718021,R,CJF_3,3,11,NAR,6,1.162950834190827
NAR071718021,R-NAR071718021,R,CJF_3,3,11,NAR,7,1.2485594500506338
NAR071718021,R-NAR071718021,R,CJF_3,3,11,NAR,8,1.325229246061444
NAR071718021,R-NAR071718021,R,CJF_3,3,11,NAR,9,1.3925660351979219
NAR071718021,R-NAR071718021,R,CJF_3,3,11,NAR,10,1.455729054678903
NAR071718021,R-NAR071718021,R,CJF_3,3,11,NAR,11,1.5298134310987173
NAR071718022,R-NAR071718022,R,CJF_1,1,8,NAR,NA,1.3310647107325733
NAR071718022,R-NAR071718022,R,CJF_1,1,8,NAR,1,0.44026303518650167
NAR071718022,R-NAR071718022,R,CJF_1,1,8,NAR,2,0.6655323553662866
NAR071718022,R-NAR071718022,R,CJF_1,1,8,NAR,3,0.801515995888003
NAR071718022,R-NAR071718022,R,CJF_1,1,8,NAR,4,0.9042650562216353
NAR071718022,R-NAR071718022,R,CJF_1,1,8,NAR,5,0.9962434120148164
NAR071718022,R-NAR071718022,R,CJF_1,1,8,NAR,6,1.0888593229084969
NAR071718022,R-NAR071718022,R,CJF_1,1,8,NAR,7,1.1930259491762434
NAR071718022,R-NAR071718022,R,CJF_1,1,8,NAR,8,1.2816740737338126
NAR071718022,R-NAR071718022,R,CJF_2,2,8,NAR,NA,1.3690445309569468
NAR071718022,R-NAR071718022,R,CJF_2,2,8,NAR,1,0.4720739734581601
NAR071718022,R-NAR071718022,R,CJF_2,2,8,NAR,2,0.6949388057461128
NAR071718022,R-NAR071718022,R,CJF_2,2,8,NAR,3,0.850349071293762
NAR071718022,R-NAR071718022,R,CJF_2,2,8,NAR,4,0.9477834454741996
NAR071718022,R-NAR071718022,R,CJF_2,2,8,NAR,5,1.0507290480016138
NAR071718022,R-NAR071718022,R,CJF_2,2,8,NAR,6,1.1371409654880993
NAR071718022,R-NAR071718022,R,CJF_2,2,8,NAR,7,1.2443859635098624
NAR071718022,R-NAR071718022,R,CJF_2,2,8,NAR,8,1.3240748197967447
NAR071718022,R-NAR071718022,R,CJF_3,3,8,NAR,NA,1.3267108093696374
NAR071718022,R-NAR071718022,R,CJF_3,3,8,NAR,1,0.44989425657346116
NAR071718022,R-NAR071718022,R,CJF_3,3,8,NAR,2,0.6860052451707017
NAR071718022,R-NAR071718022,R,CJF_3,3,8,NAR,3,0.8124103498520308
NAR071718022,R-NAR071718022,R,CJF_3,3,8,NAR,4,0.9078753264169902
NAR071718022,R-NAR071718022,R,CJF_3,3,8,NAR,5,0.9889807501265533
NAR071718022,R-NAR071718022,R,CJF_3,3,8,NAR,6,1.0911254149976801
NAR071718022,R-NAR071718022,R,CJF_3,3,8,NAR,7,1.2048153827964025
NAR071718022,R-NAR071718022,R,CJF_3,3,8,NAR,8,1.2846323270465103
NAR071718025,R-NAR071718025,R,CJF_1,1,11,NAR,NA,1.5152069241163428
NAR071718025,R-NAR071718025,R,CJF_1,1,11,NAR,1,0.6691287840667014
NAR071718025,R-NAR071718025,R,CJF_1,1,11,NAR,2,0.7882994269986521
NAR071718025,R-NAR071718025,R,CJF_1,1,11,NAR,3,0.8692663016730212
NAR071718025,R-NAR071718025,R,CJF_1,1,11,NAR,4,0.9493115219448649
NAR071718025,R-NAR071718025,R,CJF_1,1,11,NAR,5,1.024699536350666
NAR071718025,R-NAR071718025,R,CJF_1,1,11,NAR,6,1.1084803080860286
NAR071718025,R-NAR071718025,R,CJF_1,1,11,NAR,7,1.1615284144908464
NAR071718025,R-NAR071718025,R,CJF_1,1,11,NAR,8,1.2201553811642327
NAR071718025,R-NAR071718025,R,CJF_1,1,11,NAR,9,1.3150938734367321
NAR071718025,R-NAR071718025,R,CJF_1,1,11,NAR,10,1.3820891305129712
NAR071718025,R-NAR071718025,R,CJF_1,1,11,NAR,11,1.4677376779800932
NAR071718025,R-NAR071718025,R,CJF_2,2,12,NAR,NA,1.4876817723756455
NAR071718025,R-NAR071718025,R,CJF_2,2,12,NAR,1,0.5353743425802561
NAR071718025,R-NAR071718025,R,CJF_2,2,12,NAR,2,0.6724925100780531
NAR071718025,R-NAR071718025,R,CJF_2,2,12,NAR,3,0.7748481930368424
NAR071718025,R-NAR071718025,R,CJF_2,2,12,NAR,4,0.8488774978810009
NAR071718025,R-NAR071718025,R,CJF_2,2,12,NAR,5,0.9518739752894629
NAR071718025,R-NAR071718025,R,CJF_2,2,12,NAR,6,1.0183929247536452
NAR071718025,R-NAR071718025,R,CJF_2,2,12,NAR,7,1.0879178938316614
NAR071718025,R-NAR071718025,R,CJF_2,2,12,NAR,8,1.1480007368714673
NAR071718025,R-NAR071718025,R,CJF_2,2,12,NAR,9,1.2100153505695075
NAR071718025,R-NAR071718025,R,CJF_2,2,12,NAR,10,1.317949618250038
NAR071718025,R-NAR071718025,R,CJF_2,2,12,NAR,11,1.3891896307333251
NAR071718025,R-NAR071718025,R,CJF_2,2,12,NAR,12,1.4492724737731313
NAR071718025,R-NAR071718025,R,CJF_3,3,12,NAR,NA,1.4344434365404077
NAR071718025,R-NAR071718025,R,CJF_3,3,12,NAR,1,0.3420873012727255
NAR071718025,R-NAR071718025,R,CJF_3,3,12,NAR,2,0.5948534542542703
NAR071718025,R-NAR071718025,R,CJF_3,3,12,NAR,3,0.7082872283459403
NAR071718025,R-NAR071718025,R,CJF_3,3,12,NAR,4,0.8021756084772962
NAR071718025,R-NAR071718025,R,CJF_3,3,12,NAR,5,0.8875486022123341
NAR071718025,R-NAR071718025,R,CJF_3,3,12,NAR,6,0.9635680024951625
NAR071718025,R-NAR071718025,R,CJF_3,3,12,NAR,7,1.045345287283309
NAR071718025,R-NAR071718025,R,CJF_3,3,12,NAR,8,1.1001428794940376
NAR071718025,R-NAR071718025,R,CJF_3,3,12,NAR,9,1.1678897741038687
NAR071718025,R-NAR071718025,R,CJF_3,3,12,NAR,10,1.2672931580172224
NAR071718025,R-NAR071718025,R,CJF_3,3,12,NAR,11,1.3248482521189504
NAR071718025,R-NAR071718025,R,CJF_3,3,12,NAR,12,1.3879183500026762
NAR071718026,R-NAR071718026,R,CJF_1,1,6,NAR,NA,1.1587122052261807
NAR071718026,R-NAR071718026,R,CJF_1,1,6,NAR,1,0.501182982822615
NAR071718026,R-NAR071718026,R,CJF_1,1,6,NAR,2,0.6701153363392367
NAR071718026,R-NAR071718026,R,CJF_1,1,6,NAR,3,0.7900611925943457
NAR071718026,R-NAR071718026,R,CJF_1,1,6,NAR,4,0.9161944305066085
NAR071718026,R-NAR071718026,R,CJF_1,1,6,NAR,5,1.0003739552999669
NAR071718026,R-NAR071718026,R,CJF_1,1,6,NAR,6,1.1013349653408873
NAR071718026,R-NAR071718026,R,CJF_2,2,6,NAR,NA,1.1339157701157132
NAR071718026,R-NAR071718026,R,CJF_2,2,6,NAR,1,0.4697763488134134
NAR071718026,R-NAR071718026,R,CJF_2,2,6,NAR,2,0.662503187610318
NAR071718026,R-NAR071718026,R,CJF_2,2,6,NAR,3,0.7670103415010021
NAR071718026,R-NAR071718026,R,CJF_2,2,6,NAR,4,0.8820578292941366
NAR071718026,R-NAR071718026,R,CJF_2,2,6,NAR,5,0.9829802426495319
NAR071718026,R-NAR071718026,R,CJF_2,2,6,NAR,6,1.074258507236298
NAR071718026,R-NAR071718026,R,CJF_3,3,6,NAR,NA,1.164491875562798
NAR071718026,R-NAR071718026,R,CJF_3,3,6,NAR,1,0.47098091074868925
NAR071718026,R-NAR071718026,R,CJF_3,3,6,NAR,2,0.6697132364674659
NAR071718026,R-NAR071718026,R,CJF_3,3,6,NAR,3,0.7836889961822578
NAR071718026,R-NAR071718026,R,CJF_3,3,6,NAR,4,0.9025582545387152
NAR071718026,R-NAR071718026,R,CJF_3,3,6,NAR,5,0.9978909660644745
NAR071718026,R-NAR071718026,R,CJF_3,3,6,NAR,6,1.1059172936926052
NAR071718027,R-NAR071718027,R,CJF_1,1,10,NAR,NA,1.3839356534959524
NAR071718027,R-NAR071718027,R,CJF_1,1,10,NAR,1,0.3589316598736004
NAR071718027,R-NAR071718027,R,CJF_1,1,10,NAR,2,0.5744450130753248
NAR071718027,R-NAR071718027,R,CJF_1,1,10,NAR,3,0.7083535517282633
NAR071718027,R-NAR071718027,R,CJF_1,1,10,NAR,4,0.8265833897182089
NAR071718027,R-NAR071718027,R,CJF_1,1,10,NAR,5,0.9394160814519218
NAR071718027,R-NAR071718027,R,CJF_1,1,10,NAR,6,0.995190165072014
NAR071718027,R-NAR071718027,R,CJF_1,1,10,NAR,7,1.0468516269294024
NAR071718027,R-NAR071718027,R,CJF_1,1,10,NAR,8,1.1181748870714274
NAR071718027,R-NAR071718027,R,CJF_1,1,10,NAR,9,1.2173851890234995
NAR071718027,R-NAR071718027,R,CJF_1,1,10,NAR,10,1.2888379733065847
NAR071718027,R-NAR071718027,R,CJF_2,2,11,NAR,NA,1.3979898216640323
NAR071718027,R-NAR071718027,R,CJF_2,2,11,NAR,1,0.35282654734468316
NAR071718027,R-NAR071718027,R,CJF_2,2,11,NAR,2,0.571534662807357
NAR071718027,R-NAR071718027,R,CJF_2,2,11,NAR,3,0.7231482639995914
NAR071718027,R-NAR071718027,R,CJF_2,2,11,NAR,4,0.8264551588566759
NAR071718027,R-NAR071718027,R,CJF_2,2,11,NAR,5,0.9263001680896356
NAR071718027,R-NAR071718027,R,CJF_2,2,11,NAR,6,0.9942712907340718
NAR071718027,R-NAR071718027,R,CJF_2,2,11,NAR,7,1.0466862020058787
NAR071718027,R-NAR071718027,R,CJF_2,2,11,NAR,8,1.115303643962847
NAR071718027,R-NAR071718027,R,CJF_2,2,11,NAR,9,1.1859751883881433
NAR071718027,R-NAR071718027,R,CJF_2,2,11,NAR,10,1.2953292461194796
NAR071718027,R-NAR071718027,R,CJF_2,2,11,NAR,11,1.3626540494513848
NAR071718027,R-NAR071718027,R,CJF_3,3,11,NAR,NA,1.3644957704225087
NAR071718027,R-NAR071718027,R,CJF_3,3,11,NAR,1,0.3211801987616935
NAR071718027,R-NAR071718027,R,CJF_3,3,11,NAR,2,0.5518874564060745
NAR071718027,R-NAR071718027,R,CJF_3,3,11,NAR,3,0.6705166774569804
NAR071718027,R-NAR071718027,R,CJF_3,3,11,NAR,4,0.7927455966511334
NAR071718027,R-NAR071718027,R,CJF_3,3,11,NAR,5,0.8909650171958399
NAR071718027,R-NAR071718027,R,CJF_3,3,11,NAR,6,0.9677954128740706
NAR071718027,R-NAR071718027,R,CJF_3,3,11,NAR,7,1.0336037368961926
NAR071718027,R-NAR071718027,R,CJF_3,3,11,NAR,8,1.0892611783176365
NAR071718027,R-NAR071718027,R,CJF_3,3,11,NAR,9,1.1716566274763442
NAR071718027,R-NAR071718027,R,CJF_3,3,11,NAR,10,1.2574357041686113
NAR071718027,R-NAR071718027,R,CJF_3,3,11,NAR,11,1.3308824723132822
NAR071918003,R-NAR071918003,R,CJF_1,1,3,NAR,NA,0.8931705857641097
NAR071918003,R-NAR071918003,R,CJF_1,1,3,NAR,1,0.36001330435884854
NAR071918003,R-NAR071918003,R,CJF_1,1,3,NAR,2,0.639056203627449
NAR071918003,R-NAR071918003,R,CJF_1,1,3,NAR,3,0.8024308175712278
NAR071918003,R-NAR071918003,R,CJF_2,2,3,NAR,NA,0.8896370694675267
NAR071918003,R-NAR071918003,R,CJF_2,2,3,NAR,1,0.35170982637361875
NAR071918003,R-NAR071918003,R,CJF_2,2,3,NAR,2,0.6559714350562911
NAR071918003,R-NAR071918003,R,CJF_2,2,3,NAR,3,0.820986591404431
NAR071918003,R-NAR071918003,R,CJF_3,3,4,NAR,NA,0.9083859578151511
NAR071918003,R-NAR071918003,R,CJF_3,3,4,NAR,1,0.3495155891145276
NAR071918003,R-NAR071918003,R,CJF_3,3,4,NAR,2,0.5419501275606937
NAR071918003,R-NAR071918003,R,CJF_3,3,4,NAR,3,0.6452894898974564
NAR071918003,R-NAR071918003,R,CJF_3,3,4,NAR,4,0.8200472844547206
NAR071918004,R-NAR071918004,R,CJF_1,1,14,NAR,NA,2.0480767443917163
NAR071918004,R-NAR071918004,R,CJF_1,1,14,NAR,1,0.6337600609628049
NAR071918004,R-NAR071918004,R,CJF_1,1,14,NAR,2,0.8353189173186321
NAR071918004,R-NAR071918004,R,CJF_1,1,14,NAR,3,0.9982482329138164
NAR071918004,R-NAR071918004,R,CJF_1,1,14,NAR,4,1.1239055767107464
NAR071918004,R-NAR071918004,R,CJF_1,1,14,NAR,5,1.2438884389441407
NAR071918004,R-NAR071918004,R,CJF_1,1,14,NAR,6,1.338192498220334
NAR071918004,R-NAR071918004,R,CJF_1,1,14,NAR,7,1.424085404943914
NAR071918004,R-NAR071918004,R,CJF_1,1,14,NAR,8,1.5195243605328133
NAR071918004,R-NAR071918004,R,CJF_1,1,14,NAR,9,1.6008776820055644
NAR071918004,R-NAR071918004,R,CJF_1,1,14,NAR,10,1.6697256109742382
NAR071918004,R-NAR071918004,R,CJF_1,1,14,NAR,11,1.7383508672932295
NAR071918004,R-NAR071918004,R,CJF_1,1,14,NAR,12,1.8165221724775413
NAR071918004,R-NAR071918004,R,CJF_1,1,14,NAR,13,1.915143144354881
NAR071918004,R-NAR071918004,R,CJF_1,1,14,NAR,14,1.9976313621403392
NAR071918004,R-NAR071918004,R,CJF_2,2,14,NAR,NA,1.9529563912464565
NAR071918004,R-NAR071918004,R,CJF_2,2,14,NAR,1,0.6407687282090221
NAR071918004,R-NAR071918004,R,CJF_2,2,14,NAR,2,0.7694575136078987
NAR071918004,R-NAR071918004,R,CJF_2,2,14,NAR,3,0.9249774711916031
NAR071918004,R-NAR071918004,R,CJF_2,2,14,NAR,4,1.046163612487557
NAR071918004,R-NAR071918004,R,CJF_2,2,14,NAR,5,1.1407706843194334
NAR071918004,R-NAR071918004,R,CJF_2,2,14,NAR,6,1.2308024135544962
NAR071918004,R-NAR071918004,R,CJF_2,2,14,NAR,7,1.339270937943013
NAR071918004,R-NAR071918004,R,CJF_2,2,14,NAR,8,1.424087694373561
NAR071918004,R-NAR071918004,R,CJF_2,2,14,NAR,9,1.5086523480833585
NAR071918004,R-NAR071918004,R,CJF_2,2,14,NAR,10,1.581643220534922
NAR071918004,R-NAR071918004,R,CJF_2,2,14,NAR,11,1.6546340929864847
NAR071918004,R-NAR071918004,R,CJF_2,2,14,NAR,12,1.7394508494170327
NAR071918004,R-NAR071918004,R,CJF_2,2,14,NAR,13,1.8199443659715182
NAR071918004,R-NAR071918004,R,CJF_2,2,14,NAR,14,1.9111199308557842
NAR071918004,R-NAR071918004,R,CJF_3,3,14,NAR,NA,1.9893528921130275
NAR071918004,R-NAR071918004,R,CJF_3,3,14,NAR,1,0.5636022226078535
NAR071918004,R-NAR071918004,R,CJF_3,3,14,NAR,2,0.7966988817359401
NAR071918004,R-NAR071918004,R,CJF_3,3,14,NAR,3,0.9568489892913954
NAR071918004,R-NAR071918004,R,CJF_3,3,14,NAR,4,1.0979752417731587
NAR071918004,R-NAR071918004,R,CJF_3,3,14,NAR,5,1.1951530058475046
NAR071918004,R-NAR071918004,R,CJF_3,3,14,NAR,6,1.2902940550061084
NAR071918004,R-NAR071918004,R,CJF_3,3,14,NAR,7,1.3831672489716325
NAR071918004,R-NAR071918004,R,CJF_3,3,14,NAR,8,1.477405510811033
NAR071918004,R-NAR071918004,R,CJF_3,3,14,NAR,9,1.5501209221063261
NAR071918004,R-NAR071918004,R,CJF_3,3,14,NAR,10,1.6237391207208214
NAR071918004,R-NAR071918004,R,CJF_3,3,14,NAR,11,1.6964545320161142
NAR071918004,R-NAR071918004,R,CJF_3,3,14,NAR,12,1.7872910110658962
NAR071918004,R-NAR071918004,R,CJF_3,3,14,NAR,13,1.873151272964991
NAR071918004,R-NAR071918004,R,CJF_3,3,14,NAR,14,1.9540135439232529
NAR071918005,R-NAR071918005,R,CJF_1,1,3,NAR,NA,0.9693344580331558
NAR071918005,R-NAR071918005,R,CJF_1,1,3,NAR,1,0.5151108881802717
NAR071918005,R-NAR071918005,R,CJF_1,1,3,NAR,2,0.7237879791693699
NAR071918005,R-NAR071918005,R,CJF_1,1,3,NAR,3,0.9275639713596642
NAR071918005,R-NAR071918005,R,CJF_2,2,2,NAR,NA,0.9284706516643462
NAR071918005,R-NAR071918005,R,CJF_2,2,2,NAR,1,0.5908933372972817
NAR071918005,R-NAR071918005,R,CJF_2,2,2,NAR,2,0.8657285062619381
NAR071918005,R-NAR071918005,R,CJF_3,3,3,NAR,NA,0.9868061320583015
NAR071918005,R-NAR071918005,R,CJF_3,3,3,NAR,1,0.41821708946819874
NAR071918005,R-NAR071918005,R,CJF_3,3,3,NAR,2,0.6777774995788377
NAR071918005,R-NAR071918005,R,CJF_3,3,3,NAR,3,0.9327014147850659
NAR071918006,R-NAR071918006,R,CJF_1,1,4,NAR,NA,1.1417132810656485
NAR071918006,R-NAR071918006,R,CJF_1,1,4,NAR,1,0.42943205468742746
NAR071918006,R-NAR071918006,R,CJF_1,1,4,NAR,2,0.7172324055841053
NAR071918006,R-NAR071918006,R,CJF_1,1,4,NAR,3,0.9067979524902932
NAR071918006,R-NAR071918006,R,CJF_1,1,4,NAR,4,1.0767757262595987
NAR071918006,R-NAR071918006,R,CJF_2,2,4,NAR,NA,1.0760357907458735
NAR071918006,R-NAR071918006,R,CJF_2,2,4,NAR,1,0.319955705688094
NAR071918006,R-NAR071918006,R,CJF_2,2,4,NAR,2,0.6402283624424745
NAR071918006,R-NAR071918006,R,CJF_2,2,4,NAR,3,0.8295686200660635
NAR071918006,R-NAR071918006,R,CJF_2,2,4,NAR,4,1.0092820751581866
NAR071918006,R-NAR071918006,R,CJF_3,3,4,NAR,NA,1.1708299981293964
NAR071918006,R-NAR071918006,R,CJF_3,3,4,NAR,1,0.46055543927293646
NAR071918006,R-NAR071918006,R,CJF_3,3,4,NAR,2,0.7595636746553187
NAR071918006,R-NAR071918006,R,CJF_3,3,4,NAR,3,0.9591008946429216
NAR071918006,R-NAR071918006,R,CJF_3,3,4,NAR,4,1.1234736647140096
NAR071918007,R-NAR071918007,R,CJF_1,1,8,NAR,NA,1.2333929350136719
NAR071918007,R-NAR071918007,R,CJF_1,1,8,NAR,1,0.5057505557514294
NAR071918007,R-NAR071918007,R,CJF_1,1,8,NAR,2,0.6914859845217275
NAR071918007,R-NAR071918007,R,CJF_1,1,8,NAR,3,0.8107969417518254
NAR071918007,R-NAR071918007,R,CJF_1,1,8,NAR,4,0.9014358747317754
NAR071918007,R-NAR071918007,R,CJF_1,1,8,NAR,5,0.984370040662546
NAR071918007,R-NAR071918007,R,CJF_1,1,8,NAR,6,1.0628466437829192
NAR071918007,R-NAR071918007,R,CJF_1,1,8,NAR,7,1.127730161913284
NAR071918007,R-NAR071918007,R,CJF_1,1,8,NAR,8,1.1941546334534852
NAR071918007,R-NAR071918007,R,CJF_2,2,8,NAR,NA,1.1245915359161585
NAR071918007,R-NAR071918007,R,CJF_2,2,8,NAR,1,0.40143446108767217
NAR071918007,R-NAR071918007,R,CJF_2,2,8,NAR,2,0.5788598231020161
NAR071918007,R-NAR071918007,R,CJF_2,2,8,NAR,3,0.6949399948449926
NAR071918007,R-NAR071918007,R,CJF_2,2,8,NAR,4,0.791530177948642
NAR071918007,R-NAR071918007,R,CJF_2,2,8,NAR,5,0.8630907808828742
NAR071918007,R-NAR071918007,R,CJF_2,2,8,NAR,6,0.9362451337241456
NAR071918007,R-NAR071918007,R,CJF_2,2,8,NAR,7,1.0125869863794943
NAR071918007,R-NAR071918007,R,CJF_2,2,8,NAR,8,1.0873350891278042
NAR071918007,R-NAR071918007,R,CJF_3,3,8,NAR,NA,1.191853256568849
NAR071918007,R-NAR071918007,R,CJF_3,3,8,NAR,1,0.48787143514738474
NAR071918007,R-NAR071918007,R,CJF_3,3,8,NAR,2,0.6605151815157224
NAR071918007,R-NAR071918007,R,CJF_3,3,8,NAR,3,0.7719308646501918
NAR071918007,R-NAR071918007,R,CJF_3,3,8,NAR,4,0.8633330897777126
NAR071918007,R-NAR071918007,R,CJF_3,3,8,NAR,5,0.932390588325048
NAR071918007,R-NAR071918007,R,CJF_3,3,8,NAR,6,1.0087057325057434
NAR071918007,R-NAR071918007,R,CJF_3,3,8,NAR,7,1.0851352346224596
NAR071918007,R-NAR071918007,R,CJF_3,3,8,NAR,8,1.1543070911058164
NAR071918008,R-NAR071918008,R,CJF_1,1,13,NAR,NA,1.6748079023330795
NAR071918008,R-NAR071918008,R,CJF_1,1,13,NAR,1,0.5035099994082485
NAR071918008,R-NAR071918008,R,CJF_1,1,13,NAR,2,0.665435873309663
NAR071918008,R-NAR071918008,R,CJF_1,1,13,NAR,3,0.7861090674378763
NAR071918008,R-NAR071918008,R,CJF_1,1,13,NAR,4,0.9091342917730106
NAR071918008,R-NAR071918008,R,CJF_1,1,13,NAR,5,1.052213206968366
NAR071918008,R-NAR071918008,R,CJF_1,1,13,NAR,6,1.148097932771814
NAR071918008,R-NAR071918008,R,CJF_1,1,13,NAR,7,1.2459836398153017
NAR071918008,R-NAR071918008,R,CJF_1,1,13,NAR,8,1.3061139953452645
NAR071918008,R-NAR071918008,R,CJF_1,1,13,NAR,9,1.3862980417354485
NAR071918008,R-NAR071918008,R,CJF_1,1,13,NAR,10,1.4397540726622382
NAR071918008,R-NAR071918008,R,CJF_1,1,13,NAR,11,1.4924158545031536
NAR071918008,R-NAR071918008,R,CJF_1,1,13,NAR,12,1.5541347082048655
NAR071918008,R-NAR071918008,R,CJF_1,1,13,NAR,13,1.6288204450953363
NAR071918008,R-NAR071918008,R,CJF_2,2,14,NAR,NA,1.6062013315992651
NAR071918008,R-NAR071918008,R,CJF_2,2,14,NAR,1,0.40796075603683
NAR071918008,R-NAR071918008,R,CJF_2,2,14,NAR,2,0.5906408945419581
NAR071918008,R-NAR071918008,R,CJF_2,2,14,NAR,3,0.7121676222076151
NAR071918008,R-NAR071918008,R,CJF_2,2,14,NAR,4,0.8253845121564747
NAR071918008,R-NAR071918008,R,CJF_2,2,14,NAR,5,0.8999693077607916
NAR071918008,R-NAR071918008,R,CJF_2,2,14,NAR,6,0.9946672232045669
NAR071918008,R-NAR071918008,R,CJF_2,2,14,NAR,7,1.077900967570606
NAR071918008,R-NAR071918008,R,CJF_2,2,14,NAR,8,1.1564201905491427
NAR071918008,R-NAR071918008,R,CJF_2,2,14,NAR,9,1.210857909006189
NAR071918008,R-NAR071918008,R,CJF_2,2,14,NAR,10,1.2960928243671492
NAR071918008,R-NAR071918008,R,CJF_2,2,14,NAR,11,1.3536848761851341
NAR071918008,R-NAR071918008,R,CJF_2,2,14,NAR,12,1.3903837141503788
NAR071918008,R-NAR071918008,R,CJF_2,2,14,NAR,13,1.4700900568027437
NAR071918008,R-NAR071918008,R,CJF_2,2,14,NAR,14,1.5588523738773774
NAR071918008,R-NAR071918008,R,CJF_3,3,14,NAR,NA,1.6760318503129037
NAR071918008,R-NAR071918008,R,CJF_3,3,14,NAR,1,0.4740406801466734
NAR071918008,R-NAR071918008,R,CJF_3,3,14,NAR,2,0.6428024356544331
NAR071918008,R-NAR071918008,R,CJF_3,3,14,NAR,3,0.7738554538171801
NAR071918008,R-NAR071918008,R,CJF_3,3,14,NAR,4,0.882770124037208
NAR071918008,R-NAR071918008,R,CJF_3,3,14,NAR,5,0.9722785217987212
NAR071918008,R-NAR071918008,R,CJF_3,3,14,NAR,6,1.06298464182195
NAR071918008,R-NAR071918008,R,CJF_3,3,14,NAR,7,1.1374471105213364
NAR071918008,R-NAR071918008,R,CJF_3,3,14,NAR,8,1.2166065535778856
NAR071918008,R-NAR071918008,R,CJF_3,3,14,NAR,9,1.291069022277273
NAR071918008,R-NAR071918008,R,CJF_3,3,14,NAR,10,1.3560436275726375
NAR071918008,R-NAR071918008,R,CJF_3,3,14,NAR,11,1.410669278163038
NAR071918008,R-NAR071918008,R,CJF_3,3,14,NAR,12,1.4613651310075204
NAR071918008,R-NAR071918008,R,CJF_3,3,14,NAR,13,1.5318978019609892
NAR071918008,R-NAR071918008,R,CJF_3,3,14,NAR,14,1.624568820857177
NAR071918009,R-NAR071918009,R,CJF_1,1,2,NAR,NA,0.80140040352169994
NAR071918009,R-NAR071918009,R,CJF_1,1,2,NAR,1,0.48129543339329056
NAR071918009,R-NAR071918009,R,CJF_1,1,2,NAR,2,0.7142468597109557
NAR071918009,R-NAR071918009,R,CJF_2,2,2,NAR,NA,0.8341644394237931
NAR071918009,R-NAR071918009,R,CJF_2,2,2,NAR,1,0.4884250490621048
NAR071918009,R-NAR071918009,R,CJF_2,2,2,NAR,2,0.7468734742062415
NAR071918009,R-NAR071918009,R,CJF_3,3,2,NAR,NA,0.8502346389042396
NAR071918009,R-NAR071918009,R,CJF_3,3,2,NAR,1,0.48534719626482037
NAR071918009,R-NAR071918009,R,CJF_3,3,2,NAR,2,0.7337189831705132
NAR071918010,R-NAR071918010,R,CJF_1,1,8,NAR,NA,1.3408992490461749
NAR071918010,R-NAR071918010,R,CJF_1,1,8,NAR,1,0.46183247057019966
NAR071918010,R-NAR071918010,R,CJF_1,1,8,NAR,2,0.6688351319540605
NAR071918010,R-NAR071918010,R,CJF_1,1,8,NAR,3,0.7784881850704766
NAR071918010,R-NAR071918010,R,CJF_1,1,8,NAR,4,0.9129000352019149
NAR071918010,R-NAR071918010,R,CJF_1,1,8,NAR,5,1.0059427078069814
NAR071918010,R-NAR071918010,R,CJF_1,1,8,NAR,6,1.102523046619183
NAR071918010,R-NAR071918010,R,CJF_1,1,8,NAR,7,1.1971042581347362
NAR071918010,R-NAR071918010,R,CJF_1,1,8,NAR,8,1.304758183954504
NAR071918010,R-NAR071918010,R,CJF_2,2,8,NAR,NA,1.285220442497906
NAR071918010,R-NAR071918010,R,CJF_2,2,8,NAR,1,0.44788249758671134
NAR071918010,R-NAR071918010,R,CJF_2,2,8,NAR,2,0.6369327893615111
NAR071918010,R-NAR071918010,R,CJF_2,2,8,NAR,3,0.7381309652359064
NAR071918010,R-NAR071918010,R,CJF_2,2,8,NAR,4,0.8609586543576905
NAR071918010,R-NAR071918010,R,CJF_2,2,8,NAR,5,0.9582590540366936
NAR071918010,R-NAR071918010,R,CJF_2,2,8,NAR,6,1.0518309099259509
NAR071918010,R-NAR071918010,R,CJF_2,2,8,NAR,7,1.1548510495938071
NAR071918010,R-NAR071918010,R,CJF_2,2,8,NAR,8,1.2247175798337442
NAR071918010,R-NAR071918010,R,CJF_3,3,8,NAR,NA,1.279088705153597
NAR071918010,R-NAR071918010,R,CJF_3,3,8,NAR,1,0.42032322267289984
NAR071918010,R-NAR071918010,R,CJF_3,3,8,NAR,2,0.6205095442651993
NAR071918010,R-NAR071918010,R,CJF_3,3,8,NAR,3,0.719686933884648
NAR071918010,R-NAR071918010,R,CJF_3,3,8,NAR,4,0.8587654824806972
NAR071918010,R-NAR071918010,R,CJF_3,3,8,NAR,5,0.9594866605425217
NAR071918010,R-NAR071918010,R,CJF_3,3,8,NAR,6,1.0545168251450026
NAR071918010,R-NAR071918010,R,CJF_3,3,8,NAR,7,1.1439609951753809
NAR071918010,R-NAR071918010,R,CJF_3,3,8,NAR,8,1.2347525672490018
NAR071918011,R-NAR071918011,R,CJF_1,1,20,NAR,NA,1.737410106488369
NAR071918011,R-NAR071918011,R,CJF_1,1,20,NAR,1,0.2998209980311056
NAR071918011,R-NAR071918011,R,CJF_1,1,20,NAR,2,0.4455231548535622
NAR071918011,R-NAR071918011,R,CJF_1,1,20,NAR,3,0.5756842016777435
NAR071918011,R-NAR071918011,R,CJF_1,1,20,NAR,4,0.6637521109398281
NAR071918011,R-NAR071918011,R,CJF_1,1,20,NAR,5,0.7632600714203048
NAR071918011,R-NAR071918011,R,CJF_1,1,20,NAR,6,0.8316858119042296
NAR071918011,R-NAR071918011,R,CJF_1,1,20,NAR,7,0.9139264121439077
NAR071918011,R-NAR071918011,R,CJF_1,1,20,NAR,8,0.9864532114077166
NAR071918011,R-NAR071918011,R,CJF_1,1,20,NAR,9,1.0417126504307275
NAR071918011,R-NAR071918011,R,CJF_1,1,20,NAR,10,1.0889845387203927
NAR071918011,R-NAR071918011,R,CJF_1,1,20,NAR,11,1.1476964782284496
NAR071918011,R-NAR071918011,R,CJF_1,1,20,NAR,12,1.1859031238370843
NAR071918011,R-NAR071918011,R,CJF_1,1,20,NAR,13,1.2282108282256037
NAR071918011,R-NAR071918011,R,CJF_1,1,20,NAR,14,1.2748341582204314
NAR071918011,R-NAR071918011,R,CJF_1,1,20,NAR,15,1.343259898704357
NAR071918011,R-NAR071918011,R,CJF_1,1,20,NAR,16,1.4181615065055264
NAR071918011,R-NAR071918011,R,CJF_1,1,20,NAR,17,1.4865872469894512
NAR071918011,R-NAR071918011,R,CJF_1,1,20,NAR,18,1.5485371201561307
NAR071918011,R-NAR071918011,R,CJF_1,1,20,NAR,19,1.6281883450320236
NAR071918011,R-NAR071918011,R,CJF_1,1,20,NAR,20,1.7007151442958333
NAR071918011,R-NAR071918011,R,CJF_2,2,19,NAR,NA,1.834393617436595
NAR071918011,R-NAR071918011,R,CJF_2,2,19,NAR,1,0.386417114058278
NAR071918011,R-NAR071918011,R,CJF_2,2,19,NAR,2,0.5665150173162833
NAR071918011,R-NAR071918011,R,CJF_2,2,19,NAR,3,0.6873174220887922
NAR071918011,R-NAR071918011,R,CJF_2,2,19,NAR,4,0.7774757037160015
NAR071918011,R-NAR071918011,R,CJF_2,2,19,NAR,5,0.8590070141335588
NAR071918011,R-NAR071918011,R,CJF_2,2,19,NAR,6,0.9311336394353269
NAR071918011,R-NAR071918011,R,CJF_2,2,19,NAR,7,1.0018265708417164
NAR071918011,R-NAR071918011,R,CJF_2,2,19,NAR,8,1.0685340066378999
NAR071918011,R-NAR071918011,R,CJF_2,2,19,NAR,9,1.1322523207264283
NAR071918011,R-NAR071918011,R,CJF_2,2,19,NAR,10,1.1851322558037887
NAR071918011,R-NAR071918011,R,CJF_2,2,19,NAR,11,1.234026695270944
NAR071918011,R-NAR071918011,R,CJF_2,2,19,NAR,12,1.276286911333551
NAR071918011,R-NAR071918011,R,CJF_2,2,19,NAR,13,1.3442093810286984
NAR071918011,R-NAR071918011,R,CJF_2,2,19,NAR,14,1.4467614694793527
NAR071918011,R-NAR071918011,R,CJF_2,2,19,NAR,15,1.5164580269831898
NAR071918011,R-NAR071918011,R,CJF_2,2,19,NAR,16,1.5631410586488286
NAR071918011,R-NAR071918011,R,CJF_2,2,19,NAR,17,1.6246479649358407
NAR071918011,R-NAR071918011,R,CJF_2,2,19,NAR,18,1.7019751197467794
NAR071918011,R-NAR071918011,R,CJF_2,2,19,NAR,19,1.775098118951098
NAR071918011,R-NAR071918011,R,CJF_3,3,19,NAR,NA,1.7329680764702529
NAR071918011,R-NAR071918011,R,CJF_3,3,19,NAR,1,0.30775945875705496
NAR071918011,R-NAR071918011,R,CJF_3,3,19,NAR,2,0.4493343968195106
NAR071918011,R-NAR071918011,R,CJF_3,3,19,NAR,3,0.5593451277460354
NAR071918011,R-NAR071918011,R,CJF_3,3,19,NAR,4,0.6463899041509602
NAR071918011,R-NAR071918011,R,CJF_3,3,19,NAR,5,0.7499379652854682
NAR071918011,R-NAR071918011,R,CJF_3,3,19,NAR,6,0.8285298335382949
NAR071918011,R-NAR071918011,R,CJF_3,3,19,NAR,7,0.898870059426329
NAR071918011,R-NAR071918011,R,CJF_3,3,19,NAR,8,0.9600641566631848
NAR071918011,R-NAR071918011,R,CJF_3,3,19,NAR,9,1.0309522585880664
NAR071918011,R-NAR071918011,R,CJF_3,3,19,NAR,10,1.0824523511368966
NAR071918011,R-NAR071918011,R,CJF_3,3,19,NAR,11,1.13862614090497
NAR071918011,R-NAR071918011,R,CJF_3,3,19,NAR,12,1.1818745910890092
NAR071918011,R-NAR071918011,R,CJF_3,3,19,NAR,13,1.2439631746122526
NAR071918011,R-NAR071918011,R,CJF_3,3,19,NAR,14,1.323997405188312
NAR071918011,R-NAR071918011,R,CJF_3,3,19,NAR,15,1.391106296180338
NAR071918011,R-NAR071918011,R,CJF_3,3,19,NAR,16,1.4767087102620293
NAR071918011,R-NAR071918011,R,CJF_3,3,19,NAR,17,1.5411341423948932
NAR071918011,R-NAR071918011,R,CJF_3,3,19,NAR,18,1.6161480655021718
NAR071918011,R-NAR071918011,R,CJF_3,3,19,NAR,19,1.6985191446878534
NAR071918012,R-NAR071918012,R,CJF_1,1,2,NAR,NA,0.9722829329326983
NAR071918012,R-NAR071918012,R,CJF_1,1,2,NAR,1,0.5559955889817672
NAR071918012,R-NAR071918012,R,CJF_1,1,2,NAR,2,0.9151334408199003
NAR071918012,R-NAR071918012,R,CJF_2,2,2,NAR,NA,1.0258485182621981
NAR071918012,R-NAR071918012,R,CJF_2,2,2,NAR,1,0.5905564310427003
NAR071918012,R-NAR071918012,R,CJF_2,2,2,NAR,2,0.940777762207335
NAR071918012,R-NAR071918012,R,CJF_3,3,2,NAR,NA,1.020859322373316
NAR071918012,R-NAR071918012,R,CJF_3,3,2,NAR,1,0.5693977020331906
NAR071918012,R-NAR071918012,R,CJF_3,3,2,NAR,2,0.9171915531734727
NAR071918013,R-NAR071918013,R,CJF_1,1,6,NAR,NA,1.2334139995836524
NAR071918013,R-NAR071918013,R,CJF_1,1,6,NAR,1,0.26987830512023303
NAR071918013,R-NAR071918013,R,CJF_1,1,6,NAR,2,0.5849877813267101
NAR071918013,R-NAR071918013,R,CJF_1,1,6,NAR,3,0.7614231783692953
NAR071918013,R-NAR071918013,R,CJF_1,1,6,NAR,4,0.9261423377117086
NAR071918013,R-NAR071918013,R,CJF_1,1,6,NAR,5,1.0317504122197674
NAR071918013,R-NAR071918013,R,CJF_1,1,6,NAR,6,1.1521362579364145
NAR071918013,R-NAR071918013,R,CJF_2,2,6,NAR,NA,1.2233843910943598
NAR071918013,R-NAR071918013,R,CJF_2,2,6,NAR,1,0.27008058855413464
NAR071918013,R-NAR071918013,R,CJF_2,2,6,NAR,2,0.565317518480138
NAR071918013,R-NAR071918013,R,CJF_2,2,6,NAR,3,0.7707337263575912
NAR071918013,R-NAR071918013,R,CJF_2,2,6,NAR,4,0.8952785883999724
NAR071918013,R-NAR071918013,R,CJF_2,2,6,NAR,5,1.0395774700947602
NAR071918013,R-NAR071918013,R,CJF_2,2,6,NAR,6,1.1422855740334867
NAR071918013,R-NAR071918013,R,CJF_3,3,6,NAR,NA,1.2171393973730993
NAR071918013,R-NAR071918013,R,CJF_3,3,6,NAR,1,0.24437584250688507
NAR071918013,R-NAR071918013,R,CJF_3,3,6,NAR,2,0.5722846009445661
NAR071918013,R-NAR071918013,R,CJF_3,3,6,NAR,3,0.7692622918382017
NAR071918013,R-NAR071918013,R,CJF_3,3,6,NAR,4,0.8924873639725619
NAR071918013,R-NAR071918013,R,CJF_3,3,6,NAR,5,1.0231177646677367
NAR071918013,R-NAR071918013,R,CJF_3,3,6,NAR,6,1.1463428368020967
NAR071918014,R-NAR071918014,R,CJF_1,1,8,NAR,NA,1.2364125132052095
NAR071918014,R-NAR071918014,R,CJF_1,1,8,NAR,1,0.41881752440617187
NAR071918014,R-NAR071918014,R,CJF_1,1,8,NAR,2,0.633232796459776
NAR071918014,R-NAR071918014,R,CJF_1,1,8,NAR,3,0.7448033679859044
NAR071918014,R-NAR071918014,R,CJF_1,1,8,NAR,4,0.8358954828571079
NAR071918014,R-NAR071918014,R,CJF_1,1,8,NAR,5,0.93134352292202
NAR071918014,R-NAR071918014,R,CJF_1,1,8,NAR,6,1.037242979329586
NAR071918014,R-NAR071918014,R,CJF_1,1,8,NAR,7,1.1252803383206988
NAR071918014,R-NAR071918014,R,CJF_1,1,8,NAR,8,1.1958799759257432
NAR071918014,R-NAR071918014,R,CJF_2,2,8,NAR,NA,1.2955291294388331
NAR071918014,R-NAR071918014,R,CJF_2,2,8,NAR,1,0.4621506989599044
NAR071918014,R-NAR071918014,R,CJF_2,2,8,NAR,2,0.6758374760057835
NAR071918014,R-NAR071918014,R,CJF_2,2,8,NAR,3,0.8003913571522346
NAR071918014,R-NAR071918014,R,CJF_2,2,8,NAR,4,0.8964796820252922
NAR071918014,R-NAR071918014,R,CJF_2,2,8,NAR,5,0.9744965730863144
NAR071918014,R-NAR071918014,R,CJF_2,2,8,NAR,6,1.0808375708255535
NAR071918014,R-NAR071918014,R,CJF_2,2,8,NAR,7,1.1795792992122875
NAR071918014,R-NAR071918014,R,CJF_2,2,8,NAR,8,1.248489748569704
NAR071918014,R-NAR071918014,R,CJF_3,3,8,NAR,NA,1.2181028103237808
NAR071918014,R-NAR071918014,R,CJF_3,3,8,NAR,1,0.3929696357871756
NAR071918014,R-NAR071918014,R,CJF_3,3,8,NAR,2,0.5902618977241143
NAR071918014,R-NAR071918014,R,CJF_3,3,8,NAR,3,0.7191478232178068
NAR071918014,R-NAR071918014,R,CJF_3,3,8,NAR,4,0.8214635643614412
NAR071918014,R-NAR071918014,R,CJF_3,3,8,NAR,5,0.9184948072432069
NAR071918014,R-NAR071918014,R,CJF_3,3,8,NAR,6,1.0208105483868415
NAR071918014,R-NAR071918014,R,CJF_3,3,8,NAR,7,1.0913454534389078
NAR071918014,R-NAR071918014,R,CJF_3,3,8,NAR,8,1.166137495708612
NAR071918015,R-NAR071918015,R,CJF_1,1,2,NAR,NA,0.6647773747794754
NAR071918015,R-NAR071918015,R,CJF_1,1,2,NAR,1,0.39284186318897907
NAR071918015,R-NAR071918015,R,CJF_1,1,2,NAR,2,0.5701558984925126
NAR071918015,R-NAR071918015,R,CJF_2,2,2,NAR,NA,0.6977556871390339
NAR071918015,R-NAR071918015,R,CJF_2,2,2,NAR,1,0.4296116326246954
NAR071918015,R-NAR071918015,R,CJF_2,2,2,NAR,2,0.6043130849022936
NAR071918015,R-NAR071918015,R,CJF_3,3,2,NAR,NA,0.6766746810103368
NAR071918015,R-NAR071918015,R,CJF_3,3,2,NAR,1,0.4121087757945488
NAR071918015,R-NAR071918015,R,CJF_3,3,2,NAR,2,0.598178854556389
NAR071918016,R-NAR071918016,R,CJF_1,1,7,NAR,NA,1.2779524679682535
NAR071918016,R-NAR071918016,R,CJF_1,1,7,NAR,1,0.4945411063789885
NAR071918016,R-NAR071918016,R,CJF_1,1,7,NAR,2,0.6926792091934316
NAR071918016,R-NAR071918016,R,CJF_1,1,7,NAR,3,0.8242917059890844
NAR071918016,R-NAR071918016,R,CJF_1,1,7,NAR,4,0.9288202259238358
NAR071918016,R-NAR071918016,R,CJF_1,1,7,NAR,5,1.0344482889558932
NAR071918016,R-NAR071918016,R,CJF_1,1,7,NAR,6,1.1206947095536288
NAR071918016,R-NAR071918016,R,CJF_1,1,7,NAR,7,1.213035163263703
NAR071918016,R-NAR071918016,R,CJF_2,2,7,NAR,NA,1.2806719999686451
NAR071918016,R-NAR071918016,R,CJF_2,2,7,NAR,1,0.49709909247624934
NAR071918016,R-NAR071918016,R,CJF_2,2,7,NAR,2,0.688489151487717
NAR071918016,R-NAR071918016,R,CJF_2,2,7,NAR,3,0.8316066980164618
NAR071918016,R-NAR071918016,R,CJF_2,2,7,NAR,4,0.937078484718951
NAR071918016,R-NAR071918016,R,CJF_2,2,7,NAR,5,1.0364664736197131
NAR071918016,R-NAR071918016,R,CJF_2,2,7,NAR,6,1.1253868578364457
NAR071918016,R-NAR071918016,R,CJF_2,2,7,NAR,7,1.2323199134997027
NAR071918016,R-NAR071918016,R,CJF_3,3,7,NAR,NA,1.224439573882298
NAR071918016,R-NAR071918016,R,CJF_3,3,7,NAR,1,0.4599961842428643
NAR071918016,R-NAR071918016,R,CJF_3,3,7,NAR,2,0.6362601791768419
NAR071918016,R-NAR071918016,R,CJF_3,3,7,NAR,3,0.7780313620924564
NAR071918016,R-NAR071918016,R,CJF_3,3,7,NAR,4,0.8804640363759335
NAR071918016,R-NAR071918016,R,CJF_3,3,7,NAR,5,0.9800458932055474
NAR071918016,R-NAR071918016,R,CJF_3,3,7,NAR,6,1.0765871091036385
NAR071918016,R-NAR071918016,R,CJF_3,3,7,NAR,7,1.1686622753432752
NAR071918017,R-NAR071918017,R,CJF_1,1,2,NAR,NA,0.7043355659645126
NAR071918017,R-NAR071918017,R,CJF_1,1,2,NAR,1,0.4761137907713463
NAR071918017,R-NAR071918017,R,CJF_1,1,2,NAR,2,0.6534859280162146
NAR071918017,R-NAR071918017,R,CJF_2,2,2,NAR,NA,0.7083243819816369
NAR071918017,R-NAR071918017,R,CJF_2,2,2,NAR,1,0.46280890628657806
NAR071918017,R-NAR071918017,R,CJF_2,2,2,NAR,2,0.6417339647359761
NAR071918017,R-NAR071918017,R,CJF_3,3,2,NAR,NA,0.7253648345058927
NAR071918017,R-NAR071918017,R,CJF_3,3,2,NAR,1,0.4758729151461094
NAR071918017,R-NAR071918017,R,CJF_3,3,2,NAR,2,0.6685695783077049
NAR071918018,R-NAR071918018,R,CJF_1,1,10,NAR,NA,1.394696542224623
NAR071918018,R-NAR071918018,R,CJF_1,1,10,NAR,1,0.337454455398911
NAR071918018,R-NAR071918018,R,CJF_1,1,10,NAR,2,0.5607617129432548
NAR071918018,R-NAR071918018,R,CJF_1,1,10,NAR,3,0.7337502375746795
NAR071918018,R-NAR071918018,R,CJF_1,1,10,NAR,4,0.8400999924413626
NAR071918018,R-NAR071918018,R,CJF_1,1,10,NAR,5,0.9539749135390261
NAR071918018,R-NAR071918018,R,CJF_1,1,10,NAR,6,1.0250562679547506
NAR071918018,R-NAR071918018,R,CJF_1,1,10,NAR,7,1.0937801916665317
NAR071918018,R-NAR071918018,R,CJF_1,1,10,NAR,8,1.177917023278301
NAR071918018,R-NAR071918018,R,CJF_1,1,10,NAR,9,1.2671312917359836
NAR071918018,R-NAR071918018,R,CJF_1,1,10,NAR,10,1.3481855417677557
NAR071918018,R-NAR071918018,R,CJF_2,2,10,NAR,NA,1.4434421544983136
NAR071918018,R-NAR071918018,R,CJF_2,2,10,NAR,1,0.35321298075993107
NAR071918018,R-NAR071918018,R,CJF_2,2,10,NAR,2,0.591470064374763
NAR071918018,R-NAR071918018,R,CJF_2,2,10,NAR,3,0.7763507557203777
NAR071918018,R-NAR071918018,R,CJF_2,2,10,NAR,4,0.8864930290368124
NAR071918018,R-NAR071918018,R,CJF_2,2,10,NAR,5,0.9829351705232764
NAR071918018,R-NAR071918018,R,CJF_2,2,10,NAR,6,1.0578943176459548
NAR071918018,R-NAR071918018,R,CJF_2,2,10,NAR,7,1.1304466528543011
NAR071918018,R-NAR071918018,R,CJF_2,2,10,NAR,8,1.2158162035186253
NAR071918018,R-NAR071918018,R,CJF_2,2,10,NAR,9,1.2954892139802925
NAR071918018,R-NAR071918018,R,CJF_2,2,10,NAR,10,1.3862348152640998
NAR071918018,R-NAR071918018,R,CJF_3,3,10,NAR,NA,1.428771619069103
NAR071918018,R-NAR071918018,R,CJF_3,3,10,NAR,1,0.34501521645954347
NAR071918018,R-NAR071918018,R,CJF_3,3,10,NAR,2,0.5861652328486611
NAR071918018,R-NAR071918018,R,CJF_3,3,10,NAR,3,0.7625443499815079
NAR071918018,R-NAR071918018,R,CJF_3,3,10,NAR,4,0.8801520834733652
NAR071918018,R-NAR071918018,R,CJF_3,3,10,NAR,5,0.9841472159635493
NAR071918018,R-NAR071918018,R,CJF_3,3,10,NAR,6,1.047499444078349
NAR071918018,R-NAR071918018,R,CJF_3,3,10,NAR,7,1.1349796670740369
NAR071918018,R-NAR071918018,R,CJF_3,3,10,NAR,8,1.2146519060536947
NAR071918018,R-NAR071918018,R,CJF_3,3,10,NAR,9,1.2825200124324263
NAR071918018,R-NAR071918018,R,CJF_3,3,10,NAR,10,1.3700002354281144
NAR071918020,R-NAR071918020,R,CJF_1,1,5,NAR,NA,1.12191206959278
NAR071918020,R-NAR071918020,R,CJF_1,1,5,NAR,1,0.38980335475117783
NAR071918020,R-NAR071918020,R,CJF_1,1,5,NAR,2,0.6108892909938597
NAR071918020,R-NAR071918020,R,CJF_1,1,5,NAR,3,0.7465256073261631
NAR071918020,R-NAR071918020,R,CJF_1,1,5,NAR,4,0.8455350614598558
NAR071918020,R-NAR071918020,R,CJF_1,1,5,NAR,5,0.9668518236754681
NAR071918020,R-NAR071918020,R,CJF_2,2,6,NAR,NA,1.1278888027401528
NAR071918020,R-NAR071918020,R,CJF_2,2,6,NAR,1,0.4059747460442564
NAR071918020,R-NAR071918020,R,CJF_2,2,6,NAR,2,0.6129267811728781
NAR071918020,R-NAR071918020,R,CJF_2,2,6,NAR,3,0.7649384179032047
NAR071918020,R-NAR071918020,R,CJF_2,2,6,NAR,4,0.8589164645308082
NAR071918020,R-NAR071918020,R,CJF_2,2,6,NAR,5,0.982608482531427
NAR071918020,R-NAR071918020,R,CJF_2,2,6,NAR,6,1.0866073823369775
NAR071918020,R-NAR071918020,R,CJF_3,3,6,NAR,NA,1.125023868090395
NAR071918020,R-NAR071918020,R,CJF_3,3,6,NAR,1,0.38127361553614064
NAR071918020,R-NAR071918020,R,CJF_3,3,6,NAR,2,0.6445624926173801
NAR071918020,R-NAR071918020,R,CJF_3,3,6,NAR,3,0.7703639124451471
NAR071918020,R-NAR071918020,R,CJF_3,3,6,NAR,4,0.8681729862781481
NAR071918020,R-NAR071918020,R,CJF_3,3,6,NAR,5,0.9907164238378254
NAR071918020,R-NAR071918020,R,CJF_3,3,6,NAR,6,1.0820875024018337
NAR071918021,R-NAR071918021,R,CJF_1,1,10,NAR,NA,1.651448934159163
NAR071918021,R-NAR071918021,R,CJF_1,1,10,NAR,1,0.39735014973823385
NAR071918021,R-NAR071918021,R,CJF_1,1,10,NAR,2,0.6934198169859882
NAR071918021,R-NAR071918021,R,CJF_1,1,10,NAR,3,0.8738922522699877
NAR071918021,R-NAR071918021,R,CJF_1,1,10,NAR,4,1.032739619780572
NAR071918021,R-NAR071918021,R,CJF_1,1,10,NAR,5,1.1531181890574498
NAR071918021,R-NAR071918021,R,CJF_1,1,10,NAR,6,1.2663247523646444
NAR071918021,R-NAR071918021,R,CJF_1,1,10,NAR,7,1.3866760591754312
NAR071918021,R-NAR071918021,R,CJF_1,1,10,NAR,8,1.4540509810165998
NAR071918021,R-NAR071918021,R,CJF_1,1,10,NAR,9,1.5142538968880837
NAR071918021,R-NAR071918021,R,CJF_1,1,10,NAR,10,1.5768202189500387
NAR071918021,R-NAR071918021,R,CJF_2,2,10,NAR,NA,1.5788239763304823
NAR071918021,R-NAR071918021,R,CJF_2,2,10,NAR,1,0.3538177761529744
NAR071918021,R-NAR071918021,R,CJF_2,2,10,NAR,2,0.6626258846226206
NAR071918021,R-NAR071918021,R,CJF_2,2,10,NAR,3,0.8176490643224673
NAR071918021,R-NAR071918021,R,CJF_2,2,10,NAR,4,0.9743460154835152
NAR071918021,R-NAR071918021,R,CJF_2,2,10,NAR,5,1.102909078064841
NAR071918021,R-NAR071918021,R,CJF_2,2,10,NAR,6,1.198546083058987
NAR071918021,R-NAR071918021,R,CJF_2,2,10,NAR,7,1.3169056821603737
NAR071918021,R-NAR071918021,R,CJF_2,2,10,NAR,8,1.40233922367458
NAR071918021,R-NAR071918021,R,CJF_2,2,10,NAR,9,1.478188427173871
NAR071918021,R-NAR071918021,R,CJF_2,2,10,NAR,10,1.5406929994258296
NAR071918021,R-NAR071918021,R,CJF_3,3,10,NAR,NA,1.6891129481310556
NAR071918021,R-NAR071918021,R,CJF_3,3,10,NAR,1,0.40425320772388823
NAR071918021,R-NAR071918021,R,CJF_3,3,10,NAR,2,0.7315185843222338
NAR071918021,R-NAR071918021,R,CJF_3,3,10,NAR,3,0.9287732611917383
NAR071918021,R-NAR071918021,R,CJF_3,3,10,NAR,4,1.0683699459294766
NAR071918021,R-NAR071918021,R,CJF_3,3,10,NAR,5,1.1910806486184577
NAR071918021,R-NAR071918021,R,CJF_3,3,10,NAR,6,1.2993334393061027
NAR071918021,R-NAR071918021,R,CJF_3,3,10,NAR,7,1.4100143000411678
NAR071918021,R-NAR071918021,R,CJF_3,3,10,NAR,8,1.4942231937185793
NAR071918021,R-NAR071918021,R,CJF_3,3,10,NAR,9,1.5784636611911869
NAR071918021,R-NAR071918021,R,CJF_3,3,10,NAR,10,1.6362005878109436
NAR071918022,R-NAR071918022,R,CJF_1,1,12,NAR,NA,1.5260643600285952
NAR071918022,R-NAR071918022,R,CJF_1,1,12,NAR,1,0.4929874532785618
NAR071918022,R-NAR071918022,R,CJF_1,1,12,NAR,2,0.6360696074091554
NAR071918022,R-NAR071918022,R,CJF_1,1,12,NAR,3,0.7801068533886164
NAR071918022,R-NAR071918022,R,CJF_1,1,12,NAR,4,0.9101023239290746
NAR071918022,R-NAR071918022,R,CJF_1,1,12,NAR,5,1.0278321725824
NAR071918022,R-NAR071918022,R,CJF_1,1,12,NAR,6,1.1349385227545954
NAR071918022,R-NAR071918022,R,CJF_1,1,12,NAR,7,1.2041085816127655
NAR071918022,R-NAR071918022,R,CJF_1,1,12,NAR,8,1.2534894331109214
NAR071918022,R-NAR071918022,R,CJF_1,1,12,NAR,9,1.3040097102617016
NAR071918022,R-NAR071918022,R,CJF_1,1,12,NAR,10,1.3609141472327388
NAR071918022,R-NAR071918022,R,CJF_1,1,12,NAR,11,1.42648159532928
NAR071918022,R-NAR071918022,R,CJF_1,1,12,NAR,12,1.4892674943671937
NAR071918022,R-NAR071918022,R,CJF_2,2,13,NAR,NA,1.5490497214798038
NAR071918022,R-NAR071918022,R,CJF_2,2,13,NAR,1,0.5027304444482136
NAR071918022,R-NAR071918022,R,CJF_2,2,13,NAR,2,0.6768107423824188
NAR071918022,R-NAR071918022,R,CJF_2,2,13,NAR,3,0.8052226090364318
NAR071918022,R-NAR071918022,R,CJF_2,2,13,NAR,4,0.9468216264429055
NAR071918022,R-NAR071918022,R,CJF_2,2,13,NAR,5,1.0863128776487323
NAR071918022,R-NAR071918022,R,CJF_2,2,13,NAR,6,1.1651110573955465
NAR071918022,R-NAR071918022,R,CJF_2,2,13,NAR,7,1.2153192550464784
NAR071918022,R-NAR071918022,R,CJF_2,2,13,NAR,8,1.2814708375894095
NAR071918022,R-NAR071918022,R,CJF_2,2,13,NAR,9,1.325950247382134
NAR071918022,R-NAR071918022,R,CJF_2,2,13,NAR,10,1.3659438479992758
NAR071918022,R-NAR071918022,R,CJF_2,2,13,NAR,11,1.414638790193294
NAR071918022,R-NAR071918022,R,CJF_2,2,13,NAR,12,1.4567401570110832
NAR071918022,R-NAR071918022,R,CJF_2,2,13,NAR,13,1.503057056230166
NAR071918022,R-NAR071918022,R,CJF_3,3,12,NAR,NA,1.5870569526850944
NAR071918022,R-NAR071918022,R,CJF_3,3,12,NAR,1,0.5394603220902731
NAR071918022,R-NAR071918022,R,CJF_3,3,12,NAR,2,0.7141805191865263
NAR071918022,R-NAR071918022,R,CJF_3,3,12,NAR,3,0.8347604319843697
NAR071918022,R-NAR071918022,R,CJF_3,3,12,NAR,4,0.9820148795676718
NAR071918022,R-NAR071918022,R,CJF_3,3,12,NAR,5,1.1282469773692136
NAR071918022,R-NAR071918022,R,CJF_3,3,12,NAR,6,1.2032921583063712
NAR071918022,R-NAR071918022,R,CJF_3,3,12,NAR,7,1.2706874738427727
NAR071918022,R-NAR071918022,R,CJF_3,3,12,NAR,8,1.3294772369414494
NAR071918022,R-NAR071918022,R,CJF_3,3,12,NAR,9,1.3924542087318534
NAR071918022,R-NAR071918022,R,CJF_3,3,12,NAR,10,1.4442208488477886
NAR071918022,R-NAR071918022,R,CJF_3,3,12,NAR,11,1.4989878755642136
NAR071918022,R-NAR071918022,R,CJF_3,3,12,NAR,12,1.5607780252633812
NAR071918023,R-NAR071918023,R,CJF_1,1,14,NAR,NA,1.4742913135349132
NAR071918023,R-NAR071918023,R,CJF_1,1,14,NAR,1,0.4970502720833563
NAR071918023,R-NAR071918023,R,CJF_1,1,14,NAR,2,0.6329553537146717
NAR071918023,R-NAR071918023,R,CJF_1,1,14,NAR,3,0.7399216785517881
NAR071918023,R-NAR071918023,R,CJF_1,1,14,NAR,4,0.8028367057538156
NAR071918023,R-NAR071918023,R,CJF_1,1,14,NAR,5,0.8806070088192169
NAR071918023,R-NAR071918023,R,CJF_1,1,14,NAR,6,0.951078306441689
NAR071918023,R-NAR071918023,R,CJF_1,1,14,NAR,7,1.0137360686662005
NAR071918023,R-NAR071918023,R,CJF_1,1,14,NAR,8,1.0743896040389291
NAR071918023,R-NAR071918023,R,CJF_1,1,14,NAR,9,1.132524382604843
NAR071918023,R-NAR071918023,R,CJF_1,1,14,NAR,10,1.1808413989210131
NAR071918023,R-NAR071918023,R,CJF_1,1,14,NAR,11,1.2296729451922155
NAR071918023,R-NAR071918023,R,CJF_1,1,14,NAR,12,1.2903264805649441
NAR071918023,R-NAR071918023,R,CJF_1,1,14,NAR,13,1.3703582754596444
NAR071918023,R-NAR071918023,R,CJF_1,1,14,NAR,14,1.433016037684156
NAR071918023,R-NAR071918023,R,CJF_2,2,12,NAR,NA,1.556036488798198
NAR071918023,R-NAR071918023,R,CJF_2,2,12,NAR,1,0.5432766732726385
NAR071918023,R-NAR071918023,R,CJF_2,2,12,NAR,2,0.6852916913183758
NAR071918023,R-NAR071918023,R,CJF_2,2,12,NAR,3,0.7990623485682163
NAR071918023,R-NAR071918023,R,CJF_2,2,12,NAR,4,0.8750629969028982
NAR071918023,R-NAR071918023,R,CJF_2,2,12,NAR,5,0.9545246071231652
NAR071918023,R-NAR071918023,R,CJF_2,2,12,NAR,6,1.032271742268449
NAR071918023,R-NAR071918023,R,CJF_2,2,12,NAR,7,1.1113047337199697
NAR071918023,R-NAR071918023,R,CJF_2,2,12,NAR,8,1.175572616620424
NAR071918023,R-NAR071918023,R,CJF_2,2,12,NAR,9,1.2198679422736245
NAR071918023,R-NAR071918023,R,CJF_2,2,12,NAR,10,1.3193341214767629
NAR071918023,R-NAR071918023,R,CJF_2,2,12,NAR,11,1.3771086993747932
NAR071918023,R-NAR071918023,R,CJF_2,2,12,NAR,12,1.4726532861879826
NAR071918023,R-NAR071918023,R,CJF_3,3,12,NAR,NA,1.500189270667425
NAR071918023,R-NAR071918023,R,CJF_3,3,12,NAR,1,0.5224490931873282
NAR071918023,R-NAR071918023,R,CJF_3,3,12,NAR,2,0.652155101345026
NAR071918023,R-NAR071918023,R,CJF_3,3,12,NAR,3,0.7566449199824916
NAR071918023,R-NAR071918023,R,CJF_3,3,12,NAR,4,0.8474824485201431
NAR071918023,R-NAR071918023,R,CJF_3,3,12,NAR,5,0.9176545509041668
NAR071918023,R-NAR071918023,R,CJF_3,3,12,NAR,6,0.9857975088736091
NAR071918023,R-NAR071918023,R,CJF_3,3,12,NAR,7,1.048404754401563
NAR071918023,R-NAR071918023,R,CJF_3,3,12,NAR,8,1.1140260934189818
NAR071918023,R-NAR071918023,R,CJF_3,3,12,NAR,9,1.1698071938970285
NAR071918023,R-NAR071918023,R,CJF_3,3,12,NAR,10,1.2452687714538195
NAR071918023,R-NAR071918023,R,CJF_3,3,12,NAR,11,1.3474832084079826
NAR071918023,R-NAR071918023,R,CJF_3,3,12,NAR,12,1.4297709310146802
NAR071918024,R-NAR071918024,R,CJF_1,1,14,NAR,NA,1.6802608987707746
NAR071918024,R-NAR071918024,R,CJF_1,1,14,NAR,1,0.44496110184954674
NAR071918024,R-NAR071918024,R,CJF_1,1,14,NAR,2,0.6185662018971574
NAR071918024,R-NAR071918024,R,CJF_1,1,14,NAR,3,0.7389996657082325
NAR071918024,R-NAR071918024,R,CJF_1,1,14,NAR,4,0.8517929280619426
NAR071918024,R-NAR071918024,R,CJF_1,1,14,NAR,5,0.9479492652585273
NAR071918024,R-NAR071918024,R,CJF_1,1,14,NAR,6,1.0374175702591262
NAR071918024,R-NAR071918024,R,CJF_1,1,14,NAR,7,1.1259337059983459
NAR071918024,R-NAR071918024,R,CJF_1,1,14,NAR,8,1.1955042250766623
NAR071918024,R-NAR071918024,R,CJF_1,1,14,NAR,9,1.268811689550825
NAR071918024,R-NAR071918024,R,CJF_1,1,14,NAR,10,1.3427615493213503
NAR071918024,R-NAR071918024,R,CJF_1,1,14,NAR,11,1.4155929291648233
NAR071918024,R-NAR071918024,R,CJF_1,1,14,NAR,12,1.4682884807706686
NAR071918024,R-NAR071918024,R,CJF_1,1,14,NAR,13,1.526553584645447
NAR071918024,R-NAR071918024,R,CJF_1,1,14,NAR,14,1.6032882205504382
NAR071918024,R-NAR071918024,R,CJF_2,2,14,NAR,NA,1.6233610167188803
NAR071918024,R-NAR071918024,R,CJF_2,2,14,NAR,1,0.42948709397138884
NAR071918024,R-NAR071918024,R,CJF_2,2,14,NAR,2,0.5782620123940158
NAR071918024,R-NAR071918024,R,CJF_2,2,14,NAR,3,0.7089090843032342
NAR071918024,R-NAR071918024,R,CJF_2,2,14,NAR,4,0.8398297074456147
NAR071918024,R-NAR071918024,R,CJF_2,2,14,NAR,5,0.9184367915776749
NAR071918024,R-NAR071918024,R,CJF_2,2,14,NAR,6,0.9857139716388555
NAR071918024,R-NAR071918024,R,CJF_2,2,14,NAR,7,1.0852619855648216
NAR071918024,R-NAR071918024,R,CJF_2,2,14,NAR,8,1.1489054286460205
NAR071918024,R-NAR071918024,R,CJF_2,2,14,NAR,9,1.2249729807307441
NAR071918024,R-NAR071918024,R,CJF_2,2,14,NAR,10,1.2914295070924409
NAR071918024,R-NAR071918024,R,CJF_2,2,14,NAR,11,1.3581595846873
NAR071918024,R-NAR071918024,R,CJF_2,2,14,NAR,12,1.4234443351674657
NAR071918024,R-NAR071918024,R,CJF_2,2,14,NAR,13,1.5159208554177424
NAR071918024,R-NAR071918024,R,CJF_2,2,14,NAR,14,1.5772983176847657
NAR071918024,R-NAR071918024,R,CJF_3,3,13,NAR,NA,1.6650848376870289
NAR071918024,R-NAR071918024,R,CJF_3,3,13,NAR,1,0.4322158829713899
NAR071918024,R-NAR071918024,R,CJF_3,3,13,NAR,2,0.6204466725972905
NAR071918024,R-NAR071918024,R,CJF_3,3,13,NAR,3,0.7413874014803863
NAR071918024,R-NAR071918024,R,CJF_3,3,13,NAR,4,0.8585110110431358
NAR071918024,R-NAR071918024,R,CJF_3,3,13,NAR,5,0.9704519698516552
NAR071918024,R-NAR071918024,R,CJF_3,3,13,NAR,6,1.0513392236658872
NAR071918024,R-NAR071918024,R,CJF_3,3,13,NAR,7,1.1364337486387175
NAR071918024,R-NAR071918024,R,CJF_3,3,13,NAR,8,1.2083212323783739
NAR071918024,R-NAR071918024,R,CJF_3,3,13,NAR,9,1.2681299308685245
NAR071918024,R-NAR071918024,R,CJF_3,3,13,NAR,10,1.3762115708256084
NAR071918024,R-NAR071918024,R,CJF_3,3,13,NAR,11,1.4574889764780927
NAR071918024,R-NAR071918024,R,CJF_3,3,13,NAR,12,1.5218950979650945
NAR071918024,R-NAR071918024,R,CJF_3,3,13,NAR,13,1.593197353947372
NAR071918026,R-NAR071918026,R,CJF_1,1,4,NAR,NA,1.1955761771442082
NAR071918026,R-NAR071918026,R,CJF_1,1,4,NAR,1,0.5503461746975569
NAR071918026,R-NAR071918026,R,CJF_1,1,4,NAR,2,0.7254786058078758
NAR071918026,R-NAR071918026,R,CJF_1,1,4,NAR,3,0.9964526911335446
NAR071918026,R-NAR071918026,R,CJF_1,1,4,NAR,4,1.1090903534413334
NAR071918026,R-NAR071918026,R,CJF_2,2,4,NAR,NA,1.1163684414112514
NAR071918026,R-NAR071918026,R,CJF_2,2,4,NAR,1,0.47078595781820487
NAR071918026,R-NAR071918026,R,CJF_2,2,4,NAR,2,0.6666598348372975
NAR071918026,R-NAR071918026,R,CJF_2,2,4,NAR,3,0.9137721944426404
NAR071918026,R-NAR071918026,R,CJF_2,2,4,NAR,4,1.049320082005893
NAR071918026,R-NAR071918026,R,CJF_3,3,4,NAR,NA,1.1770648139739064
NAR071918026,R-NAR071918026,R,CJF_3,3,4,NAR,1,0.530020521339874
NAR071918026,R-NAR071918026,R,CJF_3,3,4,NAR,2,0.7300125650020917
NAR071918026,R-NAR071918026,R,CJF_3,3,4,NAR,3,0.9994990653624438
NAR071918026,R-NAR071918026,R,CJF_3,3,4,NAR,4,1.1039713268839682
NAR071918027,R-NAR071918027,R,CJF_1,1,8,NAR,NA,1.1159568811098162
NAR071918027,R-NAR071918027,R,CJF_1,1,8,NAR,1,0.41596076030112694
NAR071918027,R-NAR071918027,R,CJF_1,1,8,NAR,2,0.5342020426038057
NAR071918027,R-NAR071918027,R,CJF_1,1,8,NAR,3,0.6562542794502962
NAR071918027,R-NAR071918027,R,CJF_1,1,8,NAR,4,0.7579869737586546
NAR071918027,R-NAR071918027,R,CJF_1,1,8,NAR,5,0.8554871235835108
NAR071918027,R-NAR071918027,R,CJF_1,1,8,NAR,6,0.9215214755607913
NAR071918027,R-NAR071918027,R,CJF_1,1,8,NAR,7,0.981207010812817
NAR071918027,R-NAR071918027,R,CJF_1,1,8,NAR,8,1.0547199677167254
NAR071918027,R-NAR071918027,R,CJF_2,2,8,NAR,NA,1.1335118593488327
NAR071918027,R-NAR071918027,R,CJF_2,2,8,NAR,1,0.41135560592810755
NAR071918027,R-NAR071918027,R,CJF_2,2,8,NAR,2,0.5441141807980914
NAR071918027,R-NAR071918027,R,CJF_2,2,8,NAR,3,0.6592937504579615
NAR071918027,R-NAR071918027,R,CJF_2,2,8,NAR,4,0.7703941451591085
NAR071918027,R-NAR071918027,R,CJF_2,2,8,NAR,5,0.8785426044500356
NAR071918027,R-NAR071918027,R,CJF_2,2,8,NAR,6,0.9582817391586733
NAR071918027,R-NAR071918027,R,CJF_2,2,8,NAR,7,1.0422400318037792
NAR071918027,R-NAR071918027,R,CJF_2,2,8,NAR,8,1.0925875025103966
NAR071918027,R-NAR071918027,R,CJF_3,3,8,NAR,NA,1.0849509752257747
NAR071918027,R-NAR071918027,R,CJF_3,3,8,NAR,1,0.3954655344266041
NAR071918027,R-NAR071918027,R,CJF_3,3,8,NAR,2,0.5158080240220431
NAR071918027,R-NAR071918027,R,CJF_3,3,8,NAR,3,0.6047390795358111
NAR071918027,R-NAR071918027,R,CJF_3,3,8,NAR,4,0.718949285592112
NAR071918027,R-NAR071918027,R,CJF_3,3,8,NAR,5,0.8023270889126389
NAR071918027,R-NAR071918027,R,CJF_3,3,8,NAR,6,0.8901395919455672
NAR071918027,R-NAR071918027,R,CJF_3,3,8,NAR,7,0.9693327010156857
NAR071918027,R-NAR071918027,R,CJF_3,3,8,NAR,8,1.019640996638759
NAR071918030,R-NAR071918030,R,CJF_1,1,8,NAR,NA,1.165870882380983
NAR071918030,R-NAR071918030,R,CJF_1,1,8,NAR,1,0.4305269934267201
NAR071918030,R-NAR071918030,R,CJF_1,1,8,NAR,2,0.5908193300889242
NAR071918030,R-NAR071918030,R,CJF_1,1,8,NAR,3,0.7227754691696611
NAR071918030,R-NAR071918030,R,CJF_1,1,8,NAR,4,0.7972467642423213
NAR071918030,R-NAR071918030,R,CJF_1,1,8,NAR,5,0.8902026332800524
NAR071918030,R-NAR071918030,R,CJF_1,1,8,NAR,6,0.9839709511629292
NAR071918030,R-NAR071918030,R,CJF_1,1,8,NAR,7,1.060549705769937
NAR071918030,R-NAR071918030,R,CJF_1,1,8,NAR,8,1.1373315725882307
NAR071918030,R-NAR071918030,R,CJF_2,2,8,NAR,NA,1.197980964601726
NAR071918030,R-NAR071918030,R,CJF_2,2,8,NAR,1,0.4593266379967309
NAR071918030,R-NAR071918030,R,CJF_2,2,8,NAR,2,0.6229759118846345
NAR071918030,R-NAR071918030,R,CJF_2,2,8,NAR,3,0.7480176130834464
NAR071918030,R-NAR071918030,R,CJF_2,2,8,NAR,4,0.8371172457433309
NAR071918030,R-NAR071918030,R,CJF_2,2,8,NAR,5,0.9190861860341939
NAR071918030,R-NAR071918030,R,CJF_2,2,8,NAR,6,1.0102741094565966
NAR071918030,R-NAR071918030,R,CJF_2,2,8,NAR,7,1.087417103161323
NAR071918030,R-NAR071918030,R,CJF_2,2,8,NAR,8,1.157140797803206
NAR071918030,R-NAR071918030,R,CJF_3,3,8,NAR,NA,1.2311981208599687
NAR071918030,R-NAR071918030,R,CJF_3,3,8,NAR,1,0.4774024997139534
NAR071918030,R-NAR071918030,R,CJF_3,3,8,NAR,2,0.6518770788095489
NAR071918030,R-NAR071918030,R,CJF_3,3,8,NAR,3,0.7802772811332985
NAR071918030,R-NAR071918030,R,CJF_3,3,8,NAR,4,0.8603599314833087
NAR071918030,R-NAR071918030,R,CJF_3,3,8,NAR,5,0.952455545827987
NAR071918030,R-NAR071918030,R,CJF_3,3,8,NAR,6,1.051758938569466
NAR071918030,R-NAR071918030,R,CJF_3,3,8,NAR,7,1.1148108825308873
NAR071918030,R-NAR071918030,R,CJF_3,3,8,NAR,8,1.197136708082791
NAR071918031,R-NAR071918031,R,CJF_1,1,5,NAR,NA,1.0281158079208788
NAR071918031,R-NAR071918031,R,CJF_1,1,5,NAR,1,0.4406532592593903
NAR071918031,R-NAR071918031,R,CJF_1,1,5,NAR,2,0.6887654791843929
NAR071918031,R-NAR071918031,R,CJF_1,1,5,NAR,3,0.8210919964777271
NAR071918031,R-NAR071918031,R,CJF_1,1,5,NAR,4,0.8934548741959175
NAR071918031,R-NAR071918031,R,CJF_1,1,5,NAR,5,0.967763098940464
NAR071918031,R-NAR071918031,R,CJF_2,2,5,NAR,NA,0.9506699856186581
NAR071918031,R-NAR071918031,R,CJF_2,2,5,NAR,1,0.37207598814433684
NAR071918031,R-NAR071918031,R,CJF_2,2,5,NAR,2,0.6269514324993359
NAR071918031,R-NAR071918031,R,CJF_2,2,5,NAR,3,0.7425472891666722
NAR071918031,R-NAR071918031,R,CJF_2,2,5,NAR,4,0.8274033182620648
NAR071918031,R-NAR071918031,R,CJF_2,2,5,NAR,5,0.8978397971854066
NAR071918031,R-NAR071918031,R,CJF_3,3,5,NAR,NA,1.064300839757595
NAR071918031,R-NAR071918031,R,CJF_3,3,5,NAR,1,0.46851830071286066
NAR071918031,R-NAR071918031,R,CJF_3,3,5,NAR,2,0.7230223703229783
NAR071918031,R-NAR071918031,R,CJF_3,3,5,NAR,3,0.8474727263487902
NAR071918031,R-NAR071918031,R,CJF_3,3,5,NAR,4,0.9190334143132093
NAR071918031,R-NAR071918031,R,CJF_3,3,5,NAR,5,1.0067851562698524
NAR071918032,R-NAR071918032,R,CJF_1,1,19,NAR,NA,1.8878069371989254
NAR071918032,R-NAR071918032,R,CJF_1,1,19,NAR,1,0.3325248458796417
NAR071918032,R-NAR071918032,R,CJF_1,1,19,NAR,2,0.5090147826248913
NAR071918032,R-NAR071918032,R,CJF_1,1,19,NAR,3,0.6416606886679216
NAR071918032,R-NAR071918032,R,CJF_1,1,19,NAR,4,0.7243097134894327
NAR071918032,R-NAR071918032,R,CJF_1,1,19,NAR,5,0.81652076009872
NAR071918032,R-NAR071918032,R,CJF_1,1,19,NAR,6,0.9161070562131461
NAR071918032,R-NAR071918032,R,CJF_1,1,19,NAR,7,0.9874147532928559
NAR071918032,R-NAR071918032,R,CJF_1,1,19,NAR,8,1.0704712444429796
NAR071918032,R-NAR071918032,R,CJF_1,1,19,NAR,9,1.1531202692644902
NAR071918032,R-NAR071918032,R,CJF_1,1,19,NAR,10,1.2305808168635002
NAR071918032,R-NAR071918032,R,CJF_1,1,19,NAR,11,1.2875454812615452
NAR071918032,R-NAR071918032,R,CJF_1,1,19,NAR,12,1.4080351269055489
NAR071918032,R-NAR071918032,R,CJF_1,1,19,NAR,13,1.4454682813994284
NAR071918032,R-NAR071918032,R,CJF_1,1,19,NAR,14,1.5102156616312257
NAR071918032,R-NAR071918032,R,CJF_1,1,19,NAR,15,1.5671803260292707
NAR071918032,R-NAR071918032,R,CJF_1,1,19,NAR,16,1.625516830052728
NAR071918032,R-NAR071918032,R,CJF_1,1,19,NAR,17,1.7011980716977138
NAR071918032,R-NAR071918032,R,CJF_1,1,19,NAR,18,1.7712833697915842
NAR071918032,R-NAR071918032,R,CJF_1,1,19,NAR,19,1.8260612619069916
NAR071918032,R-NAR071918032,R,CJF_2,2,19,NAR,NA,1.965600985393438
NAR071918032,R-NAR071918032,R,CJF_2,2,19,NAR,1,0.3807055869418952
NAR071918032,R-NAR071918032,R,CJF_2,2,19,NAR,2,0.5699210638993173
NAR071918032,R-NAR071918032,R,CJF_2,2,19,NAR,3,0.7145601068190146
NAR071918032,R-NAR071918032,R,CJF_2,2,19,NAR,4,0.7957464482227041
NAR071918032,R-NAR071918032,R,CJF_2,2,19,NAR,5,0.892855220815757
NAR071918032,R-NAR071918032,R,CJF_2,2,19,NAR,6,0.9654064544399722
NAR071918032,R-NAR071918032,R,CJF_2,2,19,NAR,7,1.0588715653280807
NAR071918032,R-NAR071918032,R,CJF_2,2,19,NAR,8,1.1245988998711405
NAR071918032,R-NAR071918032,R,CJF_2,2,19,NAR,9,1.2048796369256707
NAR071918032,R-NAR071918032,R,CJF_2,2,19,NAR,10,1.2765146440465733
NAR071918032,R-NAR071918032,R,CJF_2,2,19,NAR,11,1.344516611616685
NAR071918032,R-NAR071918032,R,CJF_2,2,19,NAR,12,1.4373025192429238
NAR071918032,R-NAR071918032,R,CJF_2,2,19,NAR,13,1.5182624595593233
NAR071918032,R-NAR071918032,R,CJF_2,2,19,NAR,14,1.6083209319839302
NAR071918032,R-NAR071918032,R,CJF_2,2,19,NAR,15,1.650396331907313
NAR071918032,R-NAR071918032,R,CJF_2,2,19,NAR,16,1.6999748341737198
NAR071918032,R-NAR071918032,R,CJF_2,2,19,NAR,17,1.7684296039184115
NAR071918032,R-NAR071918032,R,CJF_2,2,19,NAR,18,1.8325615086962892
NAR071918032,R-NAR071918032,R,CJF_2,2,19,NAR,19,1.8989680465012182
NAR071918032,R-NAR071918032,R,CJF_3,3,19,NAR,NA,1.9371548353328971
NAR071918032,R-NAR071918032,R,CJF_3,3,19,NAR,1,0.3417448149931348
NAR071918032,R-NAR071918032,R,CJF_3,3,19,NAR,2,0.5293199410172691
NAR071918032,R-NAR071918032,R,CJF_3,3,19,NAR,3,0.6494833910169376
NAR071918032,R-NAR071918032,R,CJF_3,3,19,NAR,4,0.7689258541822871
NAR071918032,R-NAR071918032,R,CJF_3,3,19,NAR,5,0.8744293612372228
NAR071918032,R-NAR071918032,R,CJF_3,3,19,NAR,6,0.9551791914579058
NAR071918032,R-NAR071918032,R,CJF_3,3,19,NAR,7,1.0316031415681484
NAR071918032,R-NAR071918032,R,CJF_3,3,19,NAR,8,1.1199232722059709
NAR071918032,R-NAR071918032,R,CJF_3,3,19,NAR,9,1.204998982537095
NAR071918032,R-NAR071918032,R,CJF_3,3,19,NAR,10,1.2821439194816557
NAR071918032,R-NAR071918032,R,CJF_3,3,19,NAR,11,1.3560444361195183
NAR071918032,R-NAR071918032,R,CJF_3,3,19,NAR,12,1.4532566559229951
NAR071918032,R-NAR071918032,R,CJF_3,3,19,NAR,13,1.5028841536161515
NAR071918032,R-NAR071918032,R,CJF_3,3,19,NAR,14,1.5745015657264065
NAR071918032,R-NAR071918032,R,CJF_3,3,19,NAR,15,1.6316993638367023
NAR071918032,R-NAR071918032,R,CJF_3,3,19,NAR,16,1.691420595419377
NAR071918032,R-NAR071918032,R,CJF_3,3,19,NAR,17,1.7632783364744056
NAR071918032,R-NAR071918032,R,CJF_3,3,19,NAR,18,1.8366981952227217
NAR071918032,R-NAR071918032,R,CJF_3,3,19,NAR,19,1.8804376951121478
NAR071918033,R-NAR071918033,R,CJF_1,1,17,NAR,NA,1.9756847879964223
NAR071918033,R-NAR071918033,R,CJF_1,1,17,NAR,1,0.4582083259177063
NAR071918033,R-NAR071918033,R,CJF_1,1,17,NAR,2,0.5993493050460135
NAR071918033,R-NAR071918033,R,CJF_1,1,17,NAR,3,0.7444635655539507
NAR071918033,R-NAR071918033,R,CJF_1,1,17,NAR,4,0.8820787048161565
NAR071918033,R-NAR071918033,R,CJF_1,1,17,NAR,5,0.9587011616139306
NAR071918033,R-NAR071918033,R,CJF_1,1,17,NAR,6,1.0388494582778058
NAR071918033,R-NAR071918033,R,CJF_1,1,17,NAR,7,1.11357731954994
NAR071918033,R-NAR071918033,R,CJF_1,1,17,NAR,8,1.1937256162138155
NAR071918033,R-NAR071918033,R,CJF_1,1,17,NAR,9,1.3409185625757432
NAR071918033,R-NAR071918033,R,CJF_1,1,17,NAR,10,1.4608252416506156
NAR071918033,R-NAR071918033,R,CJF_1,1,17,NAR,11,1.528501423190548
NAR071918033,R-NAR071918033,R,CJF_1,1,17,NAR,12,1.6032292844626825
NAR071918033,R-NAR071918033,R,CJF_1,1,17,NAR,13,1.6934028297398083
NAR071918033,R-NAR071918033,R,CJF_1,1,17,NAR,14,1.7373185838587872
NAR071918033,R-NAR071918033,R,CJF_1,1,17,NAR,15,1.7908121450774874
NAR071918033,R-NAR071918033,R,CJF_1,1,17,NAR,16,1.8551465770796698
NAR071918033,R-NAR071918033,R,CJF_1,1,17,NAR,17,1.912613419678
NAR071918033,R-NAR071918033,R,CJF_2,2,16,NAR,NA,1.954197585041111
NAR071918033,R-NAR071918033,R,CJF_2,2,16,NAR,1,0.4593849521112243
NAR071918033,R-NAR071918033,R,CJF_2,2,16,NAR,2,0.6150256524404318
NAR071918033,R-NAR071918033,R,CJF_2,2,16,NAR,3,0.7590696348522687
NAR071918033,R-NAR071918033,R,CJF_2,2,16,NAR,4,0.8676328660894951
NAR071918033,R-NAR071918033,R,CJF_2,2,16,NAR,5,0.952578465949298
NAR071918033,R-NAR071918033,R,CJF_2,2,16,NAR,6,1.030544313415288
NAR071918033,R-NAR071918033,R,CJF_2,2,16,NAR,7,1.121912269186318
NAR071918033,R-NAR071918033,R,CJF_2,2,16,NAR,8,1.2089542540365614
NAR071918033,R-NAR071918033,R,CJF_2,2,16,NAR,9,1.3333069731720388
NAR071918033,R-NAR071918033,R,CJF_2,2,16,NAR,10,1.4482925603204913
NAR071918033,R-NAR071918033,R,CJF_2,2,16,NAR,11,1.534910349628055
NAR071918033,R-NAR071918033,R,CJF_2,2,16,NAR,12,1.6362028338686965
NAR071918033,R-NAR071918033,R,CJF_2,2,16,NAR,13,1.6894362569920898
NAR071918033,R-NAR071918033,R,CJF_2,2,16,NAR,14,1.7764782418423328
NAR071918033,R-NAR071918033,R,CJF_2,2,16,NAR,15,1.8492697273021774
NAR071918033,R-NAR071918033,R,CJF_2,2,16,NAR,16,1.895099202489078
NAR071918033,R-NAR071918033,R,CJF_3,3,19,NAR,NA,1.98935485089903
NAR071918033,R-NAR071918033,R,CJF_3,3,19,NAR,1,0.4756908005836213
NAR071918033,R-NAR071918033,R,CJF_3,3,19,NAR,2,0.6250145088006547
NAR071918033,R-NAR071918033,R,CJF_3,3,19,NAR,3,0.7531093380044278
NAR071918033,R-NAR071918033,R,CJF_3,3,19,NAR,4,0.8982178037226305
NAR071918033,R-NAR071918033,R,CJF_3,3,19,NAR,5,0.9784713218870158
NAR071918033,R-NAR071918033,R,CJF_3,3,19,NAR,6,1.0566019521500756
NAR071918033,R-NAR071918033,R,CJF_3,3,19,NAR,7,1.1480082651223777
NAR071918033,R-NAR071918033,R,CJF_3,3,19,NAR,8,1.2383684007959275
NAR071918033,R-NAR071918033,R,CJF_3,3,19,NAR,9,1.3701706505010658
NAR071918033,R-NAR071918033,R,CJF_3,3,19,NAR,10,1.4812518431904103
NAR071918033,R-NAR071918033,R,CJF_3,3,19,NAR,11,1.5498142112455922
NAR071918033,R-NAR071918033,R,CJF_3,3,19,NAR,12,1.6242374210072863
NAR071918033,R-NAR071918033,R,CJF_3,3,19,NAR,13,1.6784473957506523
NAR071918033,R-NAR071918033,R,CJF_3,3,19,NAR,14,1.7299961272914048
NAR071918033,R-NAR071918033,R,CJF_3,3,19,NAR,15,1.8054655143518523
NAR071918033,R-NAR071918033,R,CJF_3,3,19,NAR,16,1.841077319980749
NAR071918033,R-NAR071918033,R,CJF_3,3,19,NAR,17,1.8830577893136244
NAR071918033,R-NAR071918033,R,CJF_3,3,19,NAR,18,1.9091013327346444
NAR071918033,R-NAR071918033,R,CJF_3,3,19,NAR,19,1.9425902504622155
NAR071918034,R-NAR071918034,R,CJF_1,1,10,NAR,NA,1.5444178803215562
NAR071918034,R-NAR071918034,R,CJF_1,1,10,NAR,1,0.5551541748801878
NAR071918034,R-NAR071918034,R,CJF_1,1,10,NAR,2,0.7510108327455856
NAR071918034,R-NAR071918034,R,CJF_1,1,10,NAR,3,0.8738347579913428
NAR071918034,R-NAR071918034,R,CJF_1,1,10,NAR,4,1.0015099642499228
NAR071918034,R-NAR071918034,R,CJF_1,1,10,NAR,5,1.0849679332156301
NAR071918034,R-NAR071918034,R,CJF_1,1,10,NAR,6,1.161475744617293
NAR071918034,R-NAR071918034,R,CJF_1,1,10,NAR,7,1.2668407928814622
NAR071918034,R-NAR071918034,R,CJF_1,1,10,NAR,8,1.3686890208278706
NAR071918034,R-NAR071918034,R,CJF_1,1,10,NAR,9,1.4351329330436773
NAR071918034,R-NAR071918034,R,CJF_1,1,10,NAR,10,1.4906650471459917
NAR071918034,R-NAR071918034,R,CJF_2,2,12,NAR,NA,1.5846133045294777
NAR071918034,R-NAR071918034,R,CJF_2,2,12,NAR,1,0.6021111860129547
NAR071918034,R-NAR071918034,R,CJF_2,2,12,NAR,2,0.7905973901380315
NAR071918034,R-NAR071918034,R,CJF_2,2,12,NAR,3,0.904544781435871
NAR071918034,R-NAR071918034,R,CJF_2,2,12,NAR,4,0.9974098810819706
NAR071918034,R-NAR071918034,R,CJF_2,2,12,NAR,5,1.0799487898673377
NAR071918034,R-NAR071918034,R,CJF_2,2,12,NAR,6,1.1829074708839091
NAR071918034,R-NAR071918034,R,CJF_2,2,12,NAR,7,1.262457765346138
NAR071918034,R-NAR071918034,R,CJF_2,2,12,NAR,8,1.3092392294045778
NAR071918034,R-NAR071918034,R,CJF_2,2,12,NAR,9,1.3512065122680426
NAR071918034,R-NAR071918034,R,CJF_2,2,12,NAR,10,1.4218262728111009
NAR071918034,R-NAR071918034,R,CJF_2,2,12,NAR,11,1.4782360992594918
NAR071918034,R-NAR071918034,R,CJF_2,2,12,NAR,12,1.538297059451558
NAR071918034,R-NAR071918034,R,CJF_3,3,12,NAR,NA,1.6529920634532405
NAR071918034,R-NAR071918034,R,CJF_3,3,12,NAR,1,0.6398842402808192
NAR071918034,R-NAR071918034,R,CJF_3,3,12,NAR,2,0.8321875535852652
NAR071918034,R-NAR071918034,R,CJF_3,3,12,NAR,3,0.9604825140176418
NAR071918034,R-NAR071918034,R,CJF_3,3,12,NAR,4,1.041023495158367
NAR071918034,R-NAR071918034,R,CJF_3,3,12,NAR,5,1.1014479143051494
NAR071918034,R-NAR071918034,R,CJF_3,3,12,NAR,6,1.2102575552850117
NAR071918034,R-NAR071918034,R,CJF_3,3,12,NAR,7,1.309652613336823
NAR071918034,R-NAR071918034,R,CJF_3,3,12,NAR,8,1.3476639329022169
NAR071918034,R-NAR071918034,R,CJF_3,3,12,NAR,9,1.4071041216543798
NAR071918034,R-NAR071918034,R,CJF_3,3,12,NAR,10,1.4522583976153631
NAR071918034,R-NAR071918034,R,CJF_3,3,12,NAR,11,1.4977407503745535
NAR071918034,R-NAR071918034,R,CJF_3,3,12,NAR,12,1.5734104016521497
NAR071918035,R-NAR071918035,R,CJF_1,1,2,NAR,NA,0.7652162786780177
NAR071918035,R-NAR071918035,R,CJF_1,1,2,NAR,1,0.4253810642386253
NAR071918035,R-NAR071918035,R,CJF_1,1,2,NAR,2,0.6795403386547765
NAR071918035,R-NAR071918035,R,CJF_2,2,2,NAR,NA,0.7719692351731604
NAR071918035,R-NAR071918035,R,CJF_2,2,2,NAR,1,0.4363506768457405
NAR071918035,R-NAR071918035,R,CJF_2,2,2,NAR,2,0.6759668827932697
NAR071918035,R-NAR071918035,R,CJF_3,3,2,NAR,NA,0.8382612964663767
NAR071918035,R-NAR071918035,R,CJF_3,3,2,NAR,1,0.48685961176834697
NAR071918035,R-NAR071918035,R,CJF_3,3,2,NAR,2,0.748407398377642
NAR071918036,R-NAR071918036,R,CJF_1,1,7,NAR,NA,1.147887707292063
NAR071918036,R-NAR071918036,R,CJF_1,1,7,NAR,1,0.42262459004962283
NAR071918036,R-NAR071918036,R,CJF_1,1,7,NAR,2,0.6356982256609156
NAR071918036,R-NAR071918036,R,CJF_1,1,7,NAR,3,0.7325270715416268
NAR071918036,R-NAR071918036,R,CJF_1,1,7,NAR,4,0.8316279207292954
NAR071918036,R-NAR071918036,R,CJF_1,1,7,NAR,5,0.9191501614289163
NAR071918036,R-NAR071918036,R,CJF_1,1,7,NAR,6,1.0172296851756333
NAR071918036,R-NAR071918036,R,CJF_1,1,7,NAR,7,1.0898799886392991
NAR071918036,R-NAR071918036,R,CJF_2,2,7,NAR,NA,1.256346757916552
NAR071918036,R-NAR071918036,R,CJF_2,2,7,NAR,1,0.49690695211492064
NAR071918036,R-NAR071918036,R,CJF_2,2,7,NAR,2,0.748673323386784
NAR071918036,R-NAR071918036,R,CJF_2,2,7,NAR,3,0.8265098920041767
NAR071918036,R-NAR071918036,R,CJF_2,2,7,NAR,4,0.9342583982350556
NAR071918036,R-NAR071918036,R,CJF_2,2,7,NAR,5,1.016382042056048
NAR071918036,R-NAR071918036,R,CJF_2,2,7,NAR,6,1.131596334088836
NAR071918036,R-NAR071918036,R,CJF_2,2,7,NAR,7,1.2318058629090283
NAR071918036,R-NAR071918036,R,CJF_3,3,8,NAR,NA,1.3109800695248996
NAR071918036,R-NAR071918036,R,CJF_3,3,8,NAR,1,0.5221593077822165
NAR071918036,R-NAR071918036,R,CJF_3,3,8,NAR,2,0.6880664992425176
NAR071918036,R-NAR071918036,R,CJF_3,3,8,NAR,3,0.8133157844262356
NAR071918036,R-NAR071918036,R,CJF_3,3,8,NAR,4,0.871745712831714
NAR071918036,R-NAR071918036,R,CJF_3,3,8,NAR,5,0.9883429559762682
NAR071918036,R-NAR071918036,R,CJF_3,3,8,NAR,6,1.0597509474404931
NAR071918036,R-NAR071918036,R,CJF_3,3,8,NAR,7,1.1717595558990619
NAR071918036,R-NAR071918036,R,CJF_3,3,8,NAR,8,1.261464796824989
